Назва,Вид,Місто,Сайт,Пошта (Email)
"Початковий","Готель / Гостиниця","Україна","",""
"Черная лошадь","Готель / Гостиниця","Україна","",""
"Дельфин","Готель / Гостиниця","Україна","",""
"Оксамит","Готель / Гостиниця","Україна","https://oksamit-resort.com.ua/","oksamit.resort@gmail.com"
"База відпочинку ""Ярина""","Готель / Гостиниця","Україна","",""
"Ева","Готель / Гостиниця","Україна","",""
"Ярослав","Готель / Гостиниця","Україна","",""
"Арт-Отель","Готель / Гостиниця","Україна","",""
"Unnamed hotels","Готель / Гостиниця","Україна","",""
"Академія","Готель / Гостиниця","Україна","","info@academiа.dp.uа"
"Супутник","Готель / Гостиниця","Україна","",""
"Буковина","Готель / Гостиниця","Україна","https://bukovyna-hotel.com/","info@bukovyna-hotel.com"
"Знання","Готель / Гостиниця","Україна","",""
"Лев","Готель / Гостиниця","Україна","",""
"Карпати","Готель / Гостиниця","Україна","",""
"Гомін Прута","Готель / Гостиниця","Україна","",""
"Ярсон","Готель / Гостиниця","Україна","",""
"Первоцвіт","Готель / Гостиниця","Україна","",""
"Замок","Готель / Гостиниця","Україна","",""
"Мрія","Готель / Гостиниця","Україна","",""
"Лісова казка","Готель / Гостиниця","Україна","",""
"София","Готель / Гостиниця","Україна","","licom@list.ru"
"RANDEVU","Готель / Гостиниця","Україна","",""
"Лидия","Готель / Гостиниця","Україна","",""
"Теремок","Готель / Гостиниця","Україна","",""
"Шахтар","Готель / Гостиниця","Україна","",""
"Мотель","Готель / Гостиниця","Україна","",""
"Пансионат ""Крошка Енот""","Готель / Гостиниця","Україна","",""
"Kodak Sudak","Готель / Гостиниця","Україна","",""
"Форум","Готель / Гостиниця","Україна","",""
"Royal","Готель / Гостиниця","Україна","",""
"Mare Nero","Готель / Гостиниця","Україна","",""
"Ярд","Готель / Гостиниця","Україна","https://hotelyard.com/","hotelyard@bk.ru"
"База відпочинку ""Плай""","Готель / Гостиниця","Україна","",""
"Колиба","Готель / Гостиниця","Україна","",""
"Голосіївський","Готель / Гостиниця","Україна","http://hotelgolos.kiev.ua/",""
"Лани","Готель / Гостиниця","Україна","",""
"Кльове місце","Готель / Гостиниця","Україна","",""
"Kiev Lodging Hostel","Готель / Гостиниця","Україна","",""
"Sun Hostel","Готель / Гостиниця","Україна","",""
"""Турист""","Готель / Гостиниця","Україна","",""
"Фортеця","Готель / Гостиниця","Україна","",""
"Гірськовий ручій","Готель / Гостиниця","Україна","",""
"Salve Hostel","Готель / Гостиниця","Україна","http://salvekiev.com",""
"Спортивная","Готель / Гостиниця","Україна","",""
"Захар Беркут","Готель / Гостиниця","Україна","https://zaharberkut.ua/hotel/","hotel@zaharberkut.net"
"Attache Hotel","Готель / Гостиниця","Україна","",""
"Джерело","Готель / Гостиниця","Україна","",""
"Центральний","Готель / Гостиниця","Україна","",""
"Гостинний двір","Готель / Гостиниця","Україна","",""
"Версаль","Готель / Гостиниця","Україна","http://hotel-versal.com/",""
"Феріде","Готель / Гостиниця","Україна","",""
"Вінниця","Готель / Гостиниця","Україна","",""
"Товмед","Готель / Гостиниця","Україна","",""
"Ритм","Готель / Гостиниця","Україна","",""
"Жовтневий","Готель / Гостиниця","Україна","",""
"Козацький стан","Готель / Гостиниця","Україна","",""
"Victoria Hotel","Готель / Гостиниця","Україна","",""
"Україна","Готель / Гостиниця","Україна","",""
"""Yes!""","Готель / Гостиниця","Україна","",""
"Мир","Готель / Гостиниця","Україна","http://www.hotelmir.kiev.ua/","info@hotelmir.kiev.ua"
"Славутчанка","Готель / Гостиниця","Україна","",""
"Калина","Готель / Гостиниця","Україна","",""
"Здоров'я","Готель / Гостиниця","Україна","",""
"Рута","Готель / Гостиниця","Україна","",""
"Експрес","Готель / Гостиниця","Україна","",""
"Садиба","Готель / Гостиниця","Україна","",""
"Степ","Готель / Гостиниця","Україна","",""
"НЛО","Готель / Гостиниця","Україна","",""
"Санаторий «Солнечный»","Готель / Гостиниця","Україна","",""
"Сан. Мисхор","Готель / Гостиниця","Україна","",""
"Горянин","Готель / Гостиниця","Україна","",""
"Виноробня Курінь","Готель / Гостиниця","Україна","",""
"База відпочинку ""Сонячна""","Готель / Гостиниця","Україна","",""
"Феофанія","Готель / Гостиниця","Україна","",""
"Подільський двір","Готель / Гостиниця","Україна","",""
"Предслава","Готель / Гостиниця","Україна","",""
"ТОК ""Таврия""","Готель / Гостиниця","Україна","",""
"Кедем","Готель / Гостиниця","Україна","",""
"Добродій","Готель / Гостиниця","Україна","",""
"Ноєв Ковчег","Готель / Гостиниця","Україна","",""
"Вітряк","Готель / Гостиниця","Україна","",""
"Щедра Пані","Готель / Гостиниця","Україна","",""
"Орлиное гнездо","Готель / Гостиниця","Україна","",""
"Афалина","Готель / Гостиниця","Україна","",""
"Веста","Готель / Гостиниця","Україна","",""
"Дружба","Готель / Гостиниця","Україна","",""
"Sakhalin","Готель / Гостиниця","Україна","",""
"Перлина","Готель / Гостиниця","Україна","",""
"Карпатія","Готель / Гостиниця","Україна","",""
"Мараморош","Готель / Гостиниця","Україна","",""
"Плюс","Готель / Гостиниця","Україна","",""
"Панама","Готель / Гостиниця","Україна","",""
"Ірпінь","Готель / Гостиниця","Україна","",""
"Краматорськ","Готель / Гостиниця","Україна","http://kramhotel.dn.ua",""
"Ірина","Готель / Гостиниця","Україна","",""
"Два оленя","Готель / Гостиниця","Україна","",""
"Ювілейний","Готель / Гостиниця","Україна","",""
"Хуторок","Готель / Гостиниця","Україна","",""
"Квітка полонини","Готель / Гостиниця","Україна","",""
"Вілла Квітка","Готель / Гостиниця","Україна","http://villa-kvitka.com.ua/ua/",""
"Kiev Central Station Hostel","Готель / Гостиниця","Україна","",""
"Аромацентр","Готель / Гостиниця","Україна","",""
"Симферополь","Готель / Гостиниця","Україна","",""
"Турбаза Ай-Петри","Готель / Гостиниця","Україна","",""
"Меридиан","Готель / Гостиниця","Україна","",""
"Індустрія","Готель / Гостиниця","Україна","",""
"У Тролля","Готель / Гостиниця","Україна","",""
"Донбасс","Готель / Гостиниця","Україна","",""
"Hotel 5 звезд","Готель / Гостиниця","Україна","",""
"Пролисок","Готель / Гостиниця","Україна","",""
"Весна","Готель / Гостиниця","Україна","",""
"Чайка","Готель / Гостиниця","Україна","",""
"Вогник","Готель / Гостиниця","Україна","",""
"Голубой залив","Готель / Гостиниця","Україна","",""
"Рассвет","Готель / Гостиниця","Україна","",""
"Росинка","Готель / Гостиниця","Україна","",""
"Соїча","Готель / Гостиниця","Україна","",""
"Хвойна","Готель / Гостиниця","Україна","",""
"Аква","Готель / Гостиниця","Україна","",""
"ФТИНТ","Готель / Гостиниця","Україна","",""
"Соснова","Готель / Гостиниця","Україна","",""
"Срібний бір","Готель / Гостиниця","Україна","",""
"Бурштинова","Готель / Гостиниця","Україна","",""
"УТОС","Готель / Гостиниця","Україна","",""
"Коммунальник","Готель / Гостиниця","Україна","",""
"Парус-Макси","Готель / Гостиниця","Україна","",""
"Аерофлот","Готель / Гостиниця","Україна","",""
"Енергетик","Готель / Гостиниця","Україна","",""
"Інтурист","Готель / Гостиниця","Україна","",""
"Ахтамар","Готель / Гостиниця","Україна","",""
"Катерина","Готель / Гостиниця","Україна","",""
"Європа","Готель / Гостиниця","Україна","",""
"Victoria","Готель / Гостиниця","Україна","www.viktoria-hotel.com","info@viktoria-hotel.com"
"Европейская","Готель / Гостиниця","Україна","",""
"Чигирин","Готель / Гостиниця","Україна","",""
"Хьюз","Готель / Гостиниця","Україна","",""
"Рибалка","Готель / Гостиниця","Україна","",""
"Алмаз","Готель / Гостиниця","Україна","",""
"Malibu","Готель / Гостиниця","Україна","",""
"Готель ""Поділля""","Готель / Гостиниця","Україна","http://podolye-hotel.org.ua/",""
"Санаторий ""Континент""","Готель / Гостиниця","Україна","",""
"Корона","Готель / Гостиниця","Україна","",""
"Санаторий ""Приморский""","Готель / Гостиниця","Україна","",""
"Су-Мис","Готель / Гостиниця","Україна","",""
"Піраміда","Готель / Гостиниця","Україна","",""
"Наталі","Готель / Гостиниця","Україна","","motel.natali.ua@gmail.com"
"Reikartz Карпати","Готель / Гостиниця","Україна","https://reikartz.com/uk/hotels/carpathian",""
"Крым","Готель / Гостиниця","Евпатория","",""
"база отдыха ""Дружба""","Готель / Гостиниця","Україна","",""
"Круиз","Готель / Гостиниця","Україна","",""
"TUGAN-DVIR","Готель / Гостиниця","Україна","TUGAN-DVIR.COM",""
"база отдыха ""Фламинго""","Готель / Гостиниця","Україна","",""
"ABTOCBIT","Готель / Гостиниця","Україна","",""
"Профспілковий","Готель / Гостиниця","Україна","",""
"Кумовци","Готель / Гостиниця","Україна","",""
"Меджибізький замок","Готель / Гостиниця","Україна","",""
"Кардинал","Готель / Гостиниця","Затока","",""
"Білий Камінь","Готель / Гостиниця","Україна","",""
"""Номера""","Готель / Гостиниця","Україна","",""
"Смела","Готель / Гостиниця","Україна","",""
"ТОК ""Судак""","Готель / Гостиниця","Україна","",""
"Алые Паруса","Готель / Гостиниця","Україна","",""
"Атлантик","Готель / Гостиниця","Україна","",""
"Пансионат ""Навигатор""","Готель / Гостиниця","Україна","",""
"Березино","Готель / Гостиниця","Україна","",""
"SV Park Hotel","Готель / Гостиниця","Україна","",""
"Колыбель Коктебеля","Готель / Гостиниця","Україна","",""
"Солнечный","Готель / Гостиниця","Україна","",""
"Пансионат Надежда","Готель / Гостиниця","Україна","",""
"Майамі","Готель / Гостиниця","Україна","",""
"Резон","Готель / Гостиниця","Україна","",""
"VIVA","Готель / Гостиниця","Україна","https://hotel-viva.com.ua/","info@hotel-viva.com.ua"
"Дубовая роща","Готель / Гостиниця","Україна","",""
"Катюша","Готель / Гостиниця","Україна","",""
"Зірка","Готель / Гостиниця","Україна","",""
"Villa Voyage","Готель / Гостиниця","Україна","",""
"Арго","Готель / Гостиниця","Україна","",""
"Аркадия","Готель / Гостиниця","Україна","",""
"Голивуд","Готель / Гостиниця","Україна","",""
"Лотус","Готель / Гостиниця","Україна","https://hotel-lotus.com/",""
"Мечта","Готель / Гостиниця","Україна","https://hotel-mechta.com/",""
"Санта Барбара","Готель / Гостиниця","Україна","",""
"Вояж мотель і бар","Готель / Гостиниця","Україна","",""
"Бульварная Горка","Готель / Гостиниця","Україна","",""
"Феодосия","Готель / Гостиниця","Україна","https://feo-hotel.com/","feodosiahotel@yandex.ru"
"Турбаза Золотой Пляж","Готель / Гостиниця","Україна","",""
"Дельта","Готель / Гостиниця","Україна","","delta.cv.ua@gmail.ru"
"Прем'єр-Клуб","Готель / Гостиниця","Україна","",""
"Преміум","Готель / Гостиниця","Україна","www.hotel-premium.cv.ua","hotel-premium@mail.ru"
"Ганц","Готель / Гостиниця","Україна","",""
"Готель «Коломия»","Готель / Гостиниця","Коломия","","hotel@kolomiya.com.ua"
"Екран","Готель / Гостиниця","Україна","",""
"Герольд","Готель / Гостиниця","Україна","",""
"Готель ""Зоря""","Готель / Гостиниця","Україна","",""
"Кремінна","Готель / Гостиниця","Україна","",""
"Cosmopolit","Готель / Гостиниця","Україна","",""
"Готель","Готель / Гостиниця","Україна","",""
"Парк","Готель / Гостиниця","Україна","https://parkhotel.kiev.ua/","info@parkhotel.kiev.ua"
"Водограй","Готель / Гостиниця","Україна","",""
"Сапфір","Готель / Гостиниця","Україна","",""
"Дарницький","Готель / Гостиниця","Україна","",""
"Віват","Готель / Гостиниця","Україна","https://hotelvivat.te.ua","email@hotelvivat.te.ua; vivatmotel@gmail.com"
"Старі Заліщики","Готель / Гостиниця","Україна","",""
"Боровичок","Готель / Гостиниця","Україна","",""
"Профспілка","Готель / Гостиниця","Україна","",""
"Південний","Готель / Гостиниця","Україна","",""
"Оболонь","Готель / Гостиниця","Затока","",""
"Motel","Готель / Гостиниця","Україна","",""
"Park Hotel","Готель / Гостиниця","Україна","",""
"Готель Березівка","Готель / Гостиниця","Україна","",""
"Хортиця","Готель / Гостиниця","Україна","",""
"Едем","Готель / Гостиниця","Україна","",""
"Старе місто","Готель / Гостиниця","Україна","",""
"Optima","Готель / Гостиниця","Україна","",""
"Art Lounge Hostel","Готель / Гостиниця","Україна","",""
"Готельний комплекс „Замок Рода”","Готель / Гостиниця","Україна","https://zamokroda.blogspot.com/","zamokroda@ukr.net"
"У Наталії","Готель / Гостиниця","Татарів","",""
"Статус","Готель / Гостиниця","Україна","https://status-hotel.com.ua/","statushotel2015@gmail.com"
"У Кота","Готель / Гостиниця","Україна","",""
"Велика ведмедиця","Готель / Гостиниця","Україна","",""
"Вотавілю","Готель / Гостиниця","Україна","",""
"Зорепад","Готель / Гостиниця","Україна","",""
"Крокус","Готель / Гостиниця","Україна","",""
"Маріка","Готель / Гостиниця","Україна","",""
"Полонина","Готель / Гостиниця","Україна","",""
"Смерекова хата","Готель / Гостиниця","Україна","",""
"Трембіта","Готель / Гостиниця","Україна","",""
"Хата магната","Готель / Гостиниця","Україна","",""
"12 місяців","Готель / Гостиниця","Україна","",""
"Mini Hostel Kiev","Готель / Гостиниця","Україна","http://www.minihostelkiev.com",""
"Хімік","Готель / Гостиниця","Україна","",""
"Благодать","Готель / Гостиниця","Україна","",""
"Онейро","Готель / Гостиниця","Україна","",""
"Жасмін","Готель / Гостиниця","Україна","",""
"Журе","Готель / Гостиниця","Україна","",""
"Лідія","Готель / Гостиниця","Україна","",""
"Шинок","Готель / Гостиниця","Україна","",""
"Соламія","Готель / Гостиниця","Україна","",""
"У Олега","Готель / Гостиниця","Україна","","info@u-olega.com.ua"
"4P","Готель / Гостиниця","Україна","",""
"Кілікія","Готель / Гостиниця","Україна","",""
"Гузель","Готель / Гостиниця","Україна","",""
"Монастирська","Готель / Гостиниця","Україна","",""
"Явір","Готель / Гостиниця","Україна","","hotel@yavir2000.com"
"Електрон","Готель / Гостиниця","Україна","","andom@i.ua"
"Готель Тиса","Готель / Гостиниця","Україна","",""
"TES Hotel","Готель / Гостиниця","Україна","",""
"Самоцветы","Готель / Гостиниця","Україна","","leto-v-samosvety@yandex.ru"
"Ясіня","Готель / Гостиниця","Україна","",""
"Меридіан","Готель / Гостиниця","Україна","",""
"Нарт","Готель / Гостиниця","Україна","",""
"Sobaka Hostel","Готель / Гостиниця","Україна","https://www.sobakahostel.com/",""
"Серпанок","Готель / Гостиниця","Україна","",""
"Прага","Готель / Гостиниця","Україна","https://www.hotel-praha.com.ua/","reservation@hotel-praha.com.ua"
"Старий Хутір","Готель / Гостиниця","Україна","",""
"Фільварок","Готель / Гостиниця","Україна","",""
"Монарх","Готель / Гостиниця","Україна","",""
"Берізка","Готель / Гостиниця","Україна","",""
"Ранчо ""Стара підкова""","Готель / Гостиниця","Україна","https://www.doroga.ua/Pages/RestaurantDetails.aspx?CatalogRestaurantID=932",""
"Кайзер","Готель / Гостиниця","Україна","www.kaiser-hotel.com.ua",""
"Магiя","Готель / Гостиниця","Україна","",""
"Пансионат военсовхоза «Азовский»","Готель / Гостиниця","Україна","",""
"""Акація""","Готель / Гостиниця","Україна","",""
"Тарас Бульба","Готель / Гостиниця","Україна","",""
"Зорі Карпат","Готель / Гостиниця","Україна","",""
"Богатир","Готель / Гостиниця","Україна","",""
"Гетьман","Готель / Гостиниця","Україна","",""
"Окей","Готель / Гостиниця","Україна","www.okey-motel.com.ua",""
"Автопорт","Готель / Гостиниця","Україна","",""
"Троя","Готель / Гостиниця","Україна","",""
"Пальмира","Готель / Гостиниця","Україна","",""
"Вілла ДОР","Готель / Гостиниця","Поляниця","","galina_rotaru@mail.ru"
"Maidan Palace Hotel","Готель / Гостиниця","Україна","https://www.maidanpalace-hotel.com/",""
"Арт готель Пальма","Готель / Гостиниця","Україна","http://palmahotel.lviv.ua/ru/",""
"Магура. Гостинний двір","Готель / Гостиниця","Україна","",""
"Готель ""Піги""","Готель / Гостиниця","Україна","",""
"База відпочинку Караван","Готель / Гостиниця","Україна","",""
"Готель-ресторан ""Європа""","Готель / Гостиниця","Україна","",""
"Море","Готель / Гостиниця","Україна","",""
"Вікторія","Готель / Гостиниця","Україна","",""
"Парк Хостел","Готель / Гостиниця","Україна","",""
"Reiss","Готель / Гостиниця","Україна","",""
"Ліана","Готель / Гостиниця","Україна","",""
"Киви","Готель / Гостиниця","Україна","",""
"Едуард","Готель / Гостиниця","Україна","","info@eduard.com.ua"
"Мотель-Сауна","Готель / Гостиниця","Україна","",""
"Ай-фока","Готель / Гостиниця","Україна","",""
"Мисливська Садиба","Готель / Гостиниця","Україна","",""
"Турбаза Полонина","Готель / Гостиниця","Україна","",""
"У Аніти","Готель / Гостиниця","Україна","",""
"Эльмаз","Готель / Гостиниця","Україна","",""
"Білі Роси","Готель / Гостиниця","Україна","",""
"Волна","Готель / Гостиниця","Україна","",""
"Золотой Якорь","Готель / Гостиниця","Україна","",""
"Золотий колос","Готель / Гостиниця","Україна","",""
"Лаванда","Готель / Гостиниця","Україна","",""
"Лагуна","Готель / Гостиниця","Україна","",""
"Лілія","Готель / Гостиниця","Україна","",""
"Луч","Готель / Гостиниця","Україна","",""
"Меркурий","Готель / Гостиниця","Україна","",""
"Овен","Готель / Гостиниця","Україна","",""
"Панама City","Готель / Гостиниця","Україна","",""
"Полет","Готель / Гостиниця","Україна","",""
"Ричард","Готель / Гостиниця","Україна","",""
"Ромашка","Готель / Гостиниця","Україна","",""
"Унава","Готель / Гостиниця","Україна","",""
"Югама","Готель / Гостиниця","Україна","",""
"Hotel","Готель / Гостиниця","Україна","",""
"Артур","Готель / Гостиниця","Україна","",""
"Ассоль","Готель / Гостиниця","Україна","",""
"Гранд Астория","Готель / Гостиниця","Україна","",""
"Аврора","Готель / Гостиниця","Україна","",""
"Bastion","Готель / Гостиниця","Україна","",""
"Belbek Lux","Готель / Гостиниця","Україна","",""
"Фламинго","Готель / Гостиниця","Україна","",""
"Херсонес","Готель / Гостиниця","Україна","",""
"Яхт-клуб","Готель / Гостиниця","Україна","",""
"Южный берег","Готель / Гостиниця","Україна","",""
"Качинская","Готель / Гостиниця","Україна","","info@качинская.рф"
"Мирный","Готель / Гостиниця","Україна","",""
"Мыс","Готель / Гостиниця","Україна","",""
"Никита","Готель / Гостиниця","Україна","",""
"Park-Royal","Готель / Гостиниця","Україна","",""
"Отель Серсиаль","Готель / Гостиниця","Україна","http://sersial.com.ua","otel@sersial.com.ua"
"Шторм","Готель / Гостиниця","Україна","",""
"Спартак","Готель / Гостиниця","Україна","",""
"Строитель","Готель / Гостиниця","Україна","",""
"Сурож","Готель / Гостиниця","Україна","",""
"TIS","Готель / Гостиниця","Україна","",""
"Золотой Ветер","Готель / Гостиниця","Україна","",""
"Магнолия Канака","Готель / Гостиниця","Україна","","magnolia.kanaka@gmail.com"
"Number Twenty One","Готель / Гостиниця","Україна","",""
"Джинтама","Готель / Гостиниця","Україна","",""
"Санфлауер","Готель / Гостиниця","Україна","",""
"ТОК Новый Свет","Готель / Гостиниця","Україна","",""
"Злата Вежа","Готель / Гостиниця","Україна","",""
"Софія","Готель / Гостиниця","Україна","https://sofya-hotel.com/",""
"Aeroport Hotel","Готель / Гостиниця","Україна","",""
"Мерседес","Готель / Гостиниця","Україна","",""
"Радянська","Готель / Гостиниця","Україна","",""
"Zigana","Готель / Гостиниця","Україна","",""
"Під Хмарами","Готель / Гостиниця","Україна","",""
"Тиса","Готель / Гостиниця","Україна","",""
"Фотон","Готель / Гостиниця","Україна","",""
"Villa Panama","Готель / Гостиниця","Україна","",""
"Престиж","Готель / Гостиниця","Україна","",""
"Вишиванка","Готель / Гостиниця","Україна","",""
"Оберіг","Готель / Гостиниця","Україна","",""
"Ірена","Готель / Гостиниця","Україна","https://www.irenahotel.com.ua/","reception@irenahotel.com.ua"
"Кам'янка","Готель / Гостиниця","Україна","",""
"Магура","Готель / Гостиниця","Україна","",""
"Бутік Готель SPA","Готель / Гостиниця","Україна","https://hotel-spa.kiev.ua/","hotel-spa@ukr.net"
"Скеля","Готель / Гостиниця","Україна","",""
"Deluxe Hostel Under The Roof","Готель / Гостиниця","Україна","",""
"Добрий готель","Готель / Гостиниця","Україна","",""
"Леотон","Готель / Гостиниця","Україна","",""
"Дніпро","Готель / Гостиниця","Україна","",""
"Лама","Готель / Гостиниця","Україна","",""
"Вокзал","Готель / Гостиниця","Україна","",""
"Полісся","Готель / Гостиниця","Україна","",""
"Royal Street","Готель / Гостиниця","Україна","","royalstreet.hotel@gmail.com"
"АН-2","Готель / Гостиниця","Україна","",""
"Старт","Готель / Гостиниця","Україна","https://hotelstart.com.ua/",""
"Особняк готель","Готель / Гостиниця","Україна","https://www.osobnyak.od.ua","admin@osobnyak.od.ua"
"Адмірал","Готель / Гостиниця","Україна","www.hotel-admiral.com.ua",""
"Троянда","Готель / Гостиниця","Україна","",""
"Пані Журавлина","Готель / Гостиниця","Україна","",""
"Omore","Готель / Гостиниця","Україна","",""
"Воронцовський","Готель / Гостиниця","Україна","",""
"Menora Hotel","Готель / Гостиниця","Україна","",""
"Діамант","Готель / Гостиниця","Україна","",""
"Ялинка","Готель / Гостиниця","Україна","",""
"Зелена","Готель / Гостиниця","Україна","",""
"Пролісок (Нова База)","Готель / Гостиниця","Україна","",""
"У Богдана","Готель / Гостиниця","Україна","",""
"ОАЗА","Готель / Гостиниця","Україна","",""
"Юлія (У Олега)","Готель / Гостиниця","Україна","",""
"Застава","Готель / Гостиниця","Україна","",""
"Файна файта","Готель / Гостиниця","Україна","",""
"Robert Hotel","Готель / Гостиниця","Україна","",""
"Смеричка","Готель / Гостиниця","Україна","",""
"Мальва","Готель / Гостиниця","Україна","",""
"Фелічіта","Готель / Гостиниця","Україна","",""
"Дом колхозника","Готель / Гостиниця","Україна","",""
"РоЯлта","Готель / Гостиниця","Україна","","alupka-royalta@yandex.ru"
"Мініготель Террікон","Готель / Гостиниця","Україна","",""
"Готель ""Донбас""","Готель / Гостиниця","Україна","",""
"Amerikano","Готель / Гостиниця","Україна","https://www.aparthotelamerikano.com/","info@aparthotelamerikano.com"
"1001 ночь","Готель / Гостиниця","Україна","",""
"Вилла Форос","Готель / Гостиниця","Україна","http://www.villa-foros.com.ua/","villaforos@mail.ru"
"Вилла Море","Готель / Гостиниця","Україна","",""
"Forest","Готель / Гостиниця","Україна","",""
"Кедр-Восток","Готель / Гостиниця","Україна","",""
"Кедр-Запад","Готель / Гостиниця","Україна","",""
"Ковчег","Готель / Гостиниця","Україна","",""
"Маями Стиль","Готель / Гостиниця","Україна","",""
"Эдем","Готель / Гостиниця","Україна","",""
"ПаСвІрДа","Готель / Гостиниця","Україна","",""
"Санаторий Юность","Готель / Гостиниця","Україна","",""
"Санаторий Красный Маяк","Готель / Гостиниця","Україна","",""
"Солдайя Гранд Отель","Готель / Гостиниця","Україна","https://soldayahotel.com/","info@soldayahotel.com"
"Барселона","Готель / Гостиниця","Україна","",""
"Coffee Home Hostel","Готель / Гостиниця","Україна","http://coffeehomehostel.lviv.ua/","coffee@homehostels.com.ua"
"Гранд готель","Готель / Гостиниця","Україна","",""
"LH & Spa Hotel","Готель / Гостиниця","Україна","",""
"Золота модрина","Готель / Гостиниця","Україна","",""
"Красія","Готель / Гостиниця","Україна","",""
"Kafe - bar Tatjana, penzion U Josifa","Готель / Гостиниця","Україна","",""
"Славутич","Готель / Гостиниця","Україна","",""
"Апартаменти На Добу","Готель / Гостиниця","Україна","",""
"Weekend","Готель / Гостиниця","Україна","",""
"Рафинад","Готель / Гостиниця","Україна","http://hotel-rafinad.net.ua",""
"Pallada Hotel","Готель / Гостиниця","Україна","",""
"Рим","Готель / Гостиниця","Україна","",""
"Неболшая гостиница","Готель / Гостиниця","Україна","",""
"Корсар","Готель / Гостиниця","Україна","http://corsair-hostel.com",""
"Ameli","Готель / Гостиниця","Україна","",""
"Готель Волтер","Готель / Гостиниця","Україна","https://www.hotelvolter.com.ua/",""
"Grand Resort","Готель / Гостиниця","Україна","",""
"Бориспіль","Готель / Гостиниця","Україна","",""
"Убідь","Готель / Гостиниця","Україна","",""
"Hotel Arkadis","Готель / Гостиниця","Україна","",""
"Дитячий центр соціальної реабілітації “Перлина Придніпров’я”","Готель / Гостиниця","Україна","","dz.matrosova@mail.ru"
"Garis Hostel","Готель / Гостиниця","Україна","https://garishostel.com/","kyiv@garishostel.com"
"Прилуки","Готель / Гостиниця","Україна","",""
"Бернадське","Готель / Гостиниця","Україна","",""
"Нота Бене","Готель / Гостиниця","Україна","https://www.notabenehotel.com/","reservation@notabenehotel.com; loft@notabenehotel.com; event@notabenehotel.com; info@notabenehotel.com"
"Вилла Индиго","Готель / Гостиниця","Україна","http://villa-indigo.com/",""
"Елізіум","Готель / Гостиниця","Україна","",""
"Тукан","Готель / Гостиниця","Україна","",""
"Писана Хата","Готель / Гостиниця","Україна","",""
"Захар Беркут Колиба","Готель / Гостиниця","Україна","https://zaharberkut.ua/hotel/#vysokiyverh","hotel@zaharberkut.net"
"Смерічка","Готель / Гостиниця","Україна","",""
"Rezhans","Готель / Гостиниця","Україна","",""
"Feliz Verano","Готель / Гостиниця","Україна","","vip_tour@bk.ru"
"Милена","Готель / Гостиниця","Україна","",""
"Меганом","Готель / Гостиниця","Україна","",""
"Гуляй поле","Готель / Гостиниця","Україна","",""
"База відпочинку Мотор","Готель / Гостиниця","Україна","",""
"Пансіонат ""Борей""","Готель / Гостиниця","Україна","",""
"Оздоровчий комплекс"" Люстдорф""","Готель / Гостиниця","Україна","www.ok-lustdorf.com.ua",""
"Юний Судоремонтник","Готель / Гостиниця","Україна","",""
"Četnická stanice","Готель / Гостиниця","Україна","",""
"Комплекс Відпочинку ""Ялинки-Палиці""","Готель / Гостиниця","Україна","https://www.sovinyon-ep.com.ua","elkipalki12@gmail.com"
"Аквилон","Готель / Гостиниця","Україна","",""
"Став","Готель / Гостиниця","Україна","",""
"Valencia","Готель / Гостиниця","Україна","",""
"Райский угорок","Готель / Гостиниця","Україна","",""
"Гриновские берега","Готель / Гостиниця","Україна","",""
"Марципан","Готель / Гостиниця","Україна","",""
"Тридев’яте царство","Готель / Гостиниця","Україна","",""
"Екополіс","Готель / Гостиниця","Україна","",""
"Гостиничный комплекс ""Европа""","Готель / Гостиниця","Україна","",""
"Меліоратор","Готель / Гостиниця","Україна","",""
"Парадіз","Готель / Гостиниця","Україна","",""
"Зв'язківець","Готель / Гостиниця","Україна","",""
"ДОК ""Бригантина""","Готель / Гостиниця","Україна","",""
"Пурпурові вітрила","Готель / Гостиниця","Україна","",""
"Бірюза","Готель / Гостиниця","Україна","",""
"Веснянка","Готель / Гостиниця","Україна","",""
"Голубий факел","Готель / Гостиниця","Україна","",""
"Дельфін","Готель / Гостиниця","Україна","",""
"Зоря","Готель / Гостиниця","Україна","",""
"Лотос","Готель / Гостиниця","Україна","",""
"Мілленіум","Готель / Гостиниця","Україна","",""
"Ніка","Готель / Гостиниця","Україна","",""
"Ракета, корп. № 1","Готель / Гостиниця","Україна","",""
"Стріла","Готель / Гостиниця","Україна","",""
"Чорне море","Готель / Гостиниця","Україна","",""
"Чорноморець","Готель / Гостиниця","Україна","",""
"Астері","Готель / Гостиниця","Україна","",""
"Судакская, 15","Готель / Гостиниця","Україна","",""
"Гранд","Готель / Гостиниця","Україна","",""
"Канака Орхидея","Готель / Гостиниця","Україна","",""
"Баракат","Готель / Гостиниця","Україна","","barakat1@bk.ru"
"""Окунёвка Тур"" пансионат","Готель / Гостиниця","Україна","",""
"Озерище","Готель / Гостиниця","Україна","",""
"Спеціалізований санаторій «Слава»","Готель / Гостиниця","Україна","",""
"ЦДКС М.О.","Готель / Гостиниця","Україна","",""
"Кооператор","Готель / Гостиниця","Україна","",""
"Дворянський","Готель / Гостиниця","Україна","",""
"Yurkina Faso","Готель / Гостиниця","Україна","",""
"Колибри","Готель / Гостиниця","Україна","",""
"Хутор Гоголя","Готель / Гостиниця","Україна","",""
"Санаторій «Хорол»","Готель / Гостиниця","Україна","",""
"Санаторій «Райдужний»","Готель / Гостиниця","Україна","",""
"Вилла Диамант","Готель / Гостиниця","Україна","",""
"Санаторій «Миргород»","Готель / Гостиниця","Україна","",""
"Санаторій «Полтава»","Готель / Гостиниця","Україна","",""
"Садиба у Еріка","Готель / Гостиниця","Україна","",""
"Коктебелика","Готель / Гостиниця","Україна","","koktebelika@yandex.ru"
"Оленка","Готель / Гостиниця","Україна","",""
"Эдельвейс","Готель / Гостиниця","Україна","",""
"Коттеджи посуточно","Готель / Гостиниця","Україна","",""
"Гостинна Садиба","Готель / Гостиниця","Україна","",""
"Шепіт Карпат","Готель / Гостиниця","Україна","",""
"Гранд Готель Пилипець","Готель / Гостиниця","Україна","",""
"Наталія","Готель / Гостиниця","Україна","https://natalia-hotel.com.ua/","hotelbirak@gmail.com"
"Maison Blanche","Готель / Гостиниця","Україна","",""
"CITYHOTEL","Готель / Гостиниця","Україна","http://www.cityhotel.kiev.ua",""
"Золотой Пруд","Готель / Гостиниця","Україна","",""
"Вилла Аркадия","Готель / Гостиниця","Україна","http://villa-arkadiya.com/","danil1242@mail.ru"
"Да Васко","Готель / Гостиниця","Україна","",""
"Камелот","Готель / Гостиниця","Україна","",""
"У Соловья","Готель / Гостиниця","Україна","",""
"Анна Мария","Готель / Гостиниця","Україна","","7112annamaria@gmail.com"
"Добряна","Готель / Гостиниця","Україна","",""
"AllureInn","Готель / Гостиниця","Україна","",""
"Chernivtsi Backpackers","Готель / Гостиниця","Україна","http://www.hostelsinchernivtsi.com/",""
"Динамикс","Готель / Гостиниця","Україна","",""
"Вилла Плаятина","Готель / Гостиниця","Україна","",""
"Chata u Paraski","Готель / Гостиниця","Dzembronia","",""
"Мотель №5","Готель / Гостиниця","Україна","",""
"Кемпінг","Готель / Гостиниця","Україна","",""
"Нивки","Готель / Гостиниця","Україна","",""
"""Альпійський дворик""","Готель / Гостиниця","Україна","",""
"""Гуцульська вишиванка""","Готель / Гостиниця","Україна","",""
"""Гуцульська екзотика""","Готель / Гостиниця","Україна","",""
"""Гуцульський край""","Готель / Гостиниця","Україна","",""
"""Стожари""","Готель / Гостиниця","Україна","",""
"""У Олександра""","Готель / Гостиниця","Україна","",""
"""У Тані""","Готель / Гостиниця","Україна","",""
"""Урочище Діл""","Готель / Гостиниця","Україна","",""
"Вілла ""Марія""","Готель / Гостиниця","Україна","",""
"Вілла ""Парламент""","Готель / Гостиниця","Україна","",""
"Горгани","Готель / Гостиниця","Україна","",""
"Котедж ""Яблунька""","Готель / Гостиниця","Україна","",""
"Приватна садиба ""Квітуча гора""","Готель / Гостиниця","Україна","",""
"Любе","Готель / Гостиниця","Україна","",""
"Панорама Карпат","Готель / Гостиниця","Україна","",""
"Пансіонат ""Беркут""","Готель / Гостиниця","Україна","",""
"Постоялий двір","Готель / Гостиниця","Україна","",""
"""Таємниця Карпат""","Готель / Гостиниця","Україна","",""
"Транзит","Готель / Гостиниця","Україна","",""
"Садиба ""Rosizh""","Готель / Гостиниця","Україна","",""
"Садиба ""Гостинний перевал""","Готель / Гостиниця","Україна","",""
"Гуцуляна","Готель / Гостиниця","Україна","https://hotelgozulyana.nethouse.ua/",""
"Садиба ""Плай""","Готель / Гостиниця","Україна","",""
"Садиба ""Ясень""","Готель / Гостиниця","Україна","",""
"Садиба «Золотий горішок»","Готель / Гостиниця","Україна","",""
"Садиба ""Завжди раді""","Готель / Гостиниця","Україна","",""
"Садиба ""Гуцульська хата""","Готель / Гостиниця","Україна","",""
"Садиба ""Далевід""","Готель / Гостиниця","Україна","",""
"Садиба ""Кептарик""","Готель / Гостиниця","Україна","",""
"Садиба ""Лісова поляна""","Готель / Гостиниця","Україна","",""
"Садиба ""Над струмком""","Готель / Гостиниця","Україна","","nadstrumkom@gmail.com"
"Садиба ""Розрахував""","Готель / Гостиниця","Україна","",""
"Садиба ""У Ані""","Готель / Гостиниця","Україна","",""
"Садиба ""У Павла""","Готель / Гостиниця","Україна","",""
"Садиба ""У Савчинів""","Готель / Гостиниця","Україна","",""
"Садиба ""У Яни""","Готель / Гостиниця","Україна","",""
"Садиба ""У друзів""","Готель / Гостиниця","Україна","",""
"Приватний дім ""Яворина""","Готель / Гостиниця","Україна","",""
"Черес","Готель / Гостиниця","Україна","",""
"Яблуницький перевал","Готель / Гостиниця","Україна","",""
"Медовый месяц","Готель / Гостиниця","Україна","",""
"база отдыха Жуковка","Готель / Гостиниця","Україна","",""
"Сюжет","Готель / Гостиниця","Україна","",""
"Слонотель","Готель / Гостиниця","Україна","",""
"Мини-панионат ""Морской""","Готель / Гостиниця","Україна","",""
"Крымское приморье","Готель / Гостиниця","Україна","",""
"Дом у причала","Готель / Гостиниця","Україна","",""
"У Тети Эсмы","Готель / Гостиниця","Україна","",""
"Княжий Град","Готель / Гостиниця","Україна","",""
"Горизонт","Готель / Гостиниця","Україна","",""
"Дубна","Готель / Гостиниця","Україна","",""
"Спорт","Готель / Гостиниця","Україна","",""
"Dolce Vita","Готель / Гостиниця","Україна","",""
"Коттедж ""Сказка""","Готель / Гостиниця","Україна","",""
"Анастасия","Готель / Гостиниця","Україна","",""
"База отдыха ""Афалина""","Готель / Гостиниця","Україна","",""
"Вилла Лунный Бриз","Готель / Гостиниця","Україна","",""
"Дом отдыха ""Флора""","Готель / Гостиниця","Україна","",""
"Пансионат Империал","Готель / Гостиниця","Україна","",""
"Райский уголок","Готель / Гостиниця","Україна","",""
"Kolvik","Готель / Гостиниця","Україна","",""
"Roots hostel","Готель / Гостиниця","Україна","http://rootshostel.com","rootshostel@gmail.com"
"Спелеохата ""Кристал""","Готель / Гостиниця","Україна","",""
"Санаторій ""Яремче""","Готель / Гостиниця","Україна","",""
"Ямал","Готель / Гостиниця","Україна","",""
"Гурзуфские зори","Готель / Гостиниця","Україна","",""
"Ай-Даник","Готель / Гостиниця","Україна","",""
"Вилла Мария","Готель / Гостиниця","Україна","",""
"Сон у моря","Готель / Гостиниця","Україна","",""
"Вилла Ангел","Готель / Гостиниця","Україна","",""
"Вилла Сим-Сим","Готель / Гостиниця","Україна","",""
"Вилла ""Айсберг""","Готель / Гостиниця","Україна","",""
"Синай","Готель / Гостиниця","Україна","",""
"У Марселя","Готель / Гостиниця","Україна","",""
"База У Дяди Саши","Готель / Гостиниця","Україна","",""
"Baza u Diady Sashy","Готель / Гостиниця","Україна","",""
"Гончар","Готель / Гостиниця","Україна","",""
"Воздвиженський","Готель / Гостиниця","Україна","",""
"Вилла Ламбада","Готель / Гостиниця","Україна","",""
"Пансионат ""Орел""","Готель / Гостиниця","Україна","",""
"Вилла ""Снегири""","Готель / Гостиниця","Україна","",""
"Избушка","Готель / Гостиниця","Україна","","innaisaeva09@rambler.ru"
"Юность","Готель / Гостиниця","Україна","",""
"Коктебельская Слобода","Готель / Гостиниця","Україна","https://hotel-sloboda.com/","support@beget.com; bills@beget.com; manager@beget.com"
"Паломнический центр Фавор","Готель / Гостиниця","Україна","",""
"Фрегат Санта-Мария","Готель / Гостиниця","Україна","",""
"Арена","Готель / Гостиниця","Україна","","arena.nomera@mail.ru"
"Горный","Готель / Гостиниця","Україна","","fsingorniy@mail.ru"
"Вилла Рай","Готель / Гостиниця","Україна","",""
"Ай-Тодор Юг","Готель / Гостиниця","Україна","",""
"Skilandhouse","Готель / Гостиниця","Україна","",""
"Буков'єл","Готель / Гостиниця","Поляниця","",""
"Вілла Лоіза","Готель / Гостиниця","Україна","",""
"Вілла Морішка","Готель / Гостиниця","Поляниця","",""
"Крымский дворик","Готель / Гостиниця","Україна","",""
"Пансионат ""Таврида-Плаза""","Готель / Гостиниця","Україна","",""
"Парус","Готель / Гостиниця","Україна","",""
"Леополь","Готель / Гостиниця","Україна","",""
"Мона Лиза","Готель / Гостиниця","Україна","",""
"Подворье","Готель / Гостиниця","Україна","",""
"Коттедж-апартаменты ""Shangri-La""","Готель / Гостиниця","Україна","",""
"База отдыха ""Артемида""","Готель / Гостиниця","Україна","",""
"Del Mar","Готель / Гостиниця","Україна","",""
"Villa Leku","Готель / Гостиниця","Поляниця","https://leku.in.ua/","lekuvilla@gmail.com"
"Villa Milena","Готель / Гостиниця","Україна","https://villamilena.com.ua/",""
"Богданов Яр","Готель / Гостиниця","Україна","",""
"Елеонора","Готель / Гостиниця","Україна","",""
"Вілла Влад","Готель / Гостиниця","Поляниця","https://villavlad.com.ua/","villavlad533@gmail.com"
"Марилен","Готель / Гостиниця","Україна","",""
"У Галини","Готель / Гостиниця","Україна","https://bukovel-galyna.com.ua/","bukovelgalyna@gmail.com"
"Гірський Прутець","Готель / Гостиниця","Україна","https://bukovel-hotel.com.ua/",""
"Bella Vista","Готель / Гостиниця","Україна","https://villa-bellavista.com.ua/","bukovelbellavista@gmail.com"
"Усадьба ""Александрия""","Готель / Гостиниця","Україна","","us.aleksandriya1@gmail.com"
"Частный пансионат ""У Моря""","Готель / Гостиниця","Україна","",""
"ОСК ""Чайка""","Готель / Гостиниця","Україна","",""
"ПапаЯ","Готель / Гостиниця","Україна","",""
"Мар Ле Мар","Готель / Гостиниця","Україна","",""
"База відпочинку ""Коралл""","Готель / Гостиниця","Україна","",""
"Hilton Kyiv","Готель / Гостиниця","Україна","https://www3.hilton.com/en/hotels/ukraine/hilton-kyiv-KBPHIHI/index.html?WT.mc_id=zELWAKN0EMEA1HI2DMH3LocalSearch4DGGenericx6KBPHIHI","kyiv.reservations@hilton.com"
"Favor Sport","Готель / Гостиниця","Україна","",""
"Мини-гостиница ""Ранчо""","Готель / Гостиниця","Україна","",""
"Santurina","Готель / Гостиниця","Україна","",""
"MIA Stella","Готель / Гостиниця","Україна","",""
"Ефес","Готель / Гостиниця","Україна","",""
"Доминика","Готель / Гостиниця","Україна","",""
"Подсолнухи","Готель / Гостиниця","Україна","",""
"Чарда","Готель / Гостиниця","Україна","",""
"Вилла Анет","Готель / Гостиниця","Україна","https://villa-anet.com.ua/",""
"Бунгало","Готель / Гостиниця","Україна","",""
"Lviv Hostel StareMisto","Готель / Гостиниця","Україна","",""
"Бриз","Готель / Гостиниця","Україна","",""
"Место под солнцем","Готель / Гостиниця","Україна","",""
"Пансионат ""Береговой""","Готель / Гостиниця","Україна","",""
"Садиба на джерелах","Готель / Гостиниця","Україна","",""
"Гостевой дом «Узунджа»","Готель / Гостиниця","Україна","",""
"Ясинець","Готель / Гостиниця","Україна","",""
"Domino","Готель / Гостиниця","Україна","",""
"F&B Spa Resort (Fomich Hotel)","Готель / Гостиниця","Поляниця","https://www.yaremcha.com.ua/goryankaru.html","info@hotel-fomich.com.ua"
"Горянка","Готель / Гостиниця","Поляниця","",""
"Гуцульська світлиця","Готель / Гостиниця","Україна","",""
"Пансионат «Песчаный берег»","Готель / Гостиниця","Україна","",""
"Alfavito","Готель / Гостиниця","Україна","",""
"Мини-пансионат Валенсия","Готель / Гостиниця","Україна","",""
"Катюша на Подгорной","Готель / Гостиниця","Україна","","kupchishin@mail.ru"
"Вояж","Готель / Гостиниця","Україна","","polina333@inbox.ru"
"Уютный коттедж","Готель / Гостиниця","Україна","","max.art@list.ru"
"Гостевой дом","Готель / Гостиниця","Україна","","anadrion.sad@gmail.com"
"База отдыха ""Политехник-1""","Готель / Гостиниця","Україна","",""
"Сімейний підвал параски","Готель / Гостиниця","Україна","",""
"Гостьовий будинок Іда","Готель / Гостиниця","Україна","","balogh.csalad@gmail.com"
"Babushka Grand","Готель / Гостиниця","Україна","",""
"Адлер","Готель / Гостиниця","Україна","",""
"Оазис","Готель / Гостиниця","Україна","","oasis.kokt@gmail.com"
"Медведь","Готель / Гостиниця","Україна","https://medved-resort.com/","info@medved-resort.com"
"Золотые ворота","Готель / Гостиниця","Україна","","golden12345@inbox.ru"
"Пансионат ""Глициния""","Готель / Гостиниця","Україна","",""
"Пансионат Казантип-Лазурный","Готель / Гостиниця","Україна","",""
"Мини-пансионат ""Виктория""","Готель / Гостиниця","Україна","",""
"Валентина","Готель / Гостиниця","Україна","",""
"Милета","Готель / Гостиниця","Україна","",""
"Ай-Петри","Готель / Гостиниця","Україна","",""
"Чемодан","Готель / Гостиниця","Україна","",""
"Зеленые домики","Готель / Гостиниця","Україна","",""
"Три Брати","Готель / Гостиниця","Україна","",""
"Старий Краків","Готель / Гостиниця","Україна","",""
"Віка","Готель / Гостиниця","Україна","",""
"Ватра","Готель / Гостиниця","Україна","",""
"Швейцарський Готель","Готель / Гостиниця","Україна","https://swiss-hotel.lviv.ua/","info@swiss-hotel.lviv.ua; swisshotellviv@gmail.com; manager@swiss-hotel.lviv.ua"
"Еней","Готель / Гостиниця","Україна","",""
"Skyta","Готель / Гостиниця","Україна","","vskyta@gmail.com"
"Карпатські Зорі","Готель / Гостиниця","Україна","",""
"New Life","Готель / Гостиниця","Україна","https://newlifehostel.com/","info@newlifehostel.com"
"Магазин","Готель / Гостиниця","Україна","",""
"Роксолана","Готель / Гостиниця","Україна","",""
"Комплекс Мечта","Готель / Гостиниця","Україна","",""
"Home stay","Готель / Гостиниця","Україна","",""
"Cats' House Hostel","Готель / Гостиниця","Україна","https://catshostel.org/","info@dpereklad.com.ua"
"Лумшори","Готель / Гостиниця","Україна","",""
"Porto Mare","Готель / Гостиниця","Україна","",""
"Zolota pidkova Exclusive","Готель / Гостиниця","Україна","",""
"Отуз","Готель / Гостиниця","Україна","",""
"Атланта","Готель / Гостиниця","Україна","",""
"Санаторій ім. М. Гоголя","Готель / Гостиниця","Україна","",""
"Cisar","Готель / Гостиниця","Україна","",""
"Like Hostel","Готель / Гостиниця","Україна","",""
"Yard","Готель / Гостиниця","Україна","","yard.hostel.cv@gmail.com"
"Барон Гартенберг","Готель / Гостиниця","Україна","",""
"Бульвар","Готель / Гостиниця","Україна","",""
"Економ-Хостел","Готель / Гостиниця","Україна","https://hostel.cv.ua/","grandee@hostel.cv.ua"
"Камуфляж","Готель / Гостиниця","Україна","","helenbora@mail.ru"
"Кнаус","Готель / Гостиниця","Україна","",""
"Корал","Готель / Гостиниця","Україна","",""
"Магнат","Готель / Гостиниця","чернівці","",""
"Renting House Odessa","Готель / Гостиниця","Odesa","",""
"Гелікон","Готель / Гостиниця","Україна","",""
"Журавель","Готель / Гостиниця","Україна","",""
"Елітують готель","Готель / Гостиниця","Україна","",""
"На Танкистов 1","Готель / Гостиниця","Україна","",""
"Квасний потік","Готель / Гостиниця","Україна","",""
"Частный пансионат «Морское»","Готель / Гостиниця","Україна","",""
"У Вали","Готель / Гостиниця","Україна","",""
"Гуцулочка","Готель / Гостиниця","Україна","",""
"У Ярослава","Готель / Гостиниця","Україна","",""
"Ксенія","Готель / Гостиниця","Україна","",""
"Вилла Селям","Готель / Гостиниця","Україна","",""
"Садиба «Срібне джерело»","Готель / Гостиниця","Осій","",""
"Уют","Готель / Гостиниця","Україна","",""
"Край неба","Готель / Гостиниця","Україна","",""
"Поповы","Готель / Гостиниця","Україна","",""
"Пансионат ""Виктория""","Готель / Гостиниця","Україна","",""
"Отель Efsane","Готель / Гостиниця","Україна","https://efsane-hotel.com/","info@efsane-hotel.com"
"Жемчужина Дракона","Готель / Гостиниця","Україна","","pearl-dragon@mail.ru"
"Роздолля","Готель / Гостиниця","Україна","",""
"Залізничний пансіонат","Готель / Гостиниця","Україна","",""
"Донецький обласний центр реабілітації наркозалежної молоді","Готель / Гостиниця","Україна","",""
"Лукоморье","Готель / Гостиниця","Україна","","alena_riga@list.ru"
"Атлантика","Готель / Гостиниця","Україна","",""
"Юнга","Готель / Гостиниця","Україна","",""
"Ґруник","Готель / Гостиниця","Яремче","",""
"Вилла ""Южная соната""","Готель / Гостиниця","Україна","","soteras@mail.ru"
"KNZS","Готель / Гостиниця","Україна","",""
"GoodZone Club","Готель / Гостиниця","Україна","",""
"Pop Art Hostel","Готель / Гостиниця","Україна","",""
"Обуховські","Готель / Гостиниця","Україна","",""
"Отель Виа","Готель / Гостиниця","Україна","","vista_feo@mail.ru"
"Солнечный берег","Готель / Гостиниця","Ливадия","",""
"Отель Ливадийский","Готель / Гостиниця","Ливадия","http://spa-hotel-livadijskij.com/",""
"База відпочинку Медик","Готель / Гостиниця","Україна","",""
"Форелева ферма","Готель / Гостиниця","Україна","",""
"Атлант","Готель / Гостиниця","Україна","",""
"Наутілус","Готель / Гостиниця","Україна","",""
"Біолого-географічний стаціонар Львівського національного університету","Готель / Гостиниця","Україна","",""
"Поліська екологічна лабораторія Львівського лісотехнічного університету","Готель / Гостиниця","Україна","",""
"База відпочинку Полісянка","Готель / Гостиниця","Україна","",""
"Скольмо","Готель / Гостиниця","Україна","",""
"Маєток","Готель / Гостиниця","Україна","",""
"Каспий","Готель / Гостиниця","Україна","",""
"Мадрид","Готель / Гостиниця","Україна","",""
"Садиба ""Соняшник""","Готель / Гостиниця","Україна","",""
"Готель ""Візит""","Готель / Гостиниця","Україна","",""
"888","Готель / Гостиниця","Україна","",""
"Анна","Готель / Гостиниця","Україна","",""
"Океаніс","Готель / Гостиниця","Україна","","admin@oceanis.od.ua"
"Садиба У Андрія","Готель / Гостиниця","Україна","",""
"Hostel Kiev-Art","Готель / Гостиниця","Україна","",""
"Коралл","Готель / Гостиниця","Україна","",""
"Алушта","Готель / Гостиниця","Україна","","booking@alushta-hotel.ru"
"Belveder","Готель / Гостиниця","Україна","",""
"Lisobar","Готель / Гостиниця","Україна","",""
"База відпочинку ""Маяк""","Готель / Гостиниця","Україна","",""
"Night & Day","Готель / Гостиниця","Україна","",""
"На Тенистой","Готель / Гостиниця","Орлиное","",""
"Аллюр","Готель / Гостиниця","Україна","",""
"Бутік-вілла ""Provence""","Готель / Гостиниця","Буковинка","https://www.theprovencevillage.com/","boutiquevillaprovence@gmail.com"
"Каса-Бланка","Готель / Гостиниця","Затока","",""
"Робинзон","Готель / Гостиниця","Україна","",""
"Annabelle","Готель / Гостиниця","Україна","",""
"Гребінки","Готель / Гостиниця","Україна","",""
"4x4","Готель / Гостиниця","Колоденка","http://hotel4x4.com.ua/contact",""
"Турбаза Биюк-Янкой","Готель / Гостиниця","Україна","https://www.mramornoe.com/","kovalenko1979@mail.ru"
"Soviet home","Готель / Гостиниця","Україна","",""
"На Руській","Готель / Гостиниця","Україна","",""
"Мята","Готель / Гостиниця","Україна","",""
"Пансионат ""Терра Теана""","Готель / Гостиниця","Україна","",""
"Коттедж ""Татарская бухта""","Готель / Гостиниця","Україна","",""
"Гостевой дом ""Мариоланна""","Готель / Гостиниця","Україна","",""
"Мариамполь","Готель / Гостиниця","Україна","http://mariampol-hotel.com/","info@mariampol-hotel.com"
"Пансионат ""Дельта""","Готель / Гостиниця","Україна","",""
"Маєток ""Сокільське""","Готель / Гостиниця","Україна","",""
"Чайка Батилиман","Готель / Гостиниця","Україна","",""
"Ірис","Готель / Гостиниця","Україна","",""
"Синевир","Готель / Гостиниця","Україна","",""
"База відпочинку ""Ільз""","Готель / Гостиниця","Україна","https://karpaty-ilz.com/","nadjavoznjak@ukr.net"
"Менора","Готель / Гостиниця","Україна","",""
"7 Days City Hotel","Готель / Гостиниця","Україна","https://hotel-7days.com/","booking@hotel-7days.com; sales@menorah-center.com"
"The Georgehouse Hostel","Готель / Гостиниця","Україна","",""
"Васили","Готель / Гостиниця","Україна","",""
"Трискеле","Готель / Гостиниця","Україна","",""
"Інгул","Готель / Гостиниця","Україна","http://hotel-ingul.kr.ua","hotel-ingul@ukr.net"
"Турістіка","Готель / Гостиниця","Україна","",""
"Усадьба Байдары","Готель / Гостиниця","Україна","",""
"On the corner","Готель / Гостиниця","Коломия","",""
"Вилла ""Зоряника""","Готель / Гостиниця","Україна","",""
"King","Готель / Гостиниця","Україна","",""
"Круиз 3","Готель / Гостиниця","Україна","",""
"Дионис","Готель / Гостиниця","Україна","",""
"Дом отдыха Воронцово","Готель / Гостиниця","Україна","",""
"На Заречной","Готель / Гостиниця","Україна","","info@krym-solnechnogorskoe.ru"
"Вилла Балгатура","Готель / Гостиниця","Україна","",""
"ГурзуфЛайф","Готель / Гостиниця","Україна","","ooomyhome@yandex.ru"
"Крайня хата","Готель / Гостиниця","Україна","",""
"Аджи-Булат","Готель / Гостиниця","Україна","",""
"Греческая Хата","Готель / Гостиниця","Україна","",""
"Гостевой дом «Журавли»","Готель / Гостиниця","Україна","",""
"Єлисаветград","Готель / Гостиниця","Україна","",""
"Вега","Готель / Гостиниця","Україна","",""
"СМС ЮГ","Готель / Гостиниця","Україна","",""
"Башня","Готель / Гостиниця","Україна","",""
"У Толстяка","Готель / Гостиниця","Україна","",""
"Гірське джерело","Готель / Гостиниця","Україна","",""
"Пионерлагерь Атлантика","Готель / Гостиниця","Україна","",""
"Асотел","Готель / Гостиниця","Україна","http://www.asotel.com.ua/",""
"Hotel Imperial","Готель / Гостиниця","Україна","",""
"Bon Apart","Готель / Гостиниця","Україна","https://www.bonaparthotel.kiev.ua/","reception@bonaparthotel.kiev.ua; loyalty@uhm.com.ua"
"Арнаутський","Готель / Гостиниця","Україна","",""
"KARADENIZ","Готель / Гостиниця","Україна","",""
"Мини-отель ""Хуторок""","Готель / Гостиниця","Україна","",""
"Виктория","Готель / Гостиниця","Україна","",""
"Згарда","Готель / Гостиниця","Україна","https://bukovel-zgarda.com.ua/",""
"Калипсо","Готель / Гостиниця","Україна","","calipsokoktebel@mail.ru"
"Пансионат Дельфин","Готель / Гостиниця","Межводное","https://www.pansionat-delphin.com/",""
"Леон","Готель / Гостиниця","Україна","",""
"Волшебный край","Готель / Гостиниця","Україна","",""
"Байк Отель у Афзала","Готель / Гостиниця","Україна","",""
"Малибу","Готель / Гостиниця","Україна","",""
"Центр","Готель / Гостиниця","Україна","",""
"Греку","Готель / Гостиниця","Україна","http://hotel-greku.in.ua/",""
"Затишок над Прутом","Готель / Гостиниця","Україна","",""
"Motel М12","Готель / Гостиниця","Україна","",""
"Листригон","Готель / Гостиниця","Україна","",""
"Мартынова бухта","Готель / Гостиниця","Україна","",""
"МобиДик","Готель / Гостиниця","Україна","",""
"Государь","Готель / Гостиниця","Україна","","hotel_gosudar@mail.ru"
"Туристичний комплекс ""Ворохта""","Готель / Гостиниця","Ворохта","https://vorohta.com.ua/",""
"Fire Inn","Готель / Гостиниця","Україна","","info@fire-inn.com"
"Галинка","Готель / Гостиниця","Україна","",""
"Магнолия","Готель / Гостиниця","Україна","",""
"Винтаж-Отель","Готель / Гостиниця","Україна","",""
"Тихая гавань","Готель / Гостиниця","Україна","",""
"Мис Зюк","Готель / Гостиниця","Україна","",""
"Славия","Готель / Гостиниця","Україна","","reservations@slaviya-koktebel.ru"
"Тепсень","Готель / Гостиниця","Україна","",""
"Золотая балка","Готель / Гостиниця","Україна","","ankus@ukrpost.ua"
"У Рузанны","Готель / Гостиниця","Україна","",""
"Sunrise","Готель / Гостиниця","Україна","",""
"Горби","Готель / Гостиниця","Україна","",""
"Рота Chalet Marina","Готель / Гостиниця","Україна","",""
"У Олекси","Готель / Гостиниця","Україна","",""
"Золота рибка","Готель / Гостиниця","Україна","",""
"Великий боков","Готель / Гостиниця","Україна","",""
"Квіткова","Готель / Гостиниця","Україна","",""
"Ярдана","Готель / Гостиниця","Україна","",""
"У пана Ткачишина","Готель / Гостиниця","Україна","",""
"Надія","Готель / Гостиниця","Україна","",""
"Мар'яна","Готель / Гостиниця","Україна","",""
"У Тараса","Готель / Гостиниця","Україна","",""
"Лелека","Готель / Гостиниця","Україна","",""
"ДіАнна","Готель / Гостиниця","Україна","",""
"ДіАнна - Мед","Готель / Гостиниця","Україна","",""
"На Гірській","Готель / Гостиниця","Україна","",""
"Під замком","Готель / Гостиниця","Україна","","dorosh@drohobych.com.ua"
"Шале","Готель / Гостиниця","Україна","",""
"У Дам'яна","Готель / Гостиниця","Україна","",""
"У пана Миколая","Готель / Гостиниця","Україна","",""
"Над вуликом","Готель / Гостиниця","Україна","",""
"У Світлани","Готель / Гостиниця","Україна","",""
"Staro","Готель / Гостиниця","Україна","",""
"Семейный","Готель / Гостиниця","Україна","",""
"Арніка","Готель / Гостиниця","Україна","","gorgany@gmail.com"
"Вільні вітри","Готель / Гостиниця","Україна","",""
"У Артема","Готель / Гостиниця","Україна","",""
"Ocean Hostel","Готель / Гостиниця","Україна","",""
"Реал","Готель / Гостиниця","Україна","",""
"Котедж Кам'яний Двір","Готель / Гостиниця","Яремче","https://kamendvir.com.ua/",""
"Гостевой дом ""ВельТа""","Готель / Гостиниця","Песчаное","",""
"Лофт","Готель / Гостиниця","Україна","http://hostel-loft.com/",""
"Азовская","Готель / Гостиниця","Україна","",""
"Рош Рояль","Готель / Гостиниця","Україна","",""
"Родинний затишок","Готель / Гостиниця","Україна","",""
"СОМ","Готель / Гостиниця","Україна","",""
"У Оксани","Готель / Гостиниця","Україна","",""
"Аура Карпат","Готель / Гостиниця","Україна","",""
"Святослав","Готель / Гостиниця","Україна","",""
"Плай","Готель / Гостиниця","Україна","",""
"Під лісом","Готель / Гостиниця","Україна","",""
"Будинок Безнікова","Готель / Гостиниця","Україна","",""
"Богуславка","Готель / Гостиниця","Україна","",""
"Володимир","Готель / Гостиниця","Україна","",""
"Червона рута","Готель / Гостиниця","Україна","",""
"Северин","Готель / Гостиниця","Україна","",""
"Мальви","Готель / Гостиниця","Україна","",""
"Валерія","Готель / Гостиниця","Україна","",""
"У Доктора","Готель / Гостиниця","Україна","",""
"Зелена садиба","Готель / Гостиниця","Україна","",""
"Три корони","Готель / Гостиниця","Україна","",""
"Східниця","Готель / Гостиниця","Україна","",""
"Садиба Віталіни Степанівни","Готель / Гостиниця","Україна","",""
"Марічка","Готель / Гостиниця","Україна","",""
"Пегас","Готель / Гостиниця","Україна","",""
"У Наді","Готель / Гостиниця","Україна","",""
"Тетяна","Готель / Гостиниця","Україна","",""
"Два брати","Готель / Гостиниця","Україна","",""
"Злагода","Готель / Гостиниця","Україна","",""
"Золоте руно","Готель / Гостиниця","Україна","",""
"Пауза","Готель / Гостиниця","Україна","",""
"У Василіси","Готель / Гостиниця","Україна","",""
"У Андрія","Готель / Гостиниця","Україна","",""
"У Василя","Готель / Гостиниця","Україна","",""
"У Марії","Готель / Гостиниця","Україна","",""
"Відпочинок у Східниці","Готель / Гостиниця","Україна","",""
"Амор","Готель / Гостиниця","Україна","",""
"Богдан і Наталя","Готель / Гостиниця","Україна","",""
"Марія","Готель / Гостиниця","Україна","",""
"МІО","Готель / Гостиниця","Україна","",""
"Готель - ресторан ""Чарівне озеро""","Готель / Гостиниця","Україна","http://charivne-ozero.com.ua","ozerocharivne@gmail.com"
"Veronica","Готель / Гостиниця","Україна","","nzhuravchak99@gmail.com"
"Сонячна квітка","Готель / Гостиниця","Україна","",""
"Хатка біля річки Східничанки","Готель / Гостиниця","Україна","",""
"У горной речки","Готель / Гостиниця","Україна","",""
"Богданів хутір","Готель / Гостиниця","Україна","",""
"Лариса","Готель / Гостиниця","Україна","",""
"Відпочинок у Карпатах","Готель / Гостиниця","Україна","",""
"На Чорновола","Готель / Гостиниця","Україна","",""
"Монако","Готель / Гостиниця","Україна","",""
"Моряк","Готель / Гостиниця","Україна","",""
"Морская 5, Чтобы отдых удался!","Готель / Гостиниця","Україна","",""
"Диана","Готель / Гостиниця","Україна","",""
"Готель 52","Готель / Гостиниця","Україна","",""
"Hotel & hostel","Готель / Гостиниця","Україна","http://hostel.vn.ua/",""
"Лидер","Готель / Гостиниця","Україна","",""
"Титан","Готель / Гостиниця","Україна","",""
"Феномен","Готель / Гостиниця","Україна","",""
"Петрівська Слобода","Готель / Гостиниця","Міжгір’я","",""
"Гостиница Wind-Extreme Крым","Готель / Гостиниця","Оленевка","",""
"Sunday Apartments","Готель / Гостиниця","Україна","","info@sundayaparthotel.com"
"Odesa Apartments Cherkasets","Готель / Гостиниця","Одеса","",""
"База відпочинку ""Левада""","Готель / Гостиниця","Україна","",""
"Orly Park","Готель / Гостиниця","Україна","http://orlypark.com.ua","hotel@orlypark.com.ua"
"Шато Шафран","Готель / Гостиниця","Україна","",""
"Александрия","Готель / Гостиниця","Кацивели","",""
"Біля річки","Готель / Гостиниця","Кам’янець-Подільський","https://hotel-kp.com.ua/","info@hotel-kp.com.ua; bilyarichki@ukr.net"
"Аристократ","Готель / Гостиниця","Україна","",""
"Яхонт","Готель / Гостиниця","Україна","http://www.hotel-yahont.com/","tkyahont@gmail.com"
"Stan Gret","Готель / Гостиниця","Україна","",""
"Ландхаус","Готель / Гостиниця","Україна","",""
"Пансионат ""Эдем""","Готель / Гостиниця","Межводное","",""
"Краб","Готель / Гостиниця","Україна","",""
"Загородная усадьба","Готель / Гостиниця","Україна","",""
"Фараон","Готель / Гостиниця","Україна","","faraon1hotel@gmail.com"
"Пансіонат ""Маяк""","Готель / Гостиниця","Україна","",""
"База відпочинку ""Волна""","Готель / Гостиниця","Україна","",""
"Лісова","Готель / Гостиниця","Україна","",""
"Садиба ""У Івана під липами""","Готель / Гостиниця","Україна","",""
"Узлісся","Готель / Гостиниця","Україна","",""
"ДОЛ Мультфильм","Готель / Гостиниця","Україна","",""
"Южный Бриз","Готель / Гостиниця","Україна","",""
"Отель ""Морской""","Готель / Гостиниця","Україна","",""
"Гостевой дом ""Солнышко""","Готель / Гостиниця","Україна","",""
"Адам та Єва","Готель / Гостиниця","Україна","",""
"Good Hostel","Готель / Гостиниця","Україна","goodhostel.lviv.ua",""
"Lviv Euro Hostel","Готель / Гостиниця","Україна","https://www.eurohostel.lviv.ua/","lviveurohostel@ukr.net"
"Yellow House Hostel","Готель / Гостиниця","Україна","https://www.yellowhouse.com.ua/",""
"Post House Hostel","Готель / Гостиниця","Україна","http://posthousehostel.com.ua/","posthousehostel@gmail.com"
"Ставне 158","Готель / Гостиниця","Ставне","",""
"Гостевія","Готель / Гостиниця","Україна","",""
"Чертур","Готель / Гостиниця","Україна","",""
"Симеиз-тур","Готель / Гостиниця","Симеиз","",""
"Зарінок","Готель / Гостиниця","Україна","",""
"Лікувально-оздоровчий комплекс ""Дружба""","Готель / Гостиниця","Україна","",""
"Князь Олег","Готель / Гостиниця","Україна","",""
"Мини-пансионат Береговое","Готель / Гостиниця","Україна","",""
"Элегант","Готель / Гостиниця","Україна","",""
"Мерджан","Готель / Гостиниця","Україна","",""
"Пролісок","Готель / Гостиниця","Україна","",""
"Леополис","Готель / Гостиниця","Україна","",""
"База отдыха Приморская","Готель / Гостиниця","Україна","",""
"Клеопатра","Готель / Гостиниця","Україна","",""
"У Друзей","Готель / Гостиниця","Україна","",""
"Пансионат ""Радуга""","Готель / Гостиниця","Україна","",""
"Риба Андрій","Готель / Гостиниця","Україна","",""
"Пансионат ""Пламя""","Готель / Гостиниця","Україна","",""
"Селена","Готель / Гостиниця","Україна","",""
"Гостиница ""Смерекова Хата""","Готель / Гостиниця","Україна","",""
"Фиеста","Готель / Гостиниця","Україна","",""
"""Весёлые медузы""","Готель / Гостиниця","Україна","",""
"Марлин","Готель / Гостиниця","Україна","",""
"Ксюша","Готель / Гостиниця","Україна","",""
"Гостиничный комплекс «Мегаполис»","Готель / Гостиниця","Україна","",""
"Лимановка","Готель / Гостиниця","Україна","",""
"Геджан","Готель / Гостиниця","Україна","",""
"Затін","Готель / Гостиниця","Україна","",""
"Новый Океан","Готель / Гостиниця","Україна","",""
"""Натали""","Готель / Гостиниця","Україна","",""
"Большая Медведица","Готель / Гостиниця","Україна","",""
"Мирослава","Готель / Гостиниця","Україна","",""
"Яна Каро","Готель / Гостиниця","Україна","",""
"У Алины","Готель / Гостиниця","Україна","",""
"""Эльвиза""","Готель / Гостиниця","Україна","",""
"У Сейрана","Готель / Гостиниця","Україна","",""
"Sofa hostel","Готель / Гостиниця","Україна","",""
"Гостивой комплекс ""Золотой Крым""","Готель / Гостиниця","Україна","",""
"Мини-отель ""Ранчо""","Готель / Гостиниця","Україна","",""
"Салют","Готель / Гостиниця","Україна","",""
"Светлана","Готель / Гостиниця","Україна","",""
"Юкка","Готель / Гостиниця","Україна","",""
"Науково-спортивний комплекс ""Авангард""","Готель / Гостиниця","Україна","",""
"Ski Хата","Готель / Гостиниця","Україна","",""
"Новий готель","Готель / Гостиниця","Україна","",""
"Над Партенитом","Готель / Гостиниця","Україна","",""
"Ekotel Hotel","Готель / Гостиниця","Україна","",""
"На пеньках","Готель / Гостиниця","Україна","",""
"Respect (Респект)","Готель / Гостиниця","Україна","",""
"ZimaSnow","Готель / Гостиниця","Україна","",""
"Europa","Готель / Гостиниця","Україна","",""
"Затишок","Готель / Гостиниця","Україна","","hotel@zatyshok.vinnica.ua"
"Міні-готель Інтелс","Готель / Гостиниця","Україна","",""
"Сафарі-Клуб","Готель / Гостиниця","Україна","",""
"Частная усадьба Радуга","Готель / Гостиниця","Україна","",""
"Альмена","Готель / Гостиниця","Україна","",""
"Ориент","Готель / Гостиниця","Україна","",""
"Гринвич","Готель / Гостиниця","Україна","",""
"Зеленая симфония","Готель / Гостиниця","Україна","",""
"Онель","Готель / Гостиниця","Україна","",""
"Частный пансионат ""Аквилон""","Готель / Гостиниця","Україна","",""
"Хуст","Готель / Гостиниця","Україна","",""
"Эко-отель ""Мегарон""","Готель / Гостиниця","Україна","",""
"Silva","Готель / Гостиниця","Україна","",""
"У Сергея","Готель / Гостиниця","Береговое","",""
"ДО Батилиман","Готель / Гостиниця","Україна","",""
"ДО Янос","Готель / Гостиниця","Україна","",""
"Готель ДЮК","Готель / Гостиниця","Україна","",""
"Маленький Рай","Готель / Гостиниця","Україна","",""
"Адмірал Нельсон","Готель / Гостиниця","Україна","",""
"Золотой лев","Готель / Гостиниця","Україна","",""
"База відпочинку ""Легенда""","Готель / Гостиниця","Україна","",""
"Magic Bus Hostel","Готель / Гостиниця","Україна","https://magicbushostels.com/",""
"Parade Allure","Готель / Гостиниця","Україна","",""
"Нове життя","Готель / Гостиниця","Україна","",""
"Искандер","Готель / Гостиниця","Курортное","",""
"Крутий осип","Готель / Гостиниця","Україна","",""
"Пеликан","Готель / Гостиниця","Україна","https://pelican-hotel.com.ua/","www@pelican-hotel.com.ua"
"Кінбурн","Готель / Гостиниця","Україна","",""
"Гостиный дом Воронина","Готель / Гостиниця","Україна","",""
"Гостинність","Готель / Гостиниця","Україна","",""
"Borscht Hostel Kiev","Готель / Гостиниця","Україна","http://borschthostelkiev.com",""
"Хостел Любінь","Готель / Гостиниця","Україна","",""
"Raziotel","Готель / Гостиниця","Україна","https://www.raziotel.com/",""
"Готельно-ресторанний комплекс ""Щастя""","Готель / Гостиниця","Україна","https://shastya.choiceqr.com",""
"Парк-Готель","Готель / Гостиниця","Україна","",""
"Tаверна","Готель / Гостиниця","Україна","",""
"SwissPan","Готель / Гостиниця","Україна","",""
"Готельно-ресторанний комплекс ""Ксенія""","Готель / Гостиниця","Врублевцы","https://xenia.com.ua/","hotel.xenia@gmail.com"
"Арт-хостел Адреналін","Готель / Гостиниця","Україна","https://arthostel-adrenalin.com.ua","arthosteladrenalin@gmail.com"
"База «Чайка»","Готель / Гостиниця","Україна","",""
"Вилла София","Готель / Гостиниця","Україна","",""
"Казкова Садиба","Готель / Гостиниця","Україна","",""
"У вуйка Богдана","Готель / Гостиниця","Україна","",""
"Міні-готель ""Олександрія""","Готель / Гостиниця","Україна","",""
"Готель Лук'янівський","Готель / Гостиниця","Україна","",""
"Churchill inn","Готель / Гостиниця","Україна","",""
"Елегія","Готель / Гостиниця","Україна","",""
"Санаторій «Березовий гай»","Готель / Гостиниця","Україна","",""
"Hawaii","Готель / Гостиниця","Україна","",""
"Фишка","Готель / Гостиниця","Україна","",""
"Hostel Leo","Готель / Гостиниця","Україна","",""
"Панська Хата","Готель / Гостиниця","Україна","http://panskahata.com.ua/",""
"Міні готель Катрін","Готель / Гостиниця","Україна","http://katrin.vn.ua/",""
"Drive Club","Готель / Гостиниця","Україна","",""
"Deninna","Готель / Гостиниця","Україна","",""
"Шахерезада","Готель / Гостиниця","Україна","",""
"Prima Villa","Готель / Гостиниця","Україна","http://primavilla.com.ua/",""
"Готельний комплекс ""Срібний водограй","Готель / Гостиниця","Україна","https://s-vodogray.com.ua/","admin@s-vodogray.com.ua"
"Моя сім'я","Готель / Гостиниця","Україна","http://hotelfamily.in.ua",""
"Harvest","Готель / Гостиниця","Україна","",""
"Прибой","Готель / Гостиниця","Україна","",""
"Asado","Готель / Гостиниця","Україна","",""
"Тріо","Готель / Гостиниця","Україна","",""
"АвтоДрайв","Готель / Гостиниця","Україна","",""
"Pit-Stop","Готель / Гостиниця","Україна","",""
"Аквамарин","Готель / Гостиниця","Україна","",""
"Tiso Apart Hotel","Готель / Гостиниця","Україна","http://www.hotel-tiso.com","tiso.aparthotel@gmail.com"
"Готельно-відпочинковий комплекс ""Слобода Раковець""","Готель / Гостиниця","Україна","",""
"Chilloute","Готель / Гостиниця","Україна","",""
"Фортуна","Готель / Гостиниця","Україна","",""
"Чигоринський","Готель / Гостиниця","Україна","",""
"Верховинський двір","Готель / Гостиниця","Україна","",""
"Мини-отель Южный блеск","Готель / Гостиниця","Україна","",""
"Спелеохата","Готель / Гостиниця","Україна","",""
"Hostel Kiev Backpackers","Готель / Гостиниця","Україна","http://www.kievbackpackers.com",""
"Слон","Готель / Гостиниця","Україна","",""
"Малібу","Готель / Гостиниця","Україна","",""
"Apart Hotel Ribas","Готель / Гостиниця","Україна","",""
"City Georg Hotel","Готель / Гостиниця","Україна","",""
"Франц","Готель / Гостиниця","Україна","http://hotel-franz.com.ua/","info@hotel-franz.com.ua"
"Комфорт","Готель / Гостиниця","Україна","",""
"Альта","Готель / Гостиниця","Україна","",""
"Арпат","Готель / Гостиниця","Україна","","97919081@mail.ru"
"Плав'яночка","Готель / Гостиниця","Україна","",""
"Зербань (Батьківський Двір)","Готель / Гостиниця","Україна","",""
"ТЭС-Отель","Готель / Гостиниця","Україна","",""
"Озеро сновидений","Готель / Гостиниця","Україна","",""
"Михайлова садиба","Готель / Гостиниця","Україна","",""
"Вилла Магнолия","Готель / Гостиниця","Україна","",""
"Пансионат Ирина","Готель / Гостиниця","Україна","",""
"Вилла Адрия","Готель / Гостиниця","Україна","",""
"У якоря","Готель / Гостиниця","Україна","",""
"Ark Palace","Готель / Гостиниця","Україна","",""
"Вілла Станіславський","Готель / Гостиниця","Україна","",""
"Будинок артистів цирку","Готель / Гостиниця","Україна","",""
"Массандра Славянская","Готель / Гостиниця","Україна","",""
"Пансионат ""Август""","Готель / Гостиниця","Україна","",""
"Вилла Виктория","Готель / Гостиниця","Україна","",""
"Ориян","Готель / Гостиниця","Україна","",""
"Дріада","Готель / Гостиниця","Україна","",""
"Притулок Драгобрат","Готель / Гостиниця","Україна","",""
"Кабаний перевал","Готель / Гостиниця","Україна","",""
"На площі","Готель / Гостиниця","Україна","",""
"West","Готель / Гостиниця","Україна","",""
"VinHostel","Готель / Гостиниця","Україна","http://vinhostel.com.ua/",""
"Feeria Apartaments","Готель / Гостиниця","Україна","",""
"ГК Таврия","Готель / Гостиниця","Україна","",""
"Вітязь","Готель / Гостиниця","Україна","",""
"Конно-туристическая база ""Ход конем""","Готель / Гостиниця","Україна","",""
"Вилла Панорама","Готель / Гостиниця","Україна","",""
"Цветочек","Готель / Гостиниця","Україна","",""
"Дилия","Готель / Гостиниця","Україна","",""
"Оріль","Готель / Гостиниця","Україна","",""
"Нимфей","Готель / Гостиниця","Україна","",""
"4 Сезони","Готель / Гостиниця","Україна","",""
"Акорн","Готель / Гостиниця","Україна","",""
"Апартаменты на Стахановской","Готель / Гостиниця","Україна","","dionis.tmt@gmail.com"
"Рубикон","Готель / Гостиниця","Україна","",""
"999","Готель / Гостиниця","Україна","",""
"Таурус","Готель / Гостиниця","Україна","https://hotel-taurus.com/","reservation@hotel-taurus.com"
"32","Готель / Гостиниця","Україна","",""
"Марко","Готель / Гостиниця","Україна","",""
"Holiday Home Veselyi","Готель / Гостиниця","Україна","",""
"Отель Межводное","Готель / Гостиниця","Україна","",""
"Мини-отель Позитив","Готель / Гостиниця","Україна","",""
"612 кілометр","Готель / Гостиниця","Україна","",""
"Апогей","Готель / Гостиниця","Україна","",""
"У Людмилы","Готель / Гостиниця","Україна","",""
"Paradize","Готель / Гостиниця","Україна","",""
"Танго","Готель / Гостиниця","Україна","",""
"Элита","Готель / Гостиниця","Україна","",""
"Вилла Верона","Готель / Гостиниця","Україна","",""
"МСК ""Сокіл""","Готель / Гостиниця","Україна","",""
"7 небо","Готель / Гостиниця","Україна","https://7nebo-hotel.com/",""
"Лагуна Plus","Готель / Гостиниця","Україна","",""
"Олеандр","Готель / Гостиниця","Україна","",""
"Лагуна в Утесе","Готель / Гостиниця","Україна","",""
"X.O.","Готель / Гостиниця","Україна","",""
"Calipso","Готель / Гостиниця","Україна","",""
"Inter","Готель / Гостиниця","Україна","",""
"Афродита","Готель / Гостиниця","Україна","",""
"Гостинний Дворик","Готель / Гостиниця","Україна","",""
"Апартаменти","Готель / Гостиниця","Україна","",""
"Колегіум УКУ Гостьові кімнати","Готель / Гостиниця","Україна","",""
"Ghostel","Готель / Гостиниця","Україна","https://www.ghost-hostel.com/",""
"Antique House","Готель / Гостиниця","Дубно","",""
"Санленд","Готель / Гостиниця","Україна","",""
"Comfort24","Готель / Гостиниця","Україна","",""
"Веселая Скорпена","Готель / Гостиниця","Україна","",""
"Арпат Зеленогорье","Готель / Гостиниця","Україна","",""
"Золотой теленок","Готель / Гостиниця","Україна","",""
"Sleeport","Готель / Гостиниця","Україна","",""
"Мини-отель Валента","Готель / Гостиниця","Україна","",""
"Горинь","Готель / Гостиниця","Україна","",""
"PinkHouse","Готель / Гостиниця","Україна","",""
"Столичний","Готель / Гостиниця","Україна","",""
"Боярський двір","Готель / Гостиниця","Україна","",""
"Перший хостел у Черкасах","Готель / Гостиниця","Україна","",""
"Каштаны","Готель / Гостиниця","Україна","",""
"Гуртожиток КНУТКіТ ім. І. К. Карпенка-Карого","Готель / Гостиниця","Україна","",""
"Crimean Palais","Готель / Гостиниця","Україна","",""
"Єдина Родина","Готель / Гостиниця","Україна","","edunaroduna@rambler.ru"
"Фортель","Готель / Гостиниця","Україна","https://mini-oteli.kiev.ua/",""
"Оптіма","Готель / Гостиниця","Україна","https://reikartz.com/uk/hotels/vinnytsia",""
"5-й км","Готель / Гостиниця","Україна","","5-km@list.ru"
"Oasis Karpat","Готель / Гостиниця","Україна","",""
"Охотничий домик","Готель / Гостиниця","Україна","",""
"STAR","Готель / Гостиниця","Україна","",""
"Shelter Hostel","Готель / Гостиниця","Україна","",""
"Солнечная","Готель / Гостиниця","Україна","",""
"Soborniy Hostel","Готель / Гостиниця","Україна","",""
"дача","Готель / Гостиниця","Україна","",""
"Бахчисарай","Готель / Гостиниця","Україна","",""
"Алексік","Готель / Гостиниця","Україна","",""
"Алика","Готель / Гостиниця","Україна","",""
"Atlas Delux","Готель / Гостиниця","Україна","",""
"Залізний порт","Готель / Гостиниця","Україна","",""
"Вилла Валентина","Готель / Гостиниця","Україна","",""
"Гостинний Двір ""Синевир""","Готель / Гостиниця","Україна","",""
"Готельно-оздоровчий комплекс ""Волна""","Готель / Гостиниця","Україна","",""
"Hollywood Home Hostel","Готель / Гостиниця","Україна","https://hollywoodhomehostel.lviv.ua/",""
"Морская","Готель / Гостиниця","Україна","",""
"Вілла Лідія","Готель / Гостиниця","Україна","",""
"Отель ""Крым""","Готель / Гостиниця","Україна","","info@hotel-krym.org.ua"
"Optima Collection Харкiв","Готель / Гостиниця","Україна","","kharkiv@optimahotels.com.ua"
"Християна","Готель / Гостиниця","Україна","",""
"Lviv loft hostel","Готель / Гостиниця","Україна","",""
"Олива","Готель / Гостиниця","Україна","",""
"Садиба Йонаша","Готель / Гостиниця","Україна","",""
"На Макарова","Готель / Гостиниця","Україна","",""
"Slavyanka","Готель / Гостиниця","Україна","",""
"Буки","Готель / Гостиниця","Україна","",""
"Самікс","Готель / Гостиниця","Україна","","hello@samiks.com.ua"
"Білий рояль","Готель / Гостиниця","Україна","",""
"De Lisandru","Готель / Гостиниця","Україна","",""
"Чарда готель","Готель / Гостиниця","Україна","",""
"Знімальний павільйон проєкта ""зважені та щасливі""","Готель / Гостиниця","Україна","",""
"База відпочинку ""Аркада""","Готель / Гостиниця","Бердянск","http://arkada.zp.ua",""
"Odesa Pearl Apartment","Готель / Гостиниця","Одеса","",""
"Гуртожиток ПТУ №123","Готель / Гостиниця","Україна","",""
"Fresh House Hostel","Готель / Гостиниця","Україна","",""
"Blumarin","Готель / Гостиниця","Україна","blumarinhotel.com","blumarinhotel@yandex.ru"
"Мини-отель ""Триера""","Готель / Гостиниця","Україна","",""
"dalamiya","Готель / Гостиниця","Україна","",""
"Гуртожиток","Готель / Гостиниця","Україна","",""
"Империя","Готель / Гостиниця","Україна","",""
"Edem Resort","Готель / Гостиниця","Стрілки","https://edem-resort.com.ua/","info@edem.com.ua"
"Каролина","Готель / Гостиниця","Україна","",""
"Массандра","Готель / Гостиниця","Україна","",""
"Десна Кут","Готель / Гостиниця","Україна","",""
"Happy Hotel","Готель / Гостиниця","Україна","",""
"Береговой","Готель / Гостиниця","Україна","",""
"Хатки на пеньках","Готель / Гостиниця","Україна","",""
"Случ","Готель / Гостиниця","Україна","",""
"Перлина Азов'я","Готель / Гостиниця","Україна","",""
"Ночівля у Петра","Готель / Гостиниця","Україна","",""
"Nagykert (бограч)","Готель / Гостиниця","Україна","",""
"Hotel 39","Готель / Гостиниця","Україна","https://hotel39.in.ua/","info@hotel39.com.ua"
"Зодиак","Готель / Гостиниця","Україна","",""
"Берег","Готель / Гостиниця","Україна","http://bazabereg.com.ua/",""
"БФ Карітас-Золочів УГКЦ","Готель / Гостиниця","Україна","",""
"Белый парус","Готель / Гостиниця","Україна","",""
"Частная усадьба ""У Машеньки""","Готель / Гостиниця","Заозёрное","","gbc47@mail.ru"
"Пансионат Кобзарь","Готель / Гостиниця","Україна","","srs2106@ya.ru ;sales@kobzar-crimea.com.ua;info@kobzar-crimea.com.ua"
"Гуцульська хата","Готель / Гостиниця","Україна","",""
"Домик у Шабалиных","Готель / Гостиниця","Україна","",""
"У старого абрикоса","Готель / Гостиниця","Україна","","oldapricot@gmail.com"
"Шато Блан","Готель / Гостиниця","Україна","","shato.blan@yandex.ru"
"Wellland Hotel","Готель / Гостиниця","Україна","",""
"Мотельчик","Готель / Гостиниця","Україна","",""
"Villa iris","Готель / Гостиниця","Україна","",""
"Квартира","Готель / Гостиниця","Україна","",""
"Імперія","Готель / Гостиниця","Україна","",""
"Уютный дворик у Натали","Готель / Гостиниця","Україна","",""
"Пансионат ""Черноморский""","Готель / Гостиниця","Україна","",""
"Potter Globus","Готель / Гостиниця","Україна","",""
"Садиба у Анни","Готель / Гостиниця","Міжгір’я","",""
"Mala Praha","Готель / Гостиниця","Україна","",""
"Водний світ","Готель / Гостиниця","Україна","",""
"Rafa house","Готель / Гостиниця","Україна","",""
"Алея Гранд","Готель / Гостиниця","Україна","",""
"Підкова","Готель / Гостиниця","Україна","",""
"Садиба "" У Наташі""","Готель / Гостиниця","Україна","",""
"Translink-Ukraine","Готель / Гостиниця","Україна","",""
"Малахит","Готель / Гостиниця","Україна","",""
"Юсуповский","Готель / Гостиниця","Україна","",""
"Пансіонат „Надія“","Готель / Гостиниця","Україна","",""
"Гостевой апартамент","Готель / Гостиниця","Україна","",""
"Villa Gogol","Готель / Гостиниця","Україна","villagogol.com","villagogol3@gmail.com"
"Стіжковий рай","Готель / Гостиниця","Україна","",""
"СОК Гілея","Готель / Гостиниця","Україна","",""
"Уютная Дача","Готель / Гостиниця","Україна","",""
"У дяди Феди","Готель / Гостиниця","Україна","",""
"Одеса","Готель / Гостиниця","Україна","",""
"Salex","Готель / Гостиниця","Україна","",""
"Stupari","Готель / Гостиниця","Україна","",""
"Казка","Готель / Гостиниця","Україна","",""
"Готель ""Ашер""","Готель / Гостиниця","Україна","",""
"Тропиканка","Готель / Гостиниця","Україна","",""
"Пансионат ""Акрополь""","Готель / Гостиниця","Україна","","simella-bozoeva@mail.ru"
"База відпочинку Радуга","Готель / Гостиниця","Україна","",""
"У Елены","Готель / Гостиниця","Україна","","dklishenko@mail.ru"
"Закарпатський Прованс","Готель / Гостиниця","Україна","",""
"Чубаря 128.","Готель / Гостиниця","Україна","",""
"Вісак","Готель / Гостиниця","Україна","",""
"Panapami center","Готель / Гостиниця","Україна","",""
"Почаїв","Готель / Гостиниця","Україна","https://pochaiv-hotel.phnr.com/","reception@pochaiv-hotel.phnr.com; reservation@premier-palace.com; reservation@ha.kyiv.ua; reservation@lybid-hotel.phnr.com; inna.danylko@ha.kyiv.ua; reception@dnister.lviv.ua; reservation@dnister.lviv.ua; reservation@odesa-hotel.phnr.com; sales@odesa-hotel.phnr.com; design@hotelrus.kiev.ua; spm@dnister.lviv.ua; info@palazzo.com.ua; contracts@dnister.lviv.ua; conference@dnister.lviv.ua; reservation@hotel-aurora.com.ua; yuliya.bezkorovaina@ha.kyiv.ua; inna.kyrychok@ha.kyiv.ua; yuliya.korvat@ha.kyiv.ua; restadmin@ha.kyiv.ua; reservation@shafran-hotel.phnr.com; comments@phnr.com; reception@hotel-geneva.com.ua; reservation@geneva.phnr.com; conference@premier-palace.com; fc@premier-palace.com; concierge@premier-palace.com; grm@premier-palace.com; awards@phnr.com; ikigai@premier-palace.com; terracotta@premier-palace.com; atmosfera@premier-palace.com; medoc@premier-palace.com; sales@phnr.com; pr@phnr.com; quality@phnr.com; sales@lybid-hotel.phnr.com; sales1@lybid-hotel.phnr.com; sales2@lybid-hotel.phnr.com; conference@lybid-hotel.phnr.com; hr@phnr.com; marketing@lybid-hotel.phnr.com; ababanov@phnr.com; spr@dnister.lviv.ua; mrest@lybid-hotel.phnr.com; reservation@phnr.com; reservation@palazzo.com.ua; reservation2@palazzo.com.ua; reservation@miskolc-hotel.phnr.com; sales1@lybid-hotel.phnr.com/"
"Refat -Hotel","Готель / Гостиниця","Україна","",""
"Дача у моря","Готель / Гостиниця","Україна","","kursor25@mail.ru"
"Роза ветров","Готель / Гостиниця","Україна","",""
"Чемпион","Готель / Гостиниця","Україна","",""
"Готель Венеція","Готель / Гостиниця","Україна","",""
"У Татьяны","Готель / Гостиниця","Україна","",""
"Вежа Ведмежа","Готель / Гостиниця","Україна","",""
"Нива","Готель / Гостиниця","Україна","",""
"""Rent and Stay","Готель / Гостиниця","Україна","",""
"Rent and Stay Apartments","Готель / Гостиниця","Україна","",""
"Coffee Hostel","Готель / Гостиниця","Україна","",""
"На Черноморской","Готель / Гостиниця","Україна","","emiol76@mail.ru"
"Ялта-Круглый год","Готель / Гостиниця","Україна","",""
"Старый город","Готель / Гостиниця","Україна","","licom@list.ru"
"Россия","Готель / Гостиниця","Україна","",""
"Пансіонат ""Бриз""","Готель / Гостиниця","Україна","https://brizzatoka.com.ua/","brizdelux@tandem.ru"
"Grand Victoria","Готель / Гостиниця","Україна","",""
"Таврія","Готель / Гостиниця","Україна","",""
"Македония","Готель / Гостиниця","Україна","","koktebel-makedonia@yandex.ru"
"Капри","Готель / Гостиниця","Україна","http://kapri-hotel.com.ua","kapri-hotel@mail.ru"
"База відпочинку Магніт","Готель / Гостиниця","Україна","",""
"Дача Тиса","Готель / Гостиниця","Україна","",""
"Жемчужина","Готель / Гостиниця","Україна","",""
"Villa Dallas","Готель / Гостиниця","Україна","",""
"Луміниця","Готель / Гостиниця","Україна","",""
"Хвалена Хата","Готель / Гостиниця","Україна","",""
"База відпочинку ""Київська Чайка""","Готель / Гостиниця","Україна","",""
"Yaremche Club Hotel","Готель / Гостиниця","Україна","http://www.yaremche-club-hotel.com/ru/",""
"Шпацер","Готель / Гостиниця","Україна","",""
"Фонтуш","Готель / Гостиниця","Україна","","hotelfontush@ukr.net"
"Кімнати у приватному будинку","Готель / Гостиниця","Україна","",""
"Гостьова дача «У Іваничів»","Готель / Гостиниця","Україна","",""
"Мисливський Хутір","Готель / Гостиниця","Україна","",""
"База відпочинку ""Вітаміни+""","Готель / Гостиниця","Україна","",""
"У Ігора","Готель / Гостиниця","Україна","",""
"Дача Вікторії","Готель / Гостиниця","Україна","",""
"White piramid","Готель / Гостиниця","Україна","",""
"Подина","Готель / Гостиниця","Україна","",""
"база отдыха БРИЗ","Готель / Гостиниця","Україна","",""
"Приватна садиба ""Карпатська риболовля""","Готель / Гостиниця","Україна","",""
"Котедж ""ДЮК""","Готель / Гостиниця","Україна","",""
"Котедж №12 ""Затишок""","Готель / Гостиниця","Україна","",""
"Готель ""Тисовець""","Готель / Гостиниця","Україна","",""
"Котедж ""Аляска""","Готель / Гостиниця","Україна","",""
"Гірськолижний відпочинковий комплекс ""Орявчик""","Готель / Гостиниця","Україна","",""
"Приватна садиба ""Шале""","Готель / Гостиниця","Україна","",""
"Дом учёных","Готель / Гостиниця","Україна","",""
"Пансіонат Робінзон","Готель / Гостиниця","Україна","http://robinzon-azov.ks.ua",""
"Сiello Hostel","Готель / Гостиниця","Україна","http://ciellohostel.lviv.ua","info@ciellohostel.lviv.ua"
"У Жанни","Готель / Гостиниця","Україна","",""
"Family","Готель / Гостиниця","Україна","",""
"Зарічна","Готель / Гостиниця","Україна","",""
"Морской ангел","Готель / Гостиниця","Україна","",""
"Отель ""Sun Beach""","Готель / Гостиниця","Україна","",""
"Глория","Готель / Гостиниця","Україна","",""
"Гуртожиток #2","Готель / Гостиниця","Україна","",""
"Park plus hostel","Готель / Гостиниця","Україна","",""
"Агрооселя ""ОлЯр""","Готель / Гостиниця","Україна","",""
"South yard guest house","Готель / Гостиниця","Україна","",""
"Софія forest club","Готель / Гостиниця","Україна","",""
"Хурма","Готель / Гостиниця","Україна","",""
"Гостине подвір'я «Марія»","Готель / Гостиниця","Україна","",""
"АМБЕР","Готель / Гостиниця","Богородчани","",""
"Ночной путник","Готель / Гостиниця","Україна","",""
"Мини отель ""Залив""","Готель / Гостиниця","Україна","",""
"HEAT","Готель / Гостиниця","Україна","",""
"Atlantic guest house","Готель / Гостиниця","Україна","",""
"Янтарный","Готель / Гостиниця","Україна","",""
"Гостевой дом ""Буржуй""","Готель / Гостиниця","Україна","",""
"Хрустальный","Готель / Гостиниця","Україна","",""
"У Тетяни","Готель / Гостиниця","Україна","",""
"База відпочинку ""Ірина""","Готель / Гостиниця","Україна","https://shatsk.com/uk/recreations/iruna","svit.lanaka@gmail.com; shatskhelp@gmail.com"
"База відпочинку ""Аліса""","Готель / Гостиниця","Україна","https://shatsk.com/uk/recreations/alisa","shatskhelp@gmail.com"
"База відпочинку ""Мрія""","Готель / Гостиниця","Україна","https://shatsk.com/uk/recreations/mrija",""
"Гостинний котедж","Готель / Гостиниця","Україна","",""
"Котедж ""Secundo Vita""","Готель / Гостиниця","Україна","",""
"Лугова","Готель / Гостиниця","Україна","",""
"Світязький двір","Готель / Гостиниця","Україна","",""
"Смарагд","Готель / Гостиниця","Україна","",""
"Котедж ""Київ""","Готель / Гостиниця","Україна","",""
"Приватний сектор ""Успіх""","Готель / Гостиниця","Україна","",""
"Колорит","Готель / Гостиниця","Україна","",""
"Срібні роси","Готель / Гостиниця","Україна","","borzenkosvitlana@mail.ru"
"Садиба ""Хата-Карпата""","Готель / Гостиниця","Україна","",""
"Живиця","Готель / Гостиниця","Україна","",""
"Садиба ""У Надії""","Готель / Гостиниця","Україна","",""
"Садиба ""Яблунька""","Готель / Гостиниця","Україна","https://shatsk.com/uk/recreations/yablunka",""
"База ""Сімейний відпочинок""","Готель / Гостиниця","Україна","https://shatsk.com/uk/recreations/s-meyny_v-dpochinok",""
"Гірськолижний відпочинковий комплекс «Звенів»","Готель / Гостиниця","Україна","http://zveniv.com.ua/","zveniv@gmail.com"
"Aleksandra","Готель / Гостиниця","Україна","",""
"Русалка Дністрова","Готель / Гостиниця","Україна","",""
"Рожанка","Готель / Гостиниця","Україна","",""
"Медовий двір","Готель / Гостиниця","Україна","",""
"Садиба ""SVITLAKE HOTEL""","Готель / Гостиниця","Україна","https://shatsk.com/uk/recreations/svitlake_hotel",""
"Будинок відпочинку","Готель / Гостиниця","Україна","",""
"Barba's Dacha #1503","Готель / Гостиниця","Україна","",""
"Саттва","Готель / Гостиниця","Україна","",""
"Ateia","Готель / Гостиниця","Україна","","kubrak.brc@mail.ru"
"Готель Косів","Готель / Гостиниця","Україна","",""
"Хата Рибака","Готель / Гостиниця","Україна","",""
"Садиба Затишна","Готель / Гостиниця","Україна","",""
"Тая","Готель / Гостиниця","Україна","",""
"Еко-комплекс ""Царинка""","Готель / Гостиниця","Україна","",""
"""Oasis"" с бассейном","Готель / Гостиниця","Орловка","","myworkaccount@mail.ru"
"Домашний","Готель / Гостиниця","Україна","",""
"Seithalil","Готель / Гостиниця","Україна","",""
"Veles","Готель / Гостиниця","Україна","",""
"Мега-парус","Готель / Гостиниця","Україна","",""
"Геофізик","Готель / Гостиниця","Україна","",""
"Селекція","Готель / Гостиниця","Затока","",""
"Панорама","Готель / Гостиниця","Україна","",""
"Карпатська Вілла","Готель / Гостиниця","Україна","",""
"Гостиный дом","Готель / Гостиниця","Україна","",""
"Волна люкс","Готель / Гостиниця","Україна","",""
"Волна пансионат","Готель / Гостиниця","Україна","",""
"TIU Kreschatik","Готель / Гостиниця","Україна","",""
"Гідробудівник","Готель / Гостиниця","Україна","",""
"Эль Пабло","Готель / Гостиниця","Україна","",""
"Ласточка","Готель / Гостиниця","Україна","",""
"База відпочинку ""Нива""","Готель / Гостиниця","Україна","",""
"Високий берег","Готель / Гостиниця","Україна","",""
"Поліграфіст","Готель / Гостиниця","Україна","",""
"Hotel Geneva","Готель / Гостиниця","Україна","",""
"Люкс Готель ""Vegas""","Готель / Гостиниця","Україна","",""
"Кадош","Готель / Гостиниця","Україна","",""
"Превысоковъ","Готель / Гостиниця","Україна","",""
"Маяк","Готель / Гостиниця","Україна","","mayak.sevas@gmail.com"
"Коммунальная 1/3","Готель / Гостиниця","Україна","",""
"Галітея","Готель / Гостиниця","Україна","",""
"Фазенда у дяди Вити","Готель / Гостиниця","Україна","",""
"Villa Emma","Готель / Гостиниця","Україна","",""
"Парк Отель Алубика","Готель / Гостиниця","Україна","",""
"Отрада","Готель / Гостиниця","Україна","","336262@gmail.com"
"Морская жемчужина","Готель / Гостиниця","Черноморское","",""
"Жилье от частника","Готель / Гостиниця","Україна","",""
"Ниет","Готель / Гостиниця","Україна","",""
"Парадиз","Готель / Гостиниця","Україна","",""
"Канатна хостел","Готель / Гостиниця","Україна","",""
"База відпочинку «Родзинка»","Готель / Гостиниця","Україна","",""
"Золоте Кільце","Готель / Гостиниця","Україна","",""
"Европа","Готель / Гостиниця","Україна","","mara220468@mail.ru"
"""Рів'єра""","Готель / Гостиниця","Україна","",""
"Софіївський посад","Готель / Гостиниця","Україна","",""
"Atrium","Готель / Гостиниця","Україна","https://atriumhotel.com.ua/","atriumhotelaccommodation@gmail.com"
"Пансионат ""Ольга""","Готель / Гостиниця","Україна","","info@krym-otdyh.su"
"Алимова балка","Готель / Гостиниця","Україна","",""
"Шафран","Готель / Гостиниця","Україна","",""
"Дом творчества Актер","Готель / Гостиниця","Україна","",""
"Lago Casa","Готель / Гостиниця","Україна","",""
"Солнечная Жемчужина","Готель / Гостиниця","Україна","",""
"Відпочинковий комплекс ""Рибничанка""","Готель / Гостиниця","Україна","https://ribnichanka.com.ua/","ribnichanka.com.ua@gmail.com"
"Роман","Готель / Гостиниця","Україна","",""
"Морской","Готель / Гостиниця","Україна","",""
"Печора","Готель / Гостиниця","Україна","",""
"База відпочинку ""Океан""","Готель / Гостиниця","Україна","",""
"На Горбі","Готель / Гостиниця","Україна","https://www.hotel-sk.com.ua/",""
"Тарпанчи","Готель / Гостиниця","Україна","",""
"Спутник","Готель / Гостиниця","Волчанск","",""
"Сонячне","Готель / Гостиниця","Україна","",""
"Нафтовик","Готель / Гостиниця","Україна","",""
"Уютные номера","Готель / Гостиниця","Україна","",""
"Пансион ""Богема""","Готель / Гостиниця","Україна","",""
"База відпочинку «Баракуда»","Готель / Гостиниця","Україна","http://www.barakuda-gribovka.com/Live","info@barakuda-gribovka.com"
"12th floor Apartaments","Готель / Гостиниця","Україна","",""
"Эллада","Готель / Гостиниця","Україна","",""
"Astoria Hotel","Готель / Гостиниця","Україна","https://astoriahotel.ua/","reception@astoriahotel.ua; sales@astoriahotel.ua; reservation@astoriahotel.ua; fb@astoriahotel.ua; fom@astoriahotel.ua"
"Hostel Factory","Готель / Гостиниця","Україна","",""
"Лилия","Готель / Гостиниця","Україна","",""
"Туристичний комплекс Услад","Готель / Гостиниця","Україна","http://uslad.com.ua/",""
"Смуглянка","Готель / Гостиниця","Україна","",""
"Пансіонат","Готель / Гостиниця","Україна","",""
"Альянс","Готель / Гостиниця","Україна","",""
"TAKI-hostel","Готель / Гостиниця","Україна","",""
"Сосновий бір","Готель / Гостиниця","Україна","",""
"Хостел","Готель / Гостиниця","Україна","",""
"Квартира N5","Готель / Гостиниця","Україна","",""
"Экватор","Готель / Гостиниця","Україна","","ekvarormore@gmail.com"
"Вилла ""Флоренция""","Готель / Гостиниця","Україна","","villa-firenze@mail.ru"
"Кімнати для гостей міста","Готель / Гостиниця","Україна","",""
"Гостевой дом у Веры","Готель / Гостиниця","Україна","",""
"Крісталіна","Готель / Гостиниця","Україна","",""
"Готель Старий Банк","Готель / Гостиниця","Україна","",""
"Арарат","Готель / Гостиниця","Україна","",""
"Готель ""Рава""","Готель / Гостиниця","Україна","",""
"""Старий Плай""","Готель / Гостиниця","Україна","",""
"""Крапка""","Готель / Гостиниця","Україна","",""
"Bartolomeo","Готель / Гостиниця","Україна","",""
"Пансіонат Чорномор","Готель / Гостиниця","Україна","",""
"Рафаель","Готель / Гостиниця","Зубра","https://rafael.com.ua/en/hotel/",""
"Дольче Віта","Готель / Гостиниця","Україна","","sjanuk2911@gmail.com"
"Olive Hostel","Готель / Гостиниця","Україна","https://olivehostel.com.ua/",""
"Родная гавань","Готель / Гостиниця","Україна","",""
"Садиба у Зумера","Готель / Гостиниця","Україна","",""
"Світязький хуторок","Готель / Гостиниця","Україна","",""
"Білий лебідь","Готель / Гостиниця","Україна","",""
"Ibis Styles Lviv Hotel","Готель / Гостиниця","Україна","http://www.ibis.com/",""
"Пансионат Мечта","Готель / Гостиниця","Україна","",""
"Флоріана","Готель / Гостиниця","Україна","",""
"Ангель","Готель / Гостиниця","Україна","https://villa-angel.com.ua/","irina_olefir@mail.ru"
"Светомир","Готель / Гостиниця","Україна","",""
"Отдых на Азовском море","Готель / Гостиниця","Україна","",""
"Vivo hotel","Готель / Гостиниця","Україна","",""
"Соната","Готель / Гостиниця","Україна","https://sonatahotel.com.ua/","info@sonatahotel.com.ua"
"Гринцовский","Готель / Гостиниця","Україна","",""
"База ""Перлина Карпат""","Готель / Гостиниця","Україна","",""
"место отдыха","Готель / Гостиниця","Україна","",""
"ЖК ""Паркові озера""","Готель / Гостиниця","Україна","",""
"База відпочинку ""Водний світ""","Готель / Гостиниця","Україна","https://www.vodamir.com/","vodamir@list.ru"
"Парк Авеню","Готель / Гостиниця","Україна","",""
"Римби кибитка","Готель / Гостиниця","Україна","",""
"На Підградській","Готель / Гостиниця","Україна","",""
"Горец","Готель / Гостиниця","Україна","",""
"Охотничий хутор","Готель / Гостиниця","Україна","",""
"Турбаза","Готель / Гостиниця","Україна","",""
"Вилла ""Пена""","Готель / Гостиниця","Україна","",""
"Галіан","Готель / Гостиниця","Україна","",""
"Бругмансия","Готель / Гостиниця","Україна","",""
"Акварель","Готель / Гостиниця","Україна","",""
"Пол","Готель / Гостиниця","Україна","",""
"Dream","Готель / Гостиниця","Україна","",""
"Готель 24","Готель / Гостиниця","Україна","",""
"Маєток ""Чумаки""","Готель / Гостиниця","Україна","",""
"Світоч","Готель / Гостиниця","Україна","",""
"Турбаза Катран","Готель / Гостиниця","Україна","",""
"у Антонины","Готель / Гостиниця","Україна","",""
"Стрелецкий проезд 34","Готель / Гостиниця","Україна","",""
"Zalatoi Colos","Готель / Гостиниця","Україна","",""
"Одиссей","Готель / Гостиниця","Україна","",""
"Десятка","Готель / Гостиниця","Україна","",""
"Ч 54","Готель / Гостиниця","Україна","",""
"База відпочинку ""Луна""","Готель / Гостиниця","Україна","",""
"Ирина","Готель / Гостиниця","Україна","","newtone@mail.ru"
"Olga shtorm","Готель / Гостиниця","Україна","",""
"Центр хостел","Готель / Гостиниця","Україна","",""
"Викинг","Готель / Гостиниця","Україна","",""
"Семейный отель на Отрадной","Готель / Гостиниця","Україна","",""
"Labamba","Готель / Гостиниця","Україна","",""
"Горний орел","Готель / Гостиниця","Україна","","orel.3030@gmail.com"
"Ковчeг","Готель / Гостиниця","Україна","",""
"Садиба ""Манкурт""","Готель / Гостиниця","Україна","",""
"Оксана","Готель / Гостиниця","Україна","",""
"Високий Камінь","Готель / Гостиниця","Україна","",""
"Villa Alpiyka (Вілла Альпійка)","Готель / Гостиниця","Україна","",""
"Подолянка","Готель / Гостиниця","Україна","",""
"Апартаменти ""Під Святим Духом""","Готель / Гостиниця","Україна","http://apart.hostel-lviv.com.ua",""
"Риека","Готель / Гостиниця","Україна","",""
"Здравниця Карпат","Готель / Гостиниця","Україна","",""
"Casa Familiar","Готель / Гостиниця","Україна","",""
"Шелен","Готель / Гостиниця","Україна","","shelen.sudak@mail.ru"
"Бабуля біля річки","Готель / Гостиниця","Україна","",""
"База відпочинку Загар","Готель / Гостиниця","Україна","https://zagar-zatoka.od.ua/",""
"Сафар","Готель / Гостиниця","Україна","",""
"Чумацький шлях","Готель / Гостиниця","Україна","",""
"Тавель","Готель / Гостиниця","Україна","",""
"Барви карпат","Готель / Гостиниця","Україна","","romanburak@gmail.com"
"Дім художника","Готель / Гостиниця","Україна","",""
"Каспій","Готель / Гостиниця","Україна","",""
"Хостел Тапки","Готель / Гостиниця","Україна","",""
"ЛОЦ Нижний Мисхор","Готель / Гостиниця","Україна","","n-mishor@rambler.ru"
"У Графского парка","Готель / Гостиниця","Україна","",""
"База відпочинку ""Дніпро""","Готель / Гостиниця","Україна","https://otdih.dp.ua/","baza.uspex@gmail.com"
"Кристал","Готель / Гостиниця","Україна","https://ua.dorogovkaz.com/baza_otdyha_kristall.php",""
"ua Mikuliczyn Karpaty 2016","Готель / Гостиниця","Україна","",""
"Suncity","Готель / Гостиниця","Україна","",""
"Приватна садиба ""Асторія""","Готель / Гостиниця","Україна","",""
"Hotel De Luxe","Готель / Гостиниця","Україна","",""
"Жильё у Олега","Готель / Гостиниця","Україна","",""
"212","Готель / Гостиниця","Україна","http://отель212.рф/","support@beget.com"
"Ґуцулвіль","Готель / Гостиниця","Україна","","hutsulvil@gmail.com"
"Біла садиба","Готель / Гостиниця","Україна","",""
"Ярослава Мудрого 13а","Готель / Гостиниця","Україна","",""
"Апартамент отель ""Вегас""","Готель / Гостиниця","Україна","http://1crimea.com/-vegas",""
"Хостел 'Сагайдачний'","Готель / Гостиниця","Україна","http://camp.zp.ua",""
"Світязь","Готель / Гостиниця","Україна","",""
"Маєток Івана Купала","Готель / Гостиниця","Україна","",""
"Арт-отель ""Азор""","Готель / Гостиниця","Україна","",""
"Власов","Готель / Гостиниця","Україна","",""
"""Шацькі озера""","Готель / Гостиниця","Україна","",""
"Азовська пристань","Готель / Гостиниця","Україна","",""
"Наталка Полтавка","Готель / Гостиниця","Україна","",""
"Чорногора","Готель / Гостиниця","Україна","",""
"Сита хата","Готель / Гостиниця","Україна","",""
"Антей","Готель / Гостиниця","Україна","",""
"Остров Добра (семейный лагерь)","Готель / Гостиниця","Україна","","arendavatikan@gmail.com"
"Синевір","Готель / Гостиниця","Україна","",""
"Еко-карпати","Готель / Гостиниця","Україна","",""
"Зелёный рай","Готель / Гостиниця","Україна","","lenatroinyak@mail.ru"
"Marenero Hotel","Готель / Гостиниця","Україна","https://www.hotelmarenero.com/","info@hotelmarenero.com"
"Готель ""Бумеранг""","Готель / Гостиниця","Україна","http://hotel-bumerang.lviv.ua/",""
"Вілла Вінланда","Готель / Гостиниця","Україна","",""
"Амбасадор плаза","Готель / Гостиниця","Україна","https://ambassador-hotel.com.ua/","ambassadorplaza@gmail.com"
"База ""Динамо""","Готель / Гостиниця","Україна","",""
"Песочная бухта","Готель / Гостиниця","Україна","",""
"Гостевой дом Александры","Готель / Гостиниця","Україна","",""
"СТ ""Садко"" Дальні сади","Готель / Гостиниця","Україна","",""
"Sudak International Hostel","Готель / Гостиниця","Україна","",""
"Азовська 15а","Готель / Гостиниця","Україна","",""
"Hotel VIP","Готель / Гостиниця","Україна","https://www.vipcomplex.com.ua/",""
"у Можжевельника","Готель / Гостиниця","Україна","",""
"Щепка","Готель / Гостиниця","Україна","",""
"У Дiда","Готель / Гостиниця","Україна","",""
"Летний дворик","Готель / Гостиниця","Україна","",""
"Пансионат ""Трехгорка""","Готель / Гостиниця","Україна","",""
"Арартаменты на любой вкус","Готель / Гостиниця","Україна","",""
"Гостиница ""Фиорд""","Готель / Гостиниця","Україна","",""
"Іван і Ко","Готель / Гостиниця","Україна","",""
"СОГ Белая акация","Готель / Гостиниця","Україна","",""
"Вилла Del Mar","Готель / Гостиниця","Україна","",""
"Like хостел","Готель / Гостиниця","Україна","","krуmhostel@mail.ru"
"б/о Акватика","Готель / Гостиниця","Україна","",""
"вул. 12 Лінія","Готель / Гостиниця","Україна","",""
"Ольвія","Готель / Гостиниця","Україна","",""
"Радуга","Готель / Гостиниця","Україна","",""
"Мини-отель","Готель / Гостиниця","Україна","",""
"Riviera Sunrise Resort & Spa","Готель / Гостиниця","Україна","",""
"Круті кошики","Готель / Гостиниця","Україна","",""
"Садиба мрій","Готель / Гостиниця","Україна","",""
"Сербест","Готель / Гостиниця","Україна","",""
"Золотые купола","Готель / Гостиниця","Україна","",""
"ЖК Гранд Виллас","Готель / Гостиниця","Україна","https://www.grand-villas.com.ua/","k_mari@i.ua"
"отель ""Крошка Енот""","Готель / Гостиниця","Україна","",""
"Околиця","Готель / Гостиниця","Україна","",""
"Квартири","Готель / Гостиниця","Україна","",""
"Учительські квартири","Готель / Гостиниця","Україна","",""
"Міні-готель Криша","Готель / Гостиниця","Україна","",""
"Нуне","Готель / Гостиниця","Україна","",""
"Лукомор'є","Готель / Гостиниця","Україна","",""
"Атлас","Готель / Гостиниця","Україна","","deltakrim@mail.ru"
"Мозамбик","Готель / Гостиниця","Україна","",""
"Купідон","Готель / Гостиниця","Україна","",""
"Смак","Готель / Гостиниця","Україна","",""
"Прованс","Готель / Гостиниця","Україна","",""
"Нептун","Готель / Гостиниця","Україна","",""
"Алупка хауз","Готель / Гостиниця","Україна","",""
"Приватна садиба ""Київська Оселя""","Готель / Гостиниця","Україна","",""
"Гостевой Дом у Арсена","Готель / Гостиниця","Україна","","nurislamov@yandex.ru"
"Рідний дім","Готель / Гостиниця","Україна","",""
"Шоколад","Готель / Гостиниця","Україна","",""
"Дом Солнца","Готель / Гостиниця","Україна","",""
"Шале Фільварок","Готель / Гостиниця","Україна","","filvarok_s@i.ua"
"J&B","Готель / Гостиниця","Україна","",""
"Гірське повітря","Готель / Гостиниця","Україна","",""
"Будинок художника","Готель / Гостиниця","Україна","",""
"Готельний комплекс","Готель / Гостиниця","Україна","",""
"SG Hostel","Готель / Гостиниця","Україна","",""
"Exclusive","Готель / Гостиниця","Україна","",""
"Котедж на березі озера","Готель / Гостиниця","Україна","",""
"Фонтан","Готель / Гостиниця","Україна","","fontanhotel@gcn.ua"
"Привал странника","Готель / Гостиниця","Україна","",""
"Апельсин","Готель / Гостиниця","Україна","",""
"Комплекс Лето","Готель / Гостиниця","Україна","","krym.leto@mail.ru"
"Садиба ""Берізка""","Готель / Гостиниця","Україна","http://bazaberizka.vn.ua/",""
"Альпійський","Готель / Гостиниця","Україна","",""
"Злата","Готель / Гостиниця","Україна","",""
"Діана","Готель / Гостиниця","Україна","",""
"Виноробного господарства Князя П. М. Трубецкого","Готель / Гостиниця","Україна","",""
"Гончарi","Готель / Гостиниця","Україна","",""
"Континент","Готель / Гостиниця","Україна","",""
"Готель Остер","Готель / Гостиниця","Україна","",""
"Рибачий хутор","Готель / Гостиниця","Україна","","afalin.od@gmail.com"
"Вілла Віта","Готель / Гостиниця","Україна","",""
"Поворот","Готель / Гостиниця","Україна","",""
"Релакс","Готель / Гостиниця","Україна","",""
"Князь Голицын","Готель / Гостиниця","Україна","",""
"Млин","Готель / Гостиниця","Україна","","melnitsakoropovo@gmail.com"
"Гостьовий будинок ""Пенати""","Готель / Гостиниця","Україна","","booking@penates-kharkiv.com.ua"
"Капитан Морган","Готель / Гостиниця","Україна","",""
"Садиба Панське","Готель / Гостиниця","Україна","","panske.kosiv@gmail.com"
"Кінашівка","Готель / Гостиниця","Гребенів","","lysrom@gmail.com"
"Старий двір","Готель / Гостиниця","Україна","",""
"Парк Отель Романова","Готель / Гостиниця","Україна","",""
"Атлантік","Готель / Гостиниця","Україна","",""
"Marry Land","Готель / Гостиниця","Україна","",""
"Классный отдых","Готель / Гостиниця","Україна","","nikolay_feodos@mail.ru"
"Villa Lavanda","Готель / Гостиниця","Україна","",""
"Закрут","Готель / Гостиниця","Україна","",""
"Амарант","Готель / Гостиниця","Україна","",""
"Snug House","Готель / Гостиниця","Новый Свет","","novyj-svet@yandex.ru"
"На гачок","Готель / Гостиниця","Україна","",""
"у Ольги","Готель / Гостиниця","Україна","",""
"АУТ","Готель / Гостиниця","Україна","",""
"Каталонія","Готель / Гостиниця","Україна","",""
"СТ Успех","Готель / Гостиниця","Україна","",""
"Толясь","Готель / Гостиниця","Україна","",""
"Рибальська база","Готель / Гостиниця","Україна","",""
"Апартаменти ""Дерибас""","Готель / Гостиниця","Україна","https://www.hotel-deribas.com/","derybas.hotel@gmail.com"
"Дипломат","Готель / Гостиниця","Україна","",""
"yeni hostel","Готель / Гостиниця","Україна","",""
"V12","Готель / Гостиниця","Україна","",""
"Алтарис","Готель / Гостиниця","Україна","",""
"Літера","Готель / Гостиниця","Україна","https://hotellitera.com/","reception@hotellitera.com"
"У Мухана","Готель / Гостиниця","Україна","",""
"Садиба ""у Бажанів""","Готель / Гостиниця","Україна","",""
"Вершина","Готель / Гостиниця","Україна","",""
"На Украинской","Готель / Гостиниця","Україна","",""
"ДТО "" Вероника""","Готель / Гостиниця","Україна","",""
"Радич","Готель / Гостиниця","Україна","",""
"Замарстинівська","Готель / Гостиниця","Україна","","lyhva@i.ua"
"неХостел","Готель / Гостиниця","Україна","",""
"ул Кривоноса 27","Готель / Гостиниця","Україна","",""
"Українська","Готель / Гостиниця","Україна","",""
"Готельний комплекс Едельвейс","Готель / Гостиниця","Україна","",""
"Санаторій «Збруч»","Готель / Гостиниця","Україна","https://sbruch.com.ua/","info@sbruch.com.ua"
"Белый остров","Готель / Гостиниця","Україна","",""
"Готель ""Оазіс""","Готель / Гостиниця","Україна","",""
"Нерудтехпром","Готель / Гостиниця","Україна","",""
"Rudolfo","Готель / Гостиниця","Україна","",""
"Panorama","Готель / Гостиниця","Україна","",""
"Royal City Hotel","Готель / Гостиниця","Україна","",""
"Канака Люкс","Готель / Гостиниця","Україна","",""
"Либідь","Готель / Гостиниця","Україна","",""
"Гуртожиток Луганської Державної Академії Культури та Мистецтв","Готель / Гостиниця","Україна","",""
"Nika Hotel","Готель / Гостиниця","Україна","",""
"Ресторан готель Гуляй Поле","Готель / Гостиниця","Україна","",""
"Ведмежатники","Готель / Гостиниця","Україна","",""
"Альпійський Двір","Готель / Гостиниця","Славське","","info@alpenhof.com.ua"
"Казка Карпат","Готель / Гостиниця","Україна","",""
"Готель Октан","Готель / Гостиниця","Україна","",""
"Чотири сезони","Готель / Гостиниця","Україна","",""
"Riviera","Готель / Гостиниця","Україна","",""
"PLATIUM","Готель / Гостиниця","Україна","",""
"Енергобудівельник","Готель / Гостиниця","Україна","",""
"Hotel Travel","Готель / Гостиниця","Україна","",""
"Львів Хостел","Готель / Гостиниця","Україна","",""
"ДОК ""Новоотрадное-1""","Готель / Гостиниця","Україна","",""
"Гостевой дом Одиссей","Готель / Гостиниця","Україна","",""
"Silveroks hotel","Готель / Гостиниця","Україна","",""
"Охотничье хозяйство ""Холодная гора""","Готель / Гостиниця","Україна","",""
"Домовладение Морское","Готель / Гостиниця","Україна","","otrada2v@gmail.com"
"Ягуар","Готель / Гостиниця","Україна","",""
"Guesthouse Yukka","Готель / Гостиниця","Україна","",""
"Пальміра","Готель / Гостиниця","Україна","",""
"Газдівська Хижа","Готель / Гостиниця","Україна","",""
"Inn Lviv","Готель / Гостиниця","Україна","",""
"Эйлат","Готель / Гостиниця","Україна","",""
"Зюйд","Готель / Гостиниця","Україна","",""
"Спелеохата Бориса Гори","Готель / Гостиниця","Україна","",""
"Міні готель „Фортуна“","Готель / Гостиниця","Україна","",""
"Парк-готель „Берізка“","Готель / Гостиниця","Україна","",""
"Пансіонат „Тетяна“","Готель / Гостиниця","Україна","",""
"Дім, милий дім...","Готель / Гостиниця","Україна","",""
"Хата на Струнгах","Готель / Гостиниця","Україна","",""
"Кирилловка","Готель / Гостиниця","Україна","",""
"Play Hostel Lviv","Готель / Гостиниця","Україна","https://playhostel.wixsite.com/playhostel",""
"Бабушка Лида","Готель / Гостиниця","Україна","",""
"Кобзарева Колиска","Готель / Гостиниця","Україна","",""
"Цікаві апартаменти","Готель / Гостиниця","Україна","",""
"Акунаматата","Готель / Гостиниця","Україна","",""
"База відпочинку ""57 километр""","Готель / Гостиниця","Україна","",""
"Ника 2","Готель / Гостиниця","Україна","",""
"Ольга та Валентина","Готель / Гостиниця","Україна","",""
"У Саши","Готель / Гостиниця","Україна","",""
"Metro hotel apartments","Готель / Гостиниця","Україна","metrohotelapartments.com",""
"""Смайл""","Готель / Гостиниця","Україна","","smile.sevas@ya.ru"
"Сковороди 8","Готель / Гостиниця","Україна","","commaglt@gmail.com"
"У Ерiкi","Готель / Гостиниця","Україна","",""
"On The Square Hotel","Готель / Гостиниця","Україна","https://onthesquarelviv.com/","info@onthesquarelviv.com"
"Frapolli","Готель / Гостиниця","Україна","https://frapolli-hotel.com/","hotel.frapolli@gmail.com"
"Ред Руф","Готель / Гостиниця","Україна","",""
"Люкс","Готель / Гостиниця","Україна","",""
"Элина","Готель / Гостиниця","Курортное","",""
"Готель «Bless Village»","Готель / Гостиниця","Україна","",""
"Villa Valencia","Готель / Гостиниця","Україна","",""
"Ріва","Готель / Гостиниця","Україна","",""
"Mukachevo Room to Rent","Готель / Гостиниця","Україна","",""
"""Гостинец""","Готель / Гостиниця","Україна","","gostynets.if.ua@gmail.com"
"Пансіонат Новопетрівка","Готель / Гостиниця","Україна","http://novopetrovka.com.ua",""
"У Нины","Готель / Гостиниця","Україна","",""
"Paradise","Готель / Гостиниця","Україна","",""
"ВФПБ","Готель / Гостиниця","Україна","",""
"Берегиня","Готель / Гостиниця","Україна","",""
"Мисливський Двір","Готель / Гостиниця","Україна","",""
"Смерековий Двір","Готель / Гостиниця","Україна","",""
"Жди ня Єво","Готель / Гостиниця","Україна","",""
"Пансионат Лето","Готель / Гостиниця","Україна","",""
"Френдлі Хаус","Готель / Гостиниця","Україна","",""
"Hotel ""Stella Residence Club""","Готель / Гостиниця","Одеса","",""
"Студия люкс","Готель / Гостиниця","Україна","",""
"Квартира люкс","Готель / Гостиниця","Україна","","200let@i.ua"
"Єгер","Готель / Гостиниця","Україна","",""
"В Катерини","Готель / Гостиниця","Україна","",""
"Юрта","Готель / Гостиниця","Україна","",""
"Персона Ґрата","Готель / Гостиниця","Україна","",""
"Студия","Готель / Гостиниця","Україна","",""
"Отель Орхидея","Готель / Гостиниця","Феодосия","http://феодосия-орхидея.рф","zx111xz@rambler.ru"
"Гуртожиток ""Запоріжсталь""","Готель / Гостиниця","Україна","",""
"Lavanda Country Club","Готель / Гостиниця","Україна","https://www.lavandahotel.com.ua/","lavandafront@gmail.com"
"Пансионат «Светоч»","Готель / Гостиниця","Україна","",""
"Вилла Венеция","Готель / Гостиниця","Україна","",""
"Дом","Готель / Гостиниця","Україна","",""
"Готель ""Коростень""","Готель / Гостиниця","Україна","https://hotelkorosten.pp.ua","korhotel@ukr.net"
"Готель ""Ольга""","Готель / Гостиниця","Україна","www.olga-hotel.com.ua",""
"Drive Hostel","Готель / Гостиниця","Україна","",""
"Туристичний комплекс ""Новий Сезон""","Готель / Гостиниця","Україна","",""
"Тростян Резорт","Готель / Гостиниця","Україна","",""
"Садиба „У Сазанських“","Готель / Гостиниця","Україна","",""
"Багончик","Готель / Гостиниця","Україна","",""
"Villa Brusnika","Готель / Гостиниця","Україна","",""
"10 Room Hotel","Готель / Гостиниця","Україна","",""
"Мой дом","Готель / Гостиниця","Україна","",""
"ДеЛюкс","Готель / Гостиниця","Україна","",""
"Золотая рыбка","Готель / Гостиниця","Україна","","888volovski@mail.ru"
"Шанс","Готель / Гостиниця","Україна","",""
"Sun","Готель / Гостиниця","Україна","http://hostel-sun.net.ua/",""
"Кактус","Готель / Гостиниця","Україна","",""
"Солнечные дни","Готель / Гостиниця","Україна","",""
"Эспаньола","Готель / Гостиниця","Україна","","yuliya.espanyola@mail.ru"
"К&Т","Готель / Гостиниця","Україна","",""
"Околиця (сауна)","Готель / Гостиниця","Ворзель","",""
"Приют странника","Готель / Гостиниця","Україна","","1009sofronova@gmail.com"
"Летючий голландець","Готель / Гостиниця","Україна","",""
"Гуртожиток «Пузата Хата»","Готель / Гостиниця","Україна","",""
"Одеса Комфорт Хаус","Готель / Гостиниця","Україна","",""
"Горал","Готель / Гостиниця","Поляниця","",""
"Міні-готель ""Страйк""","Готель / Гостиниця","Україна","",""
"У Володимира","Готель / Гостиниця","Україна","",""
"Адмирал","Готель / Гостиниця","Україна","",""
"Лоцман","Готель / Гостиниця","Україна","",""
"Вотчина","Готель / Гостиниця","Україна","",""
"Хутірок","Готель / Гостиниця","Україна","",""
"База отдыха ""Рубин""","Готель / Гостиниця","Україна","",""
"туристическо-оздоровительный комплекс ""Маяк""","Готель / Гостиниця","Україна","",""
"Hostel Elephant","Готель / Гостиниця","Україна","",""
"Європейська","Готель / Гостиниця","Україна","",""
"Посейдон","Готель / Гостиниця","Україна","","poseidon@step.ua"
"Reikartz","Готель / Гостиниця","Україна","https://reikartz.com/hotels/mariupol/",""
"Морська","Готель / Гостиниця","Україна","",""
"Mari Hotel","Готель / Гостиниця","Україна","",""
"Venezia","Готель / Гостиниця","Україна","",""
"Зелений клин","Готель / Гостиниця","Україна","",""
"База відпочинку ""Комарово""","Готель / Гостиниця","Україна","",""
"Франція","Готель / Гостиниця","Україна","https://www.hotelfrance.com.ua/","hotelfrance@ukr.net"
"У Сємьонича","Готель / Гостиниця","Україна","",""
"Усадьба","Готель / Гостиниця","Україна","",""
"Вілла Роз","Готель / Гостиниця","Тетерівка","",""
"Гранд Спорт","Готель / Гостиниця","Україна","",""
"Отель Медовый Месяц","Готель / Гостиниця","Україна","",""
"Крепость","Готель / Гостиниця","Україна","",""
"Олімп","Готель / Гостиниця","Україна","",""
"Етно хата","Готель / Гостиниця","Україна","",""
"Міні-готель „La Terrasse“","Готель / Гостиниця","Україна","",""
"Роса лісу","Готель / Гостиниця","Україна","",""
"Pogar White","Готель / Гостиниця","Україна","",""
"Гостиница Массандра","Готель / Гостиниця","Україна","",""
"У Поттера","Готель / Гостиниця","Україна","",""
"Євроапартаменти","Готель / Гостиниця","Україна","",""
"Сонячна дача","Готель / Гостиниця","Україна","",""
"Мари-Мар","Готель / Гостиниця","Україна","",""
"Гостевой дом Орлиное","Готель / Гостиниця","Орлиное","","elza-krym@yandex.ru"
"Коля","Готель / Гостиниця","Україна","",""
"Олд Порт","Готель / Гостиниця","Україна","",""
"Лігена","Готель / Гостиниця","Україна","",""
"Німецька","Готель / Гостиниця","Україна","",""
"Англійська","Готель / Гостиниця","Україна","",""
"Дім","Готель / Гостиниця","Україна","",""
"Апартаменти Мізенцевих","Готель / Гостиниця","Україна","",""
"Екодворик","Готель / Гостиниця","Україна","",""
"Жемчужина Затоки","Готель / Гостиниця","Україна","",""
"База відпочинку ""Дача""","Готель / Гостиниця","Україна","",""
"База відпочинку ""Хуторок""","Готель / Гостиниця","Україна","",""
"Апарт-отель ""Воронцовский""","Готель / Гостиниця","Мисхор","",""
"Адмірал Грейг","Готель / Гостиниця","Україна","",""
"У Чижика","Готель / Гостиниця","Україна","",""
"Fainyi HOSTEL","Готель / Гостиниця","Україна","",""
"Готель ""Сталь""","Готель / Гостиниця","Україна","",""
"Тамерлан","Готель / Гостиниця","Україна","","tamerlanesc@gmail.com"
"Услад","Готель / Гостиниця","Україна","",""
"Абориген","Готель / Гостиниця","Україна","",""
"Вілла Морська","Готель / Гостиниця","Україна","",""
"Принцесса","Готель / Гостиниця","Україна","","info@princessa-krym.ru"
"ГРК ""Три Бобри""","Готель / Гостиниця","Україна","",""
"Слов'янськ","Готель / Гостиниця","Україна","",""
"Сдается флигель","Готель / Гостиниця","Україна","",""
"С/Т Рыбак 1","Готель / Гостиниця","Україна","",""
"Лаура","Готель / Гостиниця","Україна","",""
"Луна","Готель / Гостиниця","Україна","",""
"Царское подворье","Готель / Гостиниця","Україна","",""
"Три Богатыря","Готель / Гостиниця","Україна","",""
"Приватний пансіонат ""Миру 9""","Готель / Гостиниця","Україна","https://mira9.vkyrse.net","nic.dp.ua@gmail.com"
"4Rooms","Готель / Гостиниця","Україна","",""
"Дача на лето","Готель / Гостиниця","Україна","","margo-crimean@mail.ru"
"Здание","Готель / Гостиниця","Україна","",""
"Аркан","Готель / Гостиниця","Україна","",""
"Домик скульптора","Готель / Гостиниця","Україна","",""
"Майя","Готель / Гостиниця","Симферополь","",""
"Алекс","Готель / Гостиниця","Україна","",""
"Бирюзовая Бухта","Готель / Гостиниця","Україна","",""
"У Татьяны Александровны","Готель / Гостиниця","Україна","",""
"Рандеву","Готель / Гостиниця","Україна","http://www.mini-hotel.kiev.ua/",""
"Казак","Готель / Гостиниця","Україна","",""
"Озерний бриз","Готель / Гостиниця","Україна","",""
"Санаторій-профілакторій комбінату Ілліча","Готель / Гостиниця","Україна","",""
"У нас як вдома","Готель / Гостиниця","Україна","",""
"Нива/Дитячий​ світ","Готель / Гостиниця","Україна","",""
"Водолій","Готель / Гостиниця","Україна","",""
"Richka cottages","Готель / Гостиниця","Україна","",""
"Апартаменты на Садовой","Готель / Гостиниця","Україна","",""
"Панаехало","Готель / Гостиниця","Україна","","panaehalomotel@gmail.com"
"Велес","Готель / Гостиниця","Україна","",""
"Хата Подопригора","Готель / Гостиниця","Україна","",""
"Даламия отель","Готель / Гостиниця","Україна","",""
"Отель Олимп","Готель / Гостиниця","Україна","",""
"Давір","Готель / Гостиниця","Україна","",""
"У Цімбора","Готель / Гостиниця","Україна","","chanucimbora@gmail.com"
"Villa Nina","Готель / Гостиниця","Україна","",""
"Фиолент гостишка","Готель / Гостиниця","Україна","",""
"Міні-готель Лілія","Готель / Гостиниця","Україна","",""
"Рыбацкая слобода","Готель / Гостиниця","Україна","",""
"Паломницький центр Івано-Франківської архієпархії УГКЦ","Готель / Гостиниця","Україна","",""
"Гнёздышко","Готель / Гостиниця","Україна","",""
"Вилла Фламинго","Готель / Гостиниця","Україна","",""
"Дом у моря","Готель / Гостиниця","Україна","",""
"Запорожская сечь","Готель / Гостиниця","Україна","",""
"Юлия","Готель / Гостиниця","Україна","",""
"Камполь","Готель / Гостиниця","Україна","",""
"Вилла Нимфей","Готель / Гостиниця","Україна","",""
"МІКС","Готель / Гостиниця","Україна","",""
"Борода;Самообслуживания","Готель / Гостиниця","Україна","","info.boroda@mail.ru"
"Отель ""Равенна""","Готель / Гостиниця","Україна","",""
"Али-Баба","Готель / Гостиниця","Україна","",""
"Сапфир","Готель / Гостиниця","Україна","",""
"Приватний будинок","Готель / Гостиниця","Україна","",""
"Приватна будівля","Готель / Гостиниця","Україна","",""
"Лаборатория Приключений","Готель / Гостиниця","Україна","",""
"Будьмо","Готель / Гостиниця","Україна","",""
"Будьмо здорові","Готель / Гостиниця","Україна","https://ecosadyba.if.ua/",""
"Holiday House/Apartman","Готель / Гостиниця","Україна","",""
"Ласто4ка","Готель / Гостиниця","Україна","",""
"Койка","Готель / Гостиниця","Україна","",""
"На Московской","Готель / Гостиниця","Україна","","tana68.63@mail.ru"
"GoldenGateInn","Готель / Гостиниця","Україна","",""
"Юганка","Готель / Гостиниця","Україна","",""
"Дом-Музей Е.Нагаевской","Готель / Гостиниця","Україна","",""
"Гуртожиток київського коледжу зв'язку","Готель / Гостиниця","Україна","",""
"mad","Готель / Гостиниця","Україна","",""
"Монро","Готель / Гостиниця","Україна","","kravtsova.citadel@mail.ru"
"Гостиница Ла Роса","Готель / Гостиниця","Україна","",""
"Hostel Non Stop","Готель / Гостиниця","Україна","",""
"Tiso","Готель / Гостиниця","Україна","",""
"Asteri","Готель / Гостиниця","Україна","",""
"База відпочинку Будівельник","Готель / Гостиниця","Україна","",""
"Мичурина 4","Готель / Гостиниця","Україна","",""
"Солнце Карпат","Готель / Гостиниця","Україна","","vg.pirogova@gmail.com"
"Карпатські Гори","Готель / Гостиниця","Україна","",""
"У Димы и Ленары","Готель / Гостиниця","Україна","",""
"Едельвейс","Готель / Гостиниця","Україна","",""
"Василь","Готель / Гостиниця","Україна","",""
"Приозерний заїзд","Готель / Гостиниця","Україна","",""
"Мотель Кулоч","Готель / Гостиниця","Україна","http://kulacs-koson.in.ua/",""
"Botanic Club","Готель / Гостиниця","Україна","",""
"Дежа Вю","Готель / Гостиниця","Україна","",""
"Вилла Гаянэ","Готель / Гостиниця","Україна","",""
"Дольче Вита","Готель / Гостиниця","Україна","",""
"Four Rooms Hotel","Готель / Гостиниця","Україна","https://4-rooms.com.ua/main",""
"Яловичора","Готель / Гостиниця","Україна","",""
"Садиба ""Пан Коцький""","Готель / Гостиниця","Україна","","danishhh@gmail.com"
"Мотель 57км","Готель / Гостиниця","Україна","https://motel57km.com.ua/",""
"Пансионат МНБ","Готель / Гостиниця","Україна","","popovka21@yandex.ru"
"Пётр Отель","Готель / Гостиниця","Україна","",""
"Есения","Готель / Гостиниця","Україна","",""
"Сафяни","Готель / Гостиниця","Україна","","gdsafyani@mail.ru"
"Будинок ділових зустрічей","Готель / Гостиниця","Україна","",""
"Гості","Готель / Гостиниця","Україна","",""
"Солнышко","Готель / Гостиниця","Україна","",""
"Фенікс","Готель / Гостиниця","Україна","","alex.pochta@inbox.ru"
"Волинь","Готель / Гостиниця","Україна","",""
"Апарт-готель ""Гостинний двір""","Готель / Гостиниця","Україна","https://fontan135.weebly.com/","dgoyman@mail.ua"
"Лазурный берег","Готель / Гостиниця","Україна","",""
"Благодатный Двор","Готель / Гостиниця","Україна","",""
"Пансионат ""Канака""","Готель / Гостиниця","Україна","",""
"Мини пансионат Галина","Готель / Гостиниця","Україна","",""
"Мускат","Готель / Гостиниця","Україна","",""
"Дом Натальи","Готель / Гостиниця","Україна","",""
"Gotel Dniestr","Готель / Гостиниця","Україна","",""
"Sky & Mare","Готель / Гостиниця","Україна","",""
"Міні-готель ""Любавушка""","Готель / Гостиниця","Україна","","zatoka_lyubavushka@gmail.com"
"Хутір Стаєчне","Готель / Гостиниця","Україна","",""
"Заманушка","Готель / Гостиниця","Україна","",""
"Розовый дом","Готель / Гостиниця","Україна","",""
"Лазурний","Готель / Гостиниця","Україна","",""
"База відпочинку „Схід“","Готель / Гостиниця","Україна","",""
"База відпочинку „Колос“","Готель / Гостиниця","Україна","",""
"База відпочинку „Імпульс“","Готель / Гостиниця","Україна","",""
"Гостевой дом Волна","Готель / Гостиниця","Україна","",""
"Мариола","Готель / Гостиниця","Україна","",""
"De La Vita","Готель / Гостиниця","Україна","",""
"База відпочинку ЛОТОС","Готель / Гостиниця","Україна","",""
"Дім Данила","Готель / Гостиниця","Україна","",""
"Markovna","Готель / Гостиниця","Україна","",""
"Gloria","Готель / Гостиниця","Україна","",""
"Джон","Готель / Гостиниця","Україна","",""
"Vita Park","Готель / Гостиниця","Україна","",""
"Парк-готель „Елізіум“","Готель / Гостиниця","Україна","",""
"Пансіонат „Аркадія“","Готель / Гостиниця","Україна","",""
"Пансіонат „Миколаїв“","Готель / Гостиниця","Україна","",""
"База відпочинку „Ракета“, корп. № 3","Готель / Гостиниця","Україна","",""
"Готель „Білий дім“","Готель / Гостиниця","Україна","",""
"Гостьовий дім","Готель / Гостиниця","Україна","",""
"База відпочинку «Автомобіліст»","Готель / Гостиниця","Україна","",""
"Papa's Hostel","Готель / Гостиниця","Україна","",""
"Пансіонат „Наука“","Готель / Гостиниця","Україна","",""
"Тавр","Готель / Гостиниця","Україна","",""
"Білий будинок","Готель / Гостиниця","Україна","","white.house.zatoka@gmail.com"
"КАШТАН","Готель / Гостиниця","Україна","",""
"Золота гора","Готель / Гостиниця","Україна","",""
"Отель Вигвам","Готель / Гостиниця","Україна","","info@wigwam-hotel.ru"
"Магнолія","Готель / Гостиниця","Україна","",""
"Готель ""Євро""","Готель / Гостиниця","Україна","http://hoteleuro.com.ua","info@hoteleuro.com.ua"
"Гюнай","Готель / Гостиниця","Україна","",""
"Локомотив","Готель / Гостиниця","Україна","",""
"Міні-готель Амазонка","Готель / Гостиниця","Україна","",""
"Вілла Де Кампо","Готель / Гостиниця","Україна","",""
"Villa de Campo","Готель / Гостиниця","Україна","",""
"У Кузі","Готель / Гостиниця","Україна","",""
"Глобус","Готель / Гостиниця","Україна","",""
"Будиночок біля моря","Готель / Гостиниця","Україна","",""
"Колос","Готель / Гостиниця","Україна","",""
"Гармония","Готель / Гостиниця","Україна","",""
"Набережная 26","Готель / Гостиниця","Україна","",""
"Вілла Гранд","Готель / Гостиниця","Україна","http://villagrand.com.ua","vilgrand@gmail.com; sulamitakozupitsa@gmail.com; sulamitakhrypchenko@icloud.com"
"Глициния","Готель / Гостиниця","Україна","",""
"Рівненчанка","Готель / Гостиниця","Україна","https://litomore.com.ua/hotels/rivnenchanka",""
"Вестра","Готель / Гостиниця","Україна","",""
"Прем'єра","Готель / Гостиниця","Україна","",""
"У Остапа","Готель / Гостиниця","Україна","",""
"База відпочинку ""Чайка""","Готель / Гостиниця","Україна","",""
"База відпочинку ""Перлина Дністра""","Готель / Гостиниця","Україна","",""
"Na Gobochku","Готель / Гостиниця","Україна","",""
"Хале","Готель / Гостиниця","Україна","","otdihvsudake@list.ru"
"по дорозі з Ромунії","Готель / Гостиниця","Україна","",""
"Дом егеря","Готель / Гостиниця","Україна","",""
"Travel House","Готель / Гостиниця","Україна","",""
"Робин Бобин","Готель / Гостиниця","Україна","",""
"SoLaris","Готель / Гостиниця","Україна","",""
"Марлін","Готель / Гостиниця","Україна","",""
"Кв 100","Готель / Гостиниця","Україна","",""
"Міні-готель ""Море""","Готель / Гостиниця","Україна","",""
"Хата","Готель / Гостиниця","Україна","",""
"Азов Делюкс","Готель / Гостиниця","Україна","",""
"Inmiskhor","Готель / Гостиниця","Україна","",""
"Зелёный Дом","Готель / Гостиниця","Україна","","vitek-08@list.ru"
"Iguana","Готель / Гостиниця","Україна","",""
"Сказка","Готель / Гостиниця","Україна","",""
"Фрегат","Готель / Гостиниця","Україна","",""
"Эйфория","Готель / Гостиниця","Україна","",""
"Домик у моря","Готель / Гостиниця","Україна","",""
"Елена","Готель / Гостиниця","Україна","",""
"Вишня у пана Добоша","Готель / Гостиниця","Чинадійово","",""
"Фіона","Готель / Гостиниця","Україна","",""
"Мигово домики ТОН","Готель / Гостиниця","Україна","",""
"Монте Крісто","Готель / Гостиниця","Україна","",""
"Баттерфляй","Готель / Гостиниця","Україна","",""
"Ділянка 805","Готель / Гостиниця","Україна","",""
"Перлина Карпат","Готель / Гостиниця","Україна","",""
"Мини-отель Морской Бриз","Готель / Гостиниця","Україна","",""
"Пансионат ""Дом в горах""","Готель / Гостиниця","Україна","",""
"Админ. пансионата","Готель / Гостиниця","Україна","",""
"Яремча","Готель / Гостиниця","Україна","",""
"Бригантина","Готель / Гостиниця","Україна","","vatilik-87@mail.ru"
"Чорноморський","Готель / Гостиниця","Україна","",""
"Градецький","Готель / Гостиниця","Україна","",""
"Камила","Готель / Гостиниця","Україна","",""
"База відпочинку Золотий Берег від заводу ФЕД","Готель / Гостиниця","Україна","",""
"ВК","Готель / Гостиниця","Україна","",""
"Яскраві вітрила 2","Готель / Гостиниця","Україна","",""
"Лимонна хата","Готель / Гостиниця","Україна","",""
"Поляниця","Готель / Гостиниця","Україна","",""
"Гушівський хутір","Готель / Гостиниця","Україна","",""
"У Юліі","Готель / Гостиниця","Україна","",""
"база Луцького АТУ","Готель / Гостиниця","Україна","",""
"Світязький затишок","Готель / Гостиниця","Україна","",""
"ВАТ Оснастка","Готель / Гостиниця","Україна","",""
"200 гр/добу","Готель / Гостиниця","Україна","",""
"Парадайс","Готель / Гостиниця","Україна","","arshag678@gmail.com"
"Оселя","Готель / Гостиниця","Україна","",""
"Рыбачье дача","Готель / Гостиниця","Україна","",""
"Гостьовий будинок ""Фламінго""","Готель / Гостиниця","Україна","","zatokaflamingo@gmail.com"
"Изумруд","Готель / Гостиниця","Україна","http://hotelizumrud.com/",""
"Чудодієво","Готель / Гостиниця","Україна","",""
"Homenko","Готель / Гостиниця","Україна","",""
"Марі","Готель / Гостиниця","Україна","",""
"Домашній мотель Олег","Готель / Гостиниця","Україна","",""
"Летучая мышь","Готель / Гостиниця","Україна","",""
"Maverick","Готель / Гостиниця","Україна","",""
"Греческий дом","Готель / Гостиниця","Україна","",""
"Золоті куполи","Готель / Гостиниця","Україна","",""
"Хельга","Готель / Гостиниця","Україна","",""
"Крапелька","Готель / Гостиниця","Україна","",""
"Диво у моря","Готель / Гостиниця","Україна","",""
"Садiба Нова 1","Готель / Гостиниця","Україна","",""
"Гостевой домик Нова 1","Готель / Гостиниця","Україна","",""
"Енергобудівник","Готель / Гостиниця","Україна","",""
"Пансіонат ""Юний""","Готель / Гостиниця","Україна","",""
"Мини-отель Инжир","Готель / Гостиниця","Україна","","alyonachka07@mail.ru"
"Гостевой дом Замок","Готель / Гостиниця","Україна","",""
"Santa Maria","Готель / Гостиниця","Україна","",""
"Садиба ""Затишок""","Готель / Гостиниця","Україна","",""
"Затишний Куточок","Готель / Гостиниця","Україна","",""
"Готель Одеса","Готель / Гостиниця","Україна","",""
"Готель для паломників","Готель / Гостиниця","Україна","",""
"База відпочинку ""Сон біля моря""","Готель / Гостиниця","Україна","",""
"Гостевой дом с рыцарем","Готель / Гостиниця","Україна","",""
"Готель ""На Кооперативній""","Готель / Гостиниця","Україна","",""
"ДаЯрТа","Готель / Гостиниця","Україна","",""
"Зелені пагорби","Готель / Гостиниця","Україна","",""
"Корпус Sea Garden","Готель / Гостиниця","Україна","",""
"Слава","Готель / Гостиниця","Україна","",""
"Эмиль","Готель / Гостиниця","Україна","",""
"Пальмира Сад","Готель / Гостиниця","Україна","",""
"Садиба Вікторія","Готель / Гостиниця","Україна","","sadibaviktoriya@gmail.com"
"Апарт-отель ""Гора""","Готель / Гостиниця","Україна","",""
"Ереван","Готель / Гостиниця","Україна","https://yerevan-hotel.com/","info@yerevan.com.ua"
"Фороский бриз","Готель / Гостиниця","Україна","",""
"Вилла Реоли","Готель / Гостиниця","Україна","",""
"Форосский дворик","Готель / Гостиниця","Україна","",""
"Парк Отель Симеиз","Готель / Гостиниця","Україна","https://parkotelsimeiz.com/","parkotel.simeiz@mail.ru"
"Вилла Капри","Готель / Гостиниця","Україна","",""
"Кемпінг ""Фортуна""","Готель / Гостиниця","Україна","",""
"Гостьовий будинок У Валі","Готель / Гостиниця","Україна","",""
"Younge Art Camp","Готель / Гостиниця","Україна","","booking@y-artcamp.com"
"Туркомплекс Ворохта. Корпус 5","Готель / Гостиниця","Україна","",""
"Проскурів","Готель / Гостиниця","Україна","",""
"Челеби","Готель / Гостиниця","Україна","","chelebi1990@mail.ru"
"Аліна","Готель / Гостиниця","Україна","",""
"Котедж Джі","Готель / Гостиниця","Україна","",""
"Курінь рибалки","Готель / Гостиниця","Україна","",""
"Гранат","Готель / Гостиниця","Україна","",""
"База у тітки Віри","Готель / Гостиниця","Україна","",""
"Апарт-готель ""Воробйові гори""","Готель / Гостиниця","Україна","",""
"Садиба Близнюки","Готель / Гостиниця","Україна","",""
"Салгир","Готель / Гостиниця","Україна","",""
"Пилигрим","Готель / Гостиниця","Україна","",""
"Сталь","Готель / Гостиниця","Україна","",""
"Гостиница ""Эльзара""","Готель / Гостиниця","Україна","",""
"Цісарське урочище","Готель / Гостиниця","Україна","",""
"Пансионат Муссон","Готель / Гостиниця","Україна","",""
"Вилла Эмма","Готель / Гостиниця","Україна","",""
"Садиба під ясенем","Готель / Гостиниця","Україна","",""
"Курортный клуб ""Dачi""","Готель / Гостиниця","Україна","","poedy@kkdachi.ru"
"Грацiя","Готель / Гостиниця","Україна","","alexisyp60@gmail.com"
"Снукер","Готель / Гостиниця","Україна","https://snooker-hotel.top/","snooker.lviv@gmail.com"
"Отель Калифорния","Готель / Гостиниця","Україна","",""
"Влад","Готель / Гостиниця","Україна","",""
"Light House","Готель / Гостиниця","Україна","",""
"Солнечная Ривьера","Готель / Гостиниця","Україна","",""
"Комнаты для проживания","Готель / Гостиниця","Україна","",""
"Санаторий ""Дружба""","Готель / Гостиниця","Україна","",""
"Керчь","Готель / Гостиниця","Україна","",""
"Лазурный","Готель / Гостиниця","Україна","",""
"Морская Пристань","Готель / Гостиниця","Україна","",""
"сан. Ялта","Готель / Гостиниця","Україна","",""
"Элинги","Готель / Гостиниця","Україна","",""
"Вежа Галич","Готель / Гостиниця","Україна","",""
"Hotel California","Готель / Гостиниця","Україна","http://hotel-california.in/","hotel.california.crimea@gmail.com"
"Гуртожиток Дніпропетровської медичної академії","Готель / Гостиниця","Україна","",""
"ФОРОМ","Готель / Гостиниця","Україна","",""
"Крымские Зори","Готель / Гостиниця","Україна","","krymskie.zori@mail.ru"
"Ribera Resort and Spa","Готель / Гостиниця","Україна","",""
"База відпочинку ""Галичина""","Готель / Гостиниця","Україна","",""
"Гуляй","Готель / Гостиниця","Україна","",""
"Дудинський","Готель / Гостиниця","Україна","",""
"Прибій","Готель / Гостиниця","Україна","",""
"База відпочинку Петрович","Готель / Гостиниця","Україна","http://gelezniy-port.com",""
"Зелений гай","Готель / Гостиниця","Україна","",""
"Квартира 12","Готель / Гостиниця","Україна","",""
"Guest House","Готель / Гостиниця","Україна","",""
"Бахус","Готель / Гостиниця","Україна","","lepaleks@yandex.ru"
"Венера-м","Готель / Гостиниця","Україна","",""
"Затока 475","Готель / Гостиниця","Україна","","zatoka475@gmail.com"
"Andre","Готель / Гостиниця","Україна","",""
"Пос Пилипець","Готель / Гостиниця","Україна","",""
"""Carnaval Resort & Spa""","Готель / Гостиниця","Коропово","https://carnaval-hotel.com.ua/",""
"Кайт- приют и школа Be-kiter.com","Готель / Гостиниця","Україна","","yurimanuylov@gmail.com"
"бутик Отель на Тимирязева","Готель / Гостиниця","Україна","",""
"Соник","Готель / Гостиниця","Україна","",""
"Дім Даші","Готель / Гостиниця","Україна","",""
"Астра","Готель / Гостиниця","Україна","",""
"Затишний дворик","Готель / Гостиниця","Україна","",""
"Релакс-віла Подушка","Готель / Гостиниця","Україна","",""
"Борис Иванович","Готель / Гостиниця","Україна","",""
"Фазенда Виноград","Готель / Гостиниця","Україна","",""
"Верховель","Готель / Гостиниця","Україна","",""
"У Гусляшки","Готель / Гостиниця","Україна","",""
"Сандра","Готель / Гостиниця","Україна","","shumkov1983@gmail.com"
"Рейкарц","Готель / Гостиниця","Україна","https://reikartz.com/uk/hotels/chernihiv/","chernihiv.hotel@reikartz.com"
"Юстас-Крым","Готель / Гостиниця","Україна","",""
"Пансионат ""Рай""","Готель / Гостиниця","Україна","",""
"Катуар","Готель / Гостиниця","Україна","",""
"Курортный клуб дачи","Готель / Гостиниця","Україна","",""
"Писанка","Готель / Гостиниця","Україна","","pusanka.hotel@gmail.com"
"Резиденции Алтея","Готель / Гостиниця","Україна","",""
"Севен","Готель / Гостиниця","Україна","",""
"Садиба ""Лев у Світлани""","Готель / Гостиниця","Україна","",""
"Мисхорский спуск","Готель / Гостиниця","Україна","",""
"City Centre hostel","Готель / Гостиниця","Україна","",""
"Iris Hotel","Готель / Гостиниця","Україна","",""
"Джем","Готель / Гостиниця","Україна","",""
"Баня та чан","Готель / Гостиниця","Україна","",""
"Готельно-ресторанний комплекс","Готель / Гостиниця","Україна","",""
"Вилла Караджа","Готель / Гостиниця","Україна","",""
"База відпочинку ""Ромашка""","Готель / Гостиниця","Україна","",""
"Артем","Готель / Гостиниця","Україна","",""
"Гостевой дом ""Белый""","Готель / Гостиниця","Україна","","bely-more@yandex.ru"
"Задінецька дача","Готель / Гостиниця","Україна","",""
"Кипарисовый рай","Готель / Гостиниця","Україна","","motin.mixail@mail.ru"
"H&K Imperial","Готель / Гостиниця","Україна","",""
"Смерековий рай","Готель / Гостиниця","Україна","",""
"Trembita","Готель / Гостиниця","Україна","",""
"Вернісаж","Готель / Гостиниця","Україна","",""
"Гранд Флёр","Готель / Гостиниця","Україна","",""
"Під Великим Верхом","Готель / Гостиниця","Україна","",""
"Легенда","Готель / Гостиниця","Україна","",""
"У Кошки","Готель / Гостиниця","Україна","",""
"Медуза","Готель / Гостиниця","Україна","",""
"Отель - Хостел Гуд Лак","Готель / Гостиниця","Україна","www.sev.goodluck.travel","sevgoodluck@gmail.ru"
"Котедж","Готель / Гостиниця","Україна","",""
"Классик","Готель / Гостиниця","Україна","",""
"ДиНа","Готель / Гостиниця","Україна","","krym-orlovka-otdyh@yandex.ru"
"Будинок Міксамад","Готель / Гостиниця","Україна","",""
"Мини отель У Моря","Готель / Гостиниця","Україна","","magnolia-leto@mail.ru"
"Три Сосны","Готель / Гостиниця","Україна","","trisosny@bk.ru"
"Мини отель Магнолия","Готель / Гостиниця","Україна","","magnolia-leto@mail.ru"
"У Ксюши","Готель / Гостиниця","Україна","",""
"Отель Старый город","Готель / Гостиниця","Україна","http://sofi.com.ua","licom@list.ru"
"Азов","Готель / Гостиниця","Україна","http://azov-hotel.com",""
"Осовітський В+Ю","Готель / Гостиниця","Україна","",""
"В Олі","Готель / Гостиниця","Україна","",""
"Винтаж","Готель / Гостиниця","Україна","",""
"Покровський","Готель / Гостиниця","Україна","",""
"Небеса Скифов","Готель / Гостиниця","Україна","",""
"Будинок відпочинку машиністів","Готель / Гостиниця","Україна","",""
"Лантерна","Готель / Гостиниця","Україна","",""
"Tsatsa","Готель / Гостиниця","Україна","",""
"Готель ""Уют""","Готель / Гостиниця","Україна","https://www.hotelpokrovsk.com/","hotel.comfort.dn@gmail.com"
"Велика Круча","Готель / Гостиниця","Україна","",""
"Кавалер","Готель / Гостиниця","Україна","",""
"Мотель ""Боршна""","Готель / Гостиниця","Україна","",""
"Visak","Готель / Гостиниця","Україна","https://visak-hotel.com.ua/","reservation@visak-hotel.com.ua"
"Сквер","Готель / Гостиниця","Україна","",""
"Карпатський сад","Готель / Гостиниця","Україна","",""
"Гостевой Дом на Кирова","Готель / Гостиниця","Україна","","guest_house106@mail.ru"
"Дубок","Готель / Гостиниця","Україна","",""
"Central Magnat","Готель / Гостиниця","Україна","",""
"Панський двір","Готель / Гостиниця","Україна","",""
"Дністер","Готель / Гостиниця","Україна","",""
"Польміра","Готель / Гостиниця","Україна","",""
"Термінал-А","Готель / Гостиниця","Україна","",""
"""Колосок""","Готель / Гостиниця","Україна","",""
"Бирюзова 6","Готель / Гостиниця","Україна","",""
"Сияние","Готель / Гостиниця","Україна","",""
"Пори Року","Готель / Гостиниця","Україна","http://villa.uz.ua",""
"Vovk Gasthaus","Готель / Гостиниця","Україна","",""
"Happy Hostel Lviv","Готель / Гостиниця","Україна","",""
"Mister Hostel","Готель / Гостиниця","Україна","",""
"T2","Готель / Гостиниця","Україна","",""
"VogelTal (Поляна Птахів)","Готель / Гостиниця","Україна","",""
"Dream Hostel","Готель / Гостиниця","Україна","",""
"База отдыха Зеленогорье","Готель / Гостиниця","Україна","",""
"Родной дом","Готель / Гостиниця","Україна","",""
"Домік у горах","Готель / Гостиниця","Україна","",""
"Общежитие","Готель / Гостиниця","Україна","",""
"Марат","Готель / Гостиниця","Україна","",""
"Кунцевский дворик","Готель / Гостиниця","Україна","",""
"Круасан","Готель / Гостиниця","Україна","http://kruasanhotel.com.ua","info@kruasanhotel.com.ua"
"БУР Хата","Готель / Гостиниця","Україна","",""
"Гостьовий будинок привал","Готель / Гостиниця","Україна","",""
"Хуторянка","Готель / Гостиниця","Україна","",""
"Зодіак","Готель / Гостиниця","Україна","",""
"Місце під сонцем","Готель / Гостиниця","Україна","",""
"Мыс Фиолент","Готель / Гостиниця","Україна","",""
"СОЛЯРИС","Готель / Гостиниця","Україна","",""
"Лесной кордон","Готель / Гостиниця","Україна","",""
"GreenStreetHostel","Готель / Гостиниця","Україна","",""
"Восток","Готель / Гостиниця","Україна","",""
"Ballet Hostel","Готель / Гостиниця","Україна","www.ballet.ua",""
"Подільський","Готель / Гостиниця","Україна","podolskihostel.com.ua","info@podolskihostel.com"
"Фиолентовское шоссе","Готель / Гостиниця","Україна","",""
"Рыбачье","Готель / Гостиниця","Україна","","mr.valera1960@mail.ru"
"Микулин Хутірець","Готель / Гостиниця","Україна","",""
"Емілія","Готель / Гостиниця","Україна","",""
"Roger Waters","Готель / Гостиниця","Україна","",""
"Коттедж37","Готель / Гостиниця","Україна","","kottedj37@mail.ru"
"Студіо Люкс","Готель / Гостиниця","Україна","",""
"Ізумруд","Готель / Гостиниця","Україна","",""
"Отель Марикон","Готель / Гостиниця","Україна","","info@marikon.ru"
"Гостевой дом ""СКАЗКА""","Готель / Гостиниця","Україна","",""
"Рибалка Таня та Інна прокат човнів","Готель / Гостиниця","Україна","",""
"Будинок для відпустки «Веселка»","Готель / Гостиниця","Україна","","valentina.cherniuk@gmail.com"
"Звенигород","Готель / Гостиниця","Україна","",""
"Бель Рояль","Готель / Гостиниця","Україна","",""
"Міні-готель ""ГОВЕРЛА"" - Hotel ""GOWERLA""","Готель / Гостиниця","Україна","","kolyba-muzey@ukr.net"
"Шик&Лад","Готель / Гостиниця","Україна","https://shiklad-hotel.business.site/","vkusnojeet@gmail.com"
"HopHome","Готель / Гостиниця","Україна","",""
"Прана","Готель / Гостиниця","Україна","","pranamila@gmail.com"
"Акватель","Готель / Гостиниця","Україна","",""
"Пилот","Готель / Гостиниця","Україна","","genza@yandex.ru"
"Smile","Готель / Гостиниця","Україна","",""
"Перлина Львова де незаконно утримує людей #опгтцкпід@р@си","Готель / Гостиниця","Україна","",""
"на морской","Готель / Гостиниця","Україна","",""
"Дюківські Бані","Готель / Гостиниця","Україна","",""
"Хутір Солонець","Готель / Гостиниця","Україна","",""
"Лайм готель","Готель / Гостиниця","Україна","",""
"Ирей","Готель / Гостиниця","Україна","",""
"Встреча","Готель / Гостиниця","Україна","",""
"Няш","Готель / Гостиниця","Україна","",""
"Вакула","Готель / Гостиниця","Україна","",""
"Вилла аль Маре","Готель / Гостиниця","Україна","",""
"Левове Серце","Готель / Гостиниця","Україна","",""
"Золотий берег","Готель / Гостиниця","Україна","",""
"Апартаменты у моря ""Егорка""","Готель / Гостиниця","Солнечногорское","",""
"ShishkInn","Готель / Гостиниця","Україна","",""
"SUNlit","Готель / Гостиниця","Україна","",""
"Антонина","Готель / Гостиниця","Україна","",""
"У дяди Васи","Готель / Гостиниця","Україна","",""
"Домашний Уют","Готель / Гостиниця","Україна","","yalta-hotel@mail.ru"
"Дім з ластівками","Готель / Гостиниця","Україна","",""
"Арт-дача","Готель / Гостиниця","Україна","","art-dacha.com@ya.ru"
"Садиба ""Кринта""","Готель / Гостиниця","Україна","",""
"Арт-хаус","Готель / Гостиниця","Україна","",""
"М.Славутич","Готель / Гостиниця","Україна","",""
"Готель ""ОК""","Готель / Гостиниця","Україна","",""
"Міні-готель","Готель / Гостиниця","Україна","",""
"Attic","Готель / Гостиниця","Україна","","attic.kh@gmail.com"
"Арт-хостел","Готель / Гостиниця","Україна","",""
"Villa Nikoletta","Готель / Гостиниця","Поляниця","https://nikoletta.biz/en/","reception@nikoletta.biz"
"Milli & Jon Villa","Готель / Гостиниця","Україна","https://milliandjon.com.ua/","reception@milliandjon.com.ua"
"Эко-кэмп","Готель / Гостиниця","Україна","","booking@healthspirit.ru"
"Карпатський гомін","Готель / Гостиниця","Україна","",""
"Ice Hotel","Готель / Гостиниця","Україна","",""
"Meridian","Готель / Гостиниця","Україна","",""
"Амед","Готель / Гостиниця","Україна","",""
"Holiday","Готель / Гостиниця","Україна","",""
"Yurus","Готель / Гостиниця","Україна","http://hostel.ekolight.in.ua/",""
"Побужжя","Готель / Гостиниця","Україна","",""
"Адель","Готель / Гостиниця","Україна","",""
"Grand Christer Hotel","Готель / Гостиниця","Україна","https://www.christerhotel.com/","christerhotel@ukr.net"
"Джан","Готель / Гостиниця","Україна","",""
"Джанхаус","Готель / Гостиниця","Україна","","book@djanhouse.ru"
"Грация","Готель / Гостиниця","Україна","",""
"Афіни","Готель / Гостиниця","Україна","",""
"Домики У горной речки","Готель / Гостиниця","Україна","","sokolinoe@list.ru"
"Артуа","Готель / Гостиниця","Україна","",""
"Smart Apart","Готель / Гостиниця","Україна","",""
"101 км","Готель / Гостиниця","Україна","","101km.lutsk@gmail.com"
"NeoN","Готель / Гостиниця","Україна","",""
"Над морем","Готель / Гостиниця","Україна","","yaltanadmorem@gmail.com"
"""Дача Фисташка""","Готель / Гостиниця","Україна","","foros-fistashka@mail.ru"
"""Уютный домик""","Готель / Гостиниця","Україна","","vdd1@i.ua"
"Пересип","Готель / Гостиниця","Україна","","rcpt@peresyp.ua"
"У Юджина","Готель / Гостиниця","Україна","",""
"Наш куточок","Готель / Гостиниця","Україна","",""
"Світанок","Готель / Гостиниця","Україна","",""
"Вилла Елена","Готель / Гостиниця","Україна","",""
"Прайм","Готель / Гостиниця","Україна","",""
"Kolibri","Готель / Гостиниця","Україна","",""
"BIKTOPIЯ","Готель / Гостиниця","Україна","","sokyran@ukr.net"
"ЦісаR","Готель / Гостиниця","Україна","","cisar.lviv@gmail.com"
"The Sun of the Crimea","Готель / Гостиниця","Україна","",""
"Гнездо Зозули","Готель / Гостиниця","Україна","",""
"Mon Plaisir","Готель / Гостиниця","Україна","",""
"Ластівка біля моря","Готель / Гостиниця","Україна","",""
"Ельбрус","Готель / Гостиниця","Україна","",""
"Хостел 2 Cats","Готель / Гостиниця","Україна","",""
"База відпочинку","Готель / Гостиниця","Україна","",""
"MK Hostel","Готель / Гостиниця","Україна","",""
"Перевальное","Готель / Гостиниця","Україна","",""
"Брістоль","Готель / Гостиниця","Україна","",""
"У Высоцкой","Готель / Гостиниця","Україна","","nochleg_kerch@mail.ru"
"усадьба «Фазанья Роща»","Готель / Гостиниця","Україна","",""
"Оскар","Готель / Гостиниця","Україна","",""
"Вилла Михаила","Готель / Гостиниця","Україна","",""
"Chery","Готель / Гостиниця","Україна","",""
"ЭКО усадьба Можжевеловый дворик","Готель / Гостиниця","Україна","",""
"Коктебель","Готель / Гостиниця","Україна","",""
"Hostel Smile Dnepr","Готель / Гостиниця","Україна","http://www.hostel.dp.ua",""
"Кемпинг отель","Готель / Гостиниця","Україна","",""
"Ак-Кая","Готель / Гостиниця","Україна","",""
"Мініотель ""Парадайз""","Готель / Гостиниця","Україна","https://paradise-hotel.com.ua/",""
"База відпочинку ""Південна ніч""","Готель / Гостиниця","Україна","",""
"Береза","Готель / Гостиниця","Україна","",""
"База відпочинку ""Верещиця""","Готель / Гостиниця","Україна","",""
"Приморский 1","Готель / Гостиниця","Приморский","","dmitry@feo.ru"
"Гурман","Готель / Гостиниця","Приморский","","dmitry@feo.ru"
"Бюргер Тростян","Готель / Гостиниця","Україна","https://hotelburger.nethouse.ua","hotelburger@gmail.com"
"Маленький Принц","Готель / Гостиниця","Україна","","olga026@yandex.ru"
"Westend Hotel Kiew","Готель / Гостиниця","Україна","",""
"Арт Симеиз","Готель / Гостиниця","Україна","",""
"Life hostel","Готель / Гостиниця","Україна","",""
"Cossack Hostel","Готель / Гостиниця","Україна","",""
"Wood Cottage","Готель / Гостиниця","Україна","",""
"Вилла Кристина","Готель / Гостиниця","Україна","",""
"Хата, готельно-ресторанний комплекс","Готель / Гостиниця","Україна","",""
"елітний комплекс ""Горний орел""","Готель / Гостиниця","Україна","",""
"омега отель","Готель / Гостиниця","Україна","",""
"Home Hotel","Готель / Гостиниця","Україна","",""
"VIP-Резиденція","Готель / Гостиниця","Україна","",""
"Шелтер","Готель / Гостиниця","Україна","",""
"Блакитне","Готель / Гостиниця","Лазуное","",""
"Надзбруччя","Готель / Гостиниця","Україна","","shabat_m@ukr.net"
"Sun city hostel 2","Готель / Гостиниця","Україна","",""
"Міні-готель Амальтея","Готель / Гостиниця","Україна","https://amalteya.com/","hotel.amalteya@gimail.com"
"море судак","Готель / Гостиниця","Україна","","arif_73@mail.ru"
"Вояжъ","Готель / Гостиниця","Україна","",""
"EXtreme","Готель / Гостиниця","Україна","",""
"Хостел Смайл","Готель / Гостиниця","Україна","",""
"У Галини Іванівни","Готель / Гостиниця","Україна","",""
"Crimea Love Temple","Готель / Гостиниця","Україна","",""
"Садиба пані Надії","Готель / Гостиниця","Україна","",""
"Маргорита","Готель / Гостиниця","Україна","",""
"Балаклава на Невской 40","Готель / Гостиниця","Україна","",""
"Хотин","Готель / Гостиниця","Україна","",""
"Кучук-Ламбат","Готель / Гостиниця","Україна","",""
"Здоров'я пляж","Готель / Гостиниця","Україна","",""
"Солнечный денёк","Готель / Гостиниця","Україна","",""
"Шалет","Готель / Гостиниця","Україна","","shaletdon@gmail.com"
"Сейт-Неби","Готель / Гостиниця","Україна","",""
"Дорожник","Готель / Гостиниця","Україна","",""
"У Владимира","Готель / Гостиниця","Україна","",""
"Терра 7+","Готель / Гостиниця","Україна","","terra7@mail.ua"
"Еко-Хутор Мрія","Готель / Гостиниця","Україна","",""
"Інна кума село","Готель / Гостиниця","Україна","",""
"Усадьба ""Ксения""","Готель / Гостиниця","Україна","",""
"Незабудка-2","Готель / Гостиниця","Україна","","nezabudka2zatoka@gmail.com"
"Приватний дім Юрія","Готель / Гостиниця","Україна","",""
"Гостинний двір Хотина","Готель / Гостиниця","Україна","","chinyaartem@gmail.com"
"Мелиоратор","Готель / Гостиниця","Україна","","ggabuja@yahoo.com"
"Premier","Готель / Гостиниця","Україна","",""
"О'Шале","Готель / Гостиниця","Україна","",""
"Фазенда 44","Готель / Гостиниця","Україна","",""
"Фахверк","Готель / Гостиниця","Україна","",""
"Усадьба Кутлер","Готель / Гостиниця","Україна","",""
"Усадьба Пушкарь","Готель / Гостиниця","Україна","",""
"АБЦ","Готель / Гостиниця","Україна","",""
"Росинка, Айвенго","Готель / Гостиниця","Україна","",""
"Шико","Готель / Гостиниця","Україна","",""
"Усадьба Бельбек","Готель / Гостиниця","Україна","",""
"У Зины","Готель / Гостиниця","Україна","",""
"Пархоменко 11","Готель / Гостиниця","Україна","",""
"Гостевой дом ""Рай у моря""","Готель / Гостиниця","Україна","","irina-krym@mail.ru"
"숙소","Готель / Гостиниця","Україна","",""
"Азовський Хуторок","Готель / Гостиниця","Україна","",""
"ФЭДЕМ","Готель / Гостиниця","Україна","","info@hotel-edem.crimea.ua"
"Апарт-готель Leopolis Lux","Готель / Гостиниця","Україна","https://leopolislux.com.ua/",""
"Villa Reef","Готель / Гостиниця","Україна","https://villareef.com.ua/","villareefzatoka@gmail.com"
"Янтарь","Готель / Гостиниця","Україна","",""
"Love Story (Веселі пташки)","Готель / Гостиниця","Україна","","bob9000.st@gmail.com"
"У Ольги Михайловны","Готель / Гостиниця","Україна","",""
"Планета лета","Готель / Гостиниця","Україна","",""
"Белый хутор","Готель / Гостиниця","Україна","",""
"Синьогора (Synyogora)","Готель / Гостиниця","Україна","",""
"Сувенир","Готель / Гостиниця","Україна","",""
"У Івана","Готель / Гостиниця","Україна","",""
"Левадия","Готель / Гостиниця","Україна","",""
"Саквояж","Готель / Гостиниця","Україна","",""
"Кипарис","Готель / Гостиниця","Україна","","asan.ismetovich@gmail.com"
"Летиція кантрі клаб","Готель / Гостиниця","Україна","http://www.letiziahotel.com.ua/",""
"Золота Корона","Готель / Гостиниця","Україна","",""
"Флагманский","Готель / Гостиниця","Україна","","flagmanskiy@list.ru"
"База відпочинку ""ЛісГотель""","Готель / Гостиниця","Україна","",""
"XHostel","Готель / Гостиниця","Україна","",""
"Арцах","Готель / Гостиниця","Україна","",""
"Добрі традиції","Готель / Гостиниця","Україна","","tradicii.om@gmail.com"
"Терминал","Готель / Гостиниця","Україна","","mercedes66@inbox.ru"
"Елеон (Буревісник 411а)","Готель / Гостиниця","Україна","http://hotel-burevestnik1-zatoka.com",""
"Олександр","Готель / Гостиниця","Україна","",""
"Ilgeri Resort","Готель / Гостиниця","Україна","",""
"Степова","Готель / Гостиниця","Україна","",""
"Будинок в Карпатах","Готель / Гостиниця","Україна","",""
"Sky Hostel","Готель / Гостиниця","Україна","",""
"Явірник","Готель / Гостиниця","Україна","https://hiking.dennikn.sk/ar/1864/chata_pod_javornikom_ukrajina.html",""
"Богдан кафаджий","Готель / Гостиниця","Україна","",""
"Туристична садиба ""Рай""","Готель / Гостиниця","Україна","",""
"Eko sadiba","Готель / Гостиниця","Україна","",""
"Пансионат Легенда","Готель / Гостиниця","Україна","",""
"Hostel Na Maidane","Готель / Гостиниця","Україна","",""
"Viktoria","Готель / Гостиниця","Україна","",""
"Baza otdiha ""Orbita""","Готель / Гостиниця","Україна","",""
"Bergwind","Готель / Гостиниця","Україна","https://bergwind-hotel.business.site/",""
"Вилла Бэлив","Готель / Гостиниця","Україна","",""
"Амулет","Готель / Гостиниця","Україна","",""
"Летний домик","Готель / Гостиниця","Україна","","gurzufit@yandex.ru"
"Південна","Готель / Гостиниця","Україна","http://hotel-yuzhnaya.com",""
"Рахиль","Готель / Гостиниця","Україна","","saienko_00@mail.ru"
"SunBerry","Готель / Гостиниця","Україна","",""
"Пальма де Рассейка","Готель / Гостиниця","Україна","",""
"Подерей","Готель / Гостиниця","Україна","",""
"Гостиница Gold","Готель / Гостиниця","Україна","","otdih_v_feodosii82@mail.ru"
"Гостинний двір ""Рута""","Готель / Гостиниця","Україна","",""
"Добрый шкипер","Готель / Гостиниця","Україна","","good-skipper@yandex.ru"
"Котедж Аккерман","Готель / Гостиниця","Україна","","cjd@ukr.net"
"Ібіс","Готель / Гостиниця","Україна","",""
"Modern","Готель / Гостиниця","Україна","",""
"Сабина","Готель / Гостиниця","Україна","",""
"Вилла Олива арт","Готель / Гостиниця","Україна","","bron@oteli82.ru"
"Русское Море","Готель / Гостиниця","Україна","",""
"Санаторий ""Победа""","Готель / Гостиниця","Україна","",""
"Вілла Оммо","Готель / Гостиниця","Україна","","villaommo@gmail.com"
"Ферма Солнца","Готель / Гостиниця","Україна","",""
"Вілла Леонтія","Готель / Гостиниця","Україна","",""
"Villa Bukhiv","Готель / Гостиниця","Україна","",""
"Глотия","Готель / Гостиниця","Україна","",""
"Артек","Готель / Гостиниця","Україна","",""
"Pansk","Готель / Гостиниця","Україна","",""
"Навчально-відпочинкова база лісотехнічного університету","Готель / Гостиниця","Україна","",""
"SandyBeach","Готель / Гостиниця","Україна","","info@sandybeach.ru"
"Отель ""Ялос""","Готель / Гостиниця","Україна","",""
"Черемшина","Готель / Гостиниця","Україна","","cheremshina2018@gmail.com"
"Krone","Готель / Гостиниця","Україна","",""
"Идиллия","Готель / Гостиниця","Україна","",""
"Hôtel-restaurant","Готель / Гостиниця","Україна","",""
"Eco Comfort Hostel","Готель / Гостиниця","Україна","",""
"Міні-готель ""Хостел Кенгуру""","Готель / Гостиниця","Україна","",""
"Мистецький хостел Esther House","Готель / Гостиниця","Україна","http://Esther-house.com",""
"Antony's Home","Готель / Гостиниця","Україна","",""
"Orpheus Hostel","Готель / Гостиниця","Україна","",""
"Готель-ресторан «Слобода»","Готель / Гостиниця","Україна","",""
"Hostel ""TaOI""","Готель / Гостиниця","Україна","",""
"Пансионат ""У Айдера""","Готель / Гостиниця","Україна","",""
"Гостевой дом Лесная Кошка","Готель / Гостиниця","Україна","","teploeleto@ukr.net"
"Централь","Готель / Гостиниця","Україна","",""
"Котедж ""Файний""","Готель / Гостиниця","Україна","",""
"Вилла «Светлана»","Готель / Гостиниця","Україна","",""
"Гостевой дом «У еврея»","Готель / Гостиниця","Україна","",""
"Бескид Холідей","Готель / Гостиниця","Україна","","beskydholiday@gmail.com"
"Тремпель","Готель / Гостиниця","Україна","",""
"СеровЪ","Готель / Гостиниця","Україна","",""
"Горка","Готель / Гостиниця","Україна","",""
"Резиденция «Крымский Бриз»","Готель / Гостиниця","Україна","","hotel@crimeabreeze.com"
"Дои","Готель / Гостиниця","Україна","",""
"солнечная гавань","Готель / Гостиниця","Україна","","irab06@mail.ru"
"Гартенталь","Готель / Гостиниця","Україна","",""
"Мiй будинок","Готель / Гостиниця","Україна","",""
"Театр Бутік Апарт-Готель","Готель / Гостиниця","Україна","",""
"Rentstar","Готель / Гостиниця","Україна","",""
"Экологически чистый сруб Guesthouse","Готель / Гостиниця","Україна","",""
"Ранчо ""Тарханкут""","Готель / Гостиниця","Україна","",""
"Хостел отеля ""Европа""","Готель / Гостиниця","Україна","https://www.hotelpokrovsk.com/","evropapokrovsk@gmail.com"
"Карпатські мальви","Готель / Гостиниця","Україна","",""
"Morebugaz","Готель / Гостиниця","Україна","",""
"Тополя","Готель / Гостиниця","Україна","",""
"Зачаровані Карпати","Готель / Гостиниця","Україна","",""
"Біля лісу","Готель / Гостиниця","Україна","",""
"Затишна долина","Готель / Гостиниця","Україна","",""
"Відпочинок по кишені","Готель / Гостиниця","Україна","",""
"Барвисті Карпати","Готель / Гостиниця","Україна","",""
"На гірському схилі","Готель / Гостиниця","Україна","",""
"Карпатський двір","Готель / Гостиниця","Україна","",""
"Куршевель","Готель / Гостиниця","Україна","",""
"Далос ⭐️⭐️⭐️","Готель / Гостиниця","Україна","",""
"Марьина роща","Готель / Гостиниця","Україна","","alla-4ka_@mail.ru"
"Гуллівер","Готель / Гостиниця","Україна","",""
"База отдыха Штиль","Готель / Гостиниця","Україна","",""
"YAK Olympic hostel","Готель / Гостиниця","Україна","https://olympichostel.com.ua/","olympichostel@ukr.net"
"Смородина","Готель / Гостиниця","Україна","",""
"Княжий Двір","Готель / Гостиниця","Україна","https://kdvir.com.ua/","kristofua1993@ukr.net"
"Родник","Готель / Гостиниця","Україна","",""
"Рада Дараба","Готель / Гостиниця","Україна","","tourclub.ternopil@gmail.com"
"Під Високим замком","Готель / Гостиниця","Україна","",""
"Спелеобаза ""Печера Оптимістична""","Готель / Гостиниця","Україна","",""
"Гуртожиток №7","Готель / Гостиниця","Україна","",""
"Гостевой Дом Ирина","Готель / Гостиниця","Евпатория","",""
"Готель ""HON""","Готель / Гостиниця","Україна","",""
"Хрустальный Resort&Spa","Готель / Гостиниця","Україна","","admin@hrustalniy.ru"
"Арт-отель ""Victory""","Готель / Гостиниця","Феодосия","http://victory-crimea.com","i_victor@ukr.net"
"Маестро","Готель / Гостиниця","Україна","",""
"Кабанова Гора","Готель / Гостиниця","Поляниця","","kabanova.gora@gmail.com"
"Берлога","Готель / Гостиниця","Україна","",""
"Любич","Готель / Гостиниця","Україна","",""
"Садиба Грибоварня","Готель / Гостиниця","Україна","",""
"Колумб","Готель / Гостиниця","Україна","",""
"Best Time","Готель / Гостиниця","Україна","",""
"Під Говерлою","Готель / Гостиниця","Україна","",""
"Юрая","Готель / Гостиниця","Україна","",""
"Над Прутом","Готель / Гостиниця","Україна","",""
"У Кузьмича","Готель / Гостиниця","Україна","",""
"Гостинна хата","Готель / Гостиниця","Україна","",""
"Міленіум","Готель / Гостиниця","Україна","",""
"Червона калина","Готель / Гостиниця","Україна","",""
"Зоряні ночі","Готель / Гостиниця","Україна","",""
"Ількова садиба","Готель / Гостиниця","Україна","",""
"Маливо","Готель / Гостиниця","Україна","",""
"Вітерець","Готель / Гостиниця","Україна","",""
"Фетрбуш","Готель / Гостиниця","Україна","",""
"Hotel Фортуна","Готель / Гостиниця","Україна","",""
"Мисливська Ватра","Готель / Гостиниця","Україна","",""
"У Маріані та Міші","Готель / Гостиниця","Україна","",""
"Дім батьків","Готель / Гостиниця","Україна","",""
"База Відпочинку ""Тірас""","Готель / Гостиниця","Україна","",""
"Санаторий «Ливадия»","Готель / Гостиниця","Україна","",""
"Тушер","Готель / Гостиниця","Україна","",""
"""Хата-Майстерня""","Готель / Гостиниця","Україна","www.khatamaysternya.com",""
"Садиба ""Ялина""","Готель / Гостиниця","Україна","https://yaremcha.com.ua/yalyna.html",""
"Дача у Івана","Готель / Гостиниця","Україна","",""
"Готель ""Rio De Luxe""","Готель / Гостиниця","Україна","",""
"Amely Hotel (Отель Амели)","Готель / Гостиниця","Україна","",""
"Жемчужина моря","Готель / Гостиниця","Україна","","work@crimea-mypearl.ru"
"Cartis","Готель / Гостиниця","Україна","",""
"Хостел Модуль","Готель / Гостиниця","Україна","",""
"Дім Сіреджуків","Готель / Гостиниця","Україна","",""
"Дом ЕВА","Готель / Гостиниця","Одесса","",""
"Коттеджи""Парус""","Готель / Гостиниця","Україна","",""
"Капсульный отель Лайм","Готель / Гостиниця","Україна","","limehostel@bk.ru"
"Донецький Юрт","Готель / Гостиниця","Україна","",""
"Церква","Готель / Гостиниця","Україна","",""
"Ривьера","Готель / Гостиниця","Україна","",""
"Дельфиниум","Готель / Гостиниця","Україна","",""
"Пряности и страсти","Готель / Гостиниця","Україна","",""
"Платан","Готель / Гостиниця","Україна","","platan2020@mail.ru"
"Булгаков","Готель / Гостиниця","Україна","","bulgakov.sudak@gmail.com"
"Sunray","Готель / Гостиниця","Україна","",""
"Шале у моря","Готель / Гостиниця","Україна","",""
"Дилижанс","Готель / Гостиниця","Україна","https://hotel-diligence.com.ua/","diligence.hotel@gmail.com"
"Стара Правда","Готель / Гостиниця","Україна","","info@starapravda.com.ua"
"Історія","Готель / Гостиниця","Україна","","info.historyhotel@gmail.com"
"Гуртожиток ПТУ","Готель / Гостиниця","Україна","",""
"Прутець","Готель / Гостиниця","Яблуниця","",""
"Фієста","Готель / Гостиниця","Україна","",""
"У Любы","Готель / Гостиниця","Україна","",""
"Сорренто","Готель / Гостиниця","Україна","",""
"Lounge Capsule hostel","Готель / Гостиниця","Україна","","hostellviv2019@gmail.com"
"Золотий фазан","Готель / Гостиниця","Україна","",""
"Мотель КлеверОк","Готель / Гостиниця","Україна","http://www.klever-ok.od.ua","yevgeniy@antama.com"
"Мини-отель «Европа»","Готель / Гостиниця","Україна","",""
"Хостел «Рудий кіт»","Готель / Гостиниця","Україна","http://theredcathostel.com.ua/",""
"Стара Русь","Готель / Гостиниця","Україна","",""
"Перлина степу","Готель / Гостиниця","Україна","",""
"Удача","Готель / Гостиниця","Україна","",""
"Лесная нега эко отдых","Готель / Гостиниця","Україна","",""
"Житловий комплекс “Дрім-таун”","Готель / Гостиниця","Україна","",""
"Sweet","Готель / Гостиниця","Україна","",""
"Готель, сауна","Готель / Гостиниця","Україна","",""
"Скіф","Готель / Гостиниця","Україна","",""
"Палуба","Готель / Гостиниця","Україна","",""
"Зелёный театр","Готель / Гостиниця","Україна","",""
"Парк Отель","Готель / Гостиниця","Україна","","parkhotelsevastopol@mail.ru"
"Садиба ""У Федуся""","Готель / Гостиниця","Україна","",""
"Хутір ""Воронуха""","Готель / Гостиниця","Україна","",""
"""У Борисовны""","Готель / Гостиниця","Україна","","vilg22@gmail.com"
"Готель Каліфорнія","Готель / Гостиниця","Україна","https://hotelcalifornia.com.ua/",""
"Antik-hotel","Готель / Гостиниця","Солнечногорское","","lubov_antik@mail.ru"
"Адем","Готель / Гостиниця","Україна","",""
"Дельмар","Готель / Гостиниця","Україна","","delmare.hotel@gmail.com"
"У Славика","Готель / Гостиниця","Україна","",""
"ГоСан","Готель / Гостиниця","Україна","","slavki73@mail.ru"
"Агросадиба ""Хутір Касень""","Готель / Гостиниця","Україна","https://fb.com/hutirkasen2016",""
"База відпочинку Долина квітів","Готель / Гостиниця","Україна","",""
"Готель-оселя ""Zubrovitsa""","Готель / Гостиниця","Україна","",""
"Домик у море","Готель / Гостиниця","Україна","",""
"Уютный","Готель / Гостиниця","Україна","",""
"Даали","Готель / Гостиниця","Україна","",""
"Старый Крым","Готель / Гостиниця","Україна","","6569657@mail.ru"
"Садиба ""Червона калина""","Готель / Гостиниця","Україна","",""
"Ласковый берег","Готель / Гостиниця","Україна","","stas.geo@mail.ru"
"Как Бы Отель","Готель / Гостиниця","Україна","",""
"Дача ""Акъ-Таш""","Готель / Гостиниця","Україна","",""
"Готель Атріум","Готель / Гостиниця","Україна","",""
"Готель Мезонін","Готель / Гостиниця","Україна","https://hotel-mezzanine.com/","info@hotel-mezzanine.com"
"Киммерия","Готель / Гостиниця","Україна","","kimmeriya2014@mail.ru"
"Дом сновидений","Готель / Гостиниця","Україна","",""
"Costera","Готель / Гостиниця","Україна","",""
"Санта-фе","Готель / Гостиниця","Україна","","gostinitsa.santafe@mail.ru"
"Жасмин","Готель / Гостиниця","Україна","",""
"Caramel","Готель / Гостиниця","Україна","","caramel-koktebel@mail.ru"
"Дитяче селище Яблуниця Карітас-Спес Україна","Готель / Гостиниця","Україна","",""
"Апартаменты Якорь","Готель / Гостиниця","Україна","",""
"Рубин","Готель / Гостиниця","Україна","","slava_penner@mail.ru"
"Частная усадьба ""Отдыхайка""","Готель / Гостиниця","Україна","",""
"АBС","Готель / Гостиниця","Україна","","2006at@mail.ru"
"Hayat","Готель / Гостиниця","Україна","",""
"На ул. Ленина, 149а","Готель / Гостиниця","Україна","",""
"Сапсан","Готель / Гостиниця","Україна","",""
"Срубы","Готель / Гостиниця","Україна","",""
"Абажур","Готель / Гостиниця","Україна","",""
"У Петровича","Готель / Гостиниця","Україна","",""
"Premiere","Готель / Гостиниця","Україна","",""
"Візіт","Готель / Гостиниця","Україна","",""
"Elit","Готель / Гостиниця","Україна","",""
"Школьный, 34","Готель / Гостиниця","Україна","","koktebel-feodosia@yandex.ru"
"Подсолнух","Готель / Гостиниця","Україна","","agromir1991@mail.ru"
"Белый дом","Готель / Гостиниця","Україна","",""
"МоревдоМ","Готель / Гостиниця","Україна","",""
"У Лизы","Готель / Гостиниця","Україна","",""
"7 UP","Готель / Гостиниця","Україна","","radova03@gmail.com"
"Вилла Блюз","Готель / Гостиниця","Україна","",""
"Школьный, 22","Готель / Гостиниця","Україна","","avdeevasvetlana7@gmail.com"
"Black Cat","Готель / Гостиниця","Україна","",""
"Sea Rock","Готель / Гостиниця","Україна","",""
"Прохлада ИНН","Готель / Гостиниця","Україна","",""
"Гостиный двор","Готель / Гостиниця","Україна","",""
"Імперіа","Готель / Гостиниця","Україна","",""
"База отдыха ""Ореховая роща""","Готель / Гостиниця","Україна","",""
"Частный дворик у Татьяны","Готель / Гостиниця","Україна","",""
"На Адмірала Макарова","Готель / Гостиниця","Україна","",""
"База відпочинку ""Шіко""","Готель / Гостиниця","Україна","http://fshiko.com.ua/baza-otdyha-shiko",""
"Долинный, 5","Готель / Гостиниця","Україна","",""
"Белогорье","Готель / Гостиниця","Україна","",""
"Ёлки","Готель / Гостиниця","Україна","",""
"Крыша Мира","Готель / Гостиниця","Україна","",""
"Voyage","Готель / Гостиниця","Україна","",""
"Черноморська Хвиля","Готель / Гостиниця","Україна","",""
"Ай-Сере","Готель / Гостиниця","Україна","",""
"Горная Антавия","Готель / Гостиниця","Україна","",""
"Виноград","Готель / Гостиниця","Україна","",""
"Миколаїв","Готель / Гостиниця","Україна","http://hotel-nikolaev.com","grknikolaev@gmail.com"
"Розовый домик","Готель / Гостиниця","Україна","","ira475@mail.ru"
"Аист","Готель / Гостиниця","Україна","",""
"У Лидии","Готель / Гостиниця","Україна","",""
"Жуковского 47","Готель / Гостиниця","Україна","",""
"Fie$ta","Готель / Гостиниця","Україна","",""
"Sun-N-Rest","Готель / Гостиниця","Україна","",""
"Подкова","Готель / Гостиниця","Україна","",""
"А у нас во дворе","Готель / Гостиниця","Україна","",""
"Колиба ""Ведмежа гора""","Готель / Гостиниця","Україна","",""
"Королева, 17","Готель / Гостиниця","Україна","","deniskoktebel85@mail.ru"
"Митридат","Готель / Гостиниця","Україна","","nino4ka57@mail.ru"
"Королёва, 9","Готель / Гостиниця","Україна","","super.koktebelika@yandex.ua"
"Королёва, 7","Готель / Гостиниця","Україна","",""
"ул. Королёва, 8","Готель / Гостиниця","Україна","",""
"Альпийский дворик","Готель / Гостиниця","Україна","","ann.koktebel@yandex.ru"
"Королева, 22","Готель / Гостиниця","Україна","","crimea.ksyusha@mail.ru"
"Rosh","Готель / Гостиниця","Україна","",""
"Дом лётчика","Готель / Гостиниця","Україна","","irinakoktebel@gmail.com"
"Ювен","Готель / Гостиниця","Україна","",""
"На Калинина, 3","Готель / Гостиниця","Україна","",""
"Веселая Белка","Готель / Гостиниця","Україна","",""
"Шершнева, 15а","Готель / Гостиниця","Україна","","avr.vika@mail.ru"
"Casablanca","Готель / Гостиниця","Україна","","ksp05@yandex.ru"
"Innrock","Готель / Гостиниця","Україна","","aram55@bk.ru"
"Наталья","Готель / Гостиниця","Україна","",""
"На Шершнева 16а","Готель / Гостиниця","Україна","",""
"Фокс Коктебеля","Готель / Гостиниця","Україна","",""
"Kite Home","Готель / Гостиниця","Україна","","sergeykite@mail.ru"
"На Высотном","Готель / Гостиниця","Україна","",""
"Ленина, 76","Готель / Гостиниця","Україна","","79788631619@yandex.ru"
"У Гайдая","Готель / Гостиниця","Україна","",""
"Белая крепость","Готель / Гостиниця","Україна","","0984629316@mail.ru"
"У берёз","Готель / Гостиниця","Україна","","sawka.lenina66@yandex.ru"
"Стасишин Синьогуб","Готель / Гостиниця","Україна","",""
"Ай-Сафия","Готель / Гостиниця","Україна","",""
"Жуковского, 25","Готель / Гостиниця","Україна","",""
"Крымская Ницца","Готель / Гостиниця","Україна","",""
"Нікотель","Готель / Гостиниця","Україна","",""
"Златогор","Готель / Гостиниця","Україна","",""
"Жемчужина Коктебеля","Готель / Гостиниця","Україна","",""
"Sun Hotel","Готель / Гостиниця","Україна","","volar.96@gmail.com"
"Гостевой Дом «Семья»","Готель / Гостиниця","Україна","",""
"Международный","Готель / Гостиниця","Україна","",""
"Гайбуло","Готель / Гостиниця","Україна","","book@crimeabest.ru"
"Ориенталь","Готель / Гостиниця","Україна","","koktebel.oriental@gmail.com"
"На Десантников 7","Готель / Гостиниця","Україна","",""
"Артбухта","Готель / Гостиниця","Україна","",""
"Крым-Манжерок","Готель / Гостиниця","Україна","","info@krim-manzherok.ru"
"Карадаг","Готель / Гостиниця","Україна","",""
"Счастье есть!","Готель / Гостиниця","Україна","",""
"Кислород","Готель / Гостиниця","Україна","",""
"На Кирилла и Мефодия 10","Готель / Гостиниця","Україна","",""
"GreenHouse","Готель / Гостиниця","Україна","",""
"Грина 7","Готель / Гостиниця","Україна","","green7igor@mail.ru"
"Валерий Александрович","Готель / Гостиниця","Україна","",""
"В Коктебеле","Готель / Гостиниця","Україна","",""
"ДС","Готель / Гостиниця","Україна","",""
"Шайдт","Готель / Гостиниця","Україна","","koktebel-scheidt@mail.ru"
"Золотая подкова","Готель / Гостиниця","Україна","",""
"Ласточкино гнездо","Готель / Гостиниця","Україна","","79787566917@yandex.ru"
"Вилла Романтика","Готель / Гостиниця","Україна","","info@villa-romantika.ru"
"Мерко","Готель / Гостиниця","Україна","",""
"Семирамида","Готель / Гостиниця","Україна","","semiramida.koktebel@mail.ru"
"Экохаус","Готель / Гостиниця","Україна","",""
"Муссон","Готель / Гостиниця","Україна","",""
"Светлячок","Готель / Гостиниця","Україна","",""
"Лиана","Готель / Гостиниця","Україна","",""
"Горная Обитель","Готель / Гостиниця","Україна","","info@gornaya-obitel.ru"
"Гостевой дом ""5 с плюсом""","Готель / Гостиниця","Україна","","shop-provea@yandex.ru"
"У Казима и Анифе","Готель / Гостиниця","Україна","",""
"У Марии Степановны","Готель / Гостиниця","Україна","",""
"На Ленина, 49","Готель / Гостиниця","Україна","",""
"Ретро","Готель / Гостиниця","Україна","",""
"Мираж","Готель / Гостиниця","Україна","",""
"Cinema Hostel","Готель / Гостиниця","Україна","",""
"Geldberg","Готель / Гостиниця","Україна","",""
"Гуртожиток ЖВПУ","Готель / Гостиниця","Україна","",""
"Жилье","Готель / Гостиниця","Україна","",""
"Роза в эдеме","Готель / Гостиниця","Україна","","emine.ablyakimova@mail.ru"
"На семи ветрах","Готель / Гостиниця","Україна","",""
"На Версалева 21","Готель / Гостиниця","Україна","",""
"На Антонова, 12","Готель / Гостиниця","Україна","",""
"На Вересаева, 7","Готель / Гостиниця","Україна","",""
"На Пастернака, 6","Готель / Гостиниця","Україна","",""
"Надежда","Готель / Гостиниця","Україна","",""
"Вера","Готель / Гостиниця","Україна","",""
"Полынный","Готель / Гостиниця","Україна","",""
"У Погранцов","Готель / Гостиниця","Україна","",""
"Вересаева, 24","Готель / Гостиниця","Україна","",""
"Юг","Готель / Гостиниця","Україна","","elena-lee0181@mail.ru"
"Veres","Готель / Гостиниця","Україна","","lig.19@mail.ru"
"Капитан Врунгель","Готель / Гостиниця","Україна","",""
"Усадьба ""Афалина""","Готель / Гостиниця","Україна","","afalina.koktebel@gmail.com"
"Ксения","Готель / Гостиниця","Малореченское","","mirownikova@yandex.ru"
"Тиритака","Готель / Гостиниця","Україна","","mailto:sergey_v26@mail.ru"
"Каллиера","Готель / Гостиниця","Україна","",""
"На Айвазовского","Готель / Гостиниця","Україна","",""
"На Айвазовской","Готель / Гостиниця","Україна","",""
"Айвазовского 15","Готель / Гостиниця","Україна","","79787903914@yandex.ru"
"На Победы 23","Готель / Гостиниця","Україна","",""
"Солнечный дом","Готель / Гостиниця","Україна","","sashabuch1970@gmail.com"
"Лион на Победы","Готель / Гостиниця","Україна","",""
"Серова, 3","Готель / Гостиниця","Україна","",""
"Королёва, 15а","Готель / Гостиниця","Україна","",""
"Королева, 12","Готель / Гостиниця","Україна","",""
"Ясон","Готель / Гостиниця","Україна","",""
"Гостиний Двір","Готель / Гостиниця","Україна","",""
"Gladwyn","Готель / Гостиниця","Україна","",""
"У Васі","Готель / Гостиниця","Україна","",""
"Приват","Готель / Гостиниця","Україна","",""
"Корпус 3 Дома Творчества","Готель / Гостиниця","Україна","",""
"Мирали","Готель / Гостиниця","Україна","",""
"Дома Алінки 1","Готель / Гостиниця","Україна","",""
"Садиба ""Чорноморська""","Готель / Гостиниця","Україна","",""
"Sun Sea","Готель / Гостиниця","Україна","",""
"Визитка Коктебеля","Готель / Гостиниця","Україна","",""
"Лимоновый фонарь","Готель / Гостиниця","Україна","",""
"Арматлук","Готель / Гостиниця","Україна","","stasuck.vikt@yandex.ru"
"Катя","Готель / Гостиниця","Україна","",""
"Private resident","Готель / Гостиниця","Україна","",""
"Друзі","Готель / Гостиниця","Україна","",""
"Тезоро","Готель / Гостиниця","Україна","","nag2773@gmail.com"
"Дом ""В розах""","Готель / Гостиниця","Україна","","ivanna-ivanova33@rambler.ru"
"Колосальний мотофест","Готель / Гостиниця","Україна","",""
"Cheap Hotel","Готель / Гостиниця","Україна","",""
"Б57","Готель / Гостиниця","Україна","",""
"Зелёные холмы","Готель / Гостиниця","Україна","",""
"БЕСЕДКА","Готель / Гостиниця","Поповка","","besedkaum@gmail.com"
"Сан Маріно","Готель / Гостиниця","Україна","",""
"Гостинний дім „In-Grid“","Готель / Гостиниця","Україна","",""
"Хостел ""Full house""","Готель / Гостиниця","Україна","https://hostel.rivne.ua/","fullhouserivne@gmail.com"
"ForRest","Готель / Гостиниця","Україна","",""
"Чайка-3","Готель / Гостиниця","Україна","",""
"Економ-готель","Готель / Гостиниця","Україна","",""
"Белла","Готель / Гостиниця","Україна","",""
"Charisma","Готель / Гостиниця","Україна","",""
"База відпочинку „Пікнік“","Готель / Гостиниця","Україна","",""
"Комплекс “АЗАЛІЯ”","Готель / Гостиниця","Україна","",""
"Эльвина","Готель / Гостиниця","Україна","",""
"Ноктюрн","Готель / Гостиниця","Україна","",""
"Гостевой дом ""Югра""","Готель / Гостиниця","Україна","",""
"Сахалин","Готель / Гостиниця","Україна","",""
"Безмятежный уголок","Готель / Гостиниця","Україна","","serenecorner92@gmail.com"
"Домик на Чехова","Готель / Гостиниця","Україна","","moreaa@mail.ru"
"Ницца","Готель / Гостиниця","Україна","",""
"Пансіонат ""Жасмін""","Готель / Гостиниця","Україна","",""
"Уютные комнатки для жилья","Готель / Гостиниця","Україна","",""
"Акапулько","Готель / Гостиниця","Україна","",""
"Mega Hostel","Готель / Гостиниця","Україна","",""
"Гостьовий будинок","Готель / Гостиниця","Україна","",""
"КокТур","Готель / Гостиниця","Україна","","koktebelskiy@bk.ru"
"Villa Dana","Готель / Гостиниця","Україна","",""
"Южный Дворик","Готель / Гостиниця","Україна","","dworik2016@yandex.ru"
"Bed&Bread","Готель / Гостиниця","Україна","",""
"У тьоті Марійки","Готель / Гостиниця","Україна","",""
"Гуцульський припочівок","Готель / Гостиниця","Україна","",""
"Полонинська Ватра","Готель / Гостиниця","Україна","",""
"Китиця","Готель / Гостиниця","Україна","",""
"Замок грёз","Готель / Гостиниця","Україна","",""
"Дьоготь","Готель / Гостиниця","Україна","",""
"Гамма-Люкс","Готель / Гостиниця","Україна","",""
"База відпочинку „Ракета“, корп. № 2","Готель / Гостиниця","Україна","",""
"База відпочинку „Міраж“","Готель / Гостиниця","Україна","",""
"Валлета","Готель / Гостиниця","Україна","",""
"Кутовий будинок","Готель / Гостиниця","Україна","",""
"Еко Чорне Море","Готель / Гостиниця","Україна","",""
"База відпочинку „Южанка“","Готель / Гостиниця","Україна","",""
"Del Mar Koblevo","Готель / Гостиниця","Україна","",""
"Каріна","Готель / Гостиниця","Україна","",""
"Marine beach","Готель / Гостиниця","Україна","",""
"Куба","Готель / Гостиниця","Україна","",""
"VIP-готель","Готель / Гостиниця","Україна","",""
"U Zbrucha","Готель / Гостиниця","Україна","",""
"Стасєв Дворик","Готель / Гостиниця","Україна","",""
"У Гули","Готель / Гостиниця","Україна","",""
"Викинг клёвый пляж","Готель / Гостиниця","Україна","",""
"Guest House Ivanna","Готель / Гостиниця","Україна","",""
"Monada Hotel & Hostel","Готель / Гостиниця","Україна","",""
"Острівець Мандрів","Готель / Гостиниця","Україна","",""
"База відпочинку Хвиля-Прим","Готель / Гостиниця","Україна","","volna1prim@gmail.com"
"Кліментана","Готель / Гостиниця","Україна","",""
"Lviv Lucky Hostel","Готель / Гостиниця","Україна","",""
"Sweet Hostel","Готель / Гостиниця","Україна","",""
"Ашад","Готель / Гостиниця","Україна","",""
"Приятное Свидание","Готель / Гостиниця","Україна","",""
"Міні-готель «На Житомирській»","Готель / Гостиниця","Україна","",""
"Готель кафе","Готель / Гостиниця","Україна","",""
"Эллинги","Готель / Гостиниця","Україна","","lotzman.com@mail.ru"
"Бутік-готель ""Поезія Мандрів""","Готель / Гостиниця","Україна","",""
"Апарт-готель ""Фавар Карпати""","Готель / Гостиниця","Україна","",""
"Казка лісу","Готель / Гостиниця","Україна","",""
"Вілла ""Woodmen""","Готель / Гостиниця","Україна","",""
"Садиба ""Березів""","Готель / Гостиниця","Україна","",""
"Козацькі забави","Готель / Гостиниця","Україна","",""
"Приватна садиба ""Бабина стодола""","Готель / Гостиниця","Україна","",""
"Афина Вояж","Готель / Гостиниця","Україна","","afina.irina2311@mail.com"
"Дитячий табір","Готель / Гостиниця","Україна","",""
"Стара Пристань","Готель / Гостиниця","Україна","",""
"Готель ""біля Говерли""","Готель / Гостиниця","Україна","http://ukraine.1001idea.info/bronyuvannya-zhytla-v-karpatah-i-na-mori/bilya-goverly-kotedzh/",""
"Аква Плюс","Готель / Гостиниця","Україна","",""
"На Изергина 3","Готель / Гостиниця","Україна","",""
"Адмирал Ялта","Готель / Гостиниця","Україна","","yalta_info@marshal-mo.ru"
"Візит","Готель / Гостиниця","Україна","",""
"Гостевой дом «ПЯТНИЦА»","Готель / Гостиниця","Україна","","55555coua@gmail.com"
"Солнечный кот","Готель / Гостиниця","Україна","",""
"Катюша на Морской","Готель / Гостиниця","Україна","",""
"Тенистый дворик","Готель / Гостиниця","Україна","",""
"Голден Роус","Готель / Гостиниця","Україна","","trunin-maks@mail.ru"
"Sanek Ssob","Готель / Гостиниця","Україна","",""
"Золота Підкова","Готель / Гостиниця","Україна","http://clubpatriot.com.ua/uk/hotel",""
"Ой Ой","Готель / Гостиниця","Україна","",""
"Тамара","Готель / Гостиниця","Україна","",""
"Вілла Немо","Готель / Гостиниця","Україна","",""
"Губернія","Готель / Гостиниця","Україна","",""
"Гостевой домик","Готель / Гостиниця","Україна","",""
"Зарінські","Готель / Гостиниця","Україна","",""
"Шале ТисаБуркут","Готель / Гостиниця","Україна","",""
"Крошечка","Готель / Гостиниця","Україна","",""
"Шашличний дворик","Готель / Гостиниця","Україна","",""
"Романия","Готель / Гостиниця","Україна","","reshetova_nata@mail.ru"
"Место на Десне 1","Готель / Гостиниця","Україна","",""
"Кордон Красный камень","Готель / Гостиниця","Україна","",""
"Затишна хатина","Готель / Гостиниця","Україна","",""
"Хостел Депо","Готель / Гостиниця","Україна","",""
"Білий Дім Карпат","Готель / Гостиниця","Україна","",""
"Карпатський теремок","Готель / Гостиниця","Україна","",""
"Садиба сім'ї Спаських","Готель / Гостиниця","Україна","",""
"Ветряк Гафон","Готель / Гостиниця","Україна","",""
"На  Садовой 16","Готель / Гостиниця","Україна","",""
"SunSet","Готель / Гостиниця","Україна","",""
"Лонгвина","Готель / Гостиниця","Україна","",""
"Пьяная камбала","Готель / Гостиниця","Україна","",""
"Челентано","Готель / Гостиниця","Україна","",""
"Mazanka ecocamping","Готель / Гостиниця","Україна","",""
"Капля","Готель / Гостиниця","Малореченское","",""
"На Виноградной 4","Готель / Гостиниця","Україна","",""
"Май","Готель / Гостиниця","Україна","",""
"Кучук-Узень","Готель / Гостиниця","Україна","",""
"На Морской 7","Готель / Гостиниця","Україна","",""
"Отдых у моря","Готель / Гостиниця","Україна","",""
"На Виноградной 2","Готель / Гостиниця","Україна","",""
"Морская звезда","Готель / Гостиниця","Україна","",""
"Марина","Готель / Гостиниця","Україна","",""
"На Парковой 16","Готель / Гостиниця","Україна","",""
"Инжир","Готель / Гостиниця","Україна","",""
"У Виталия","Готель / Гостиниця","Україна","",""
"Танюша","Готель / Гостиниця","Україна","",""
"У Надежды и Алексея","Готель / Гостиниця","Україна","","nadynya57@mail.ru"
"Регион 86","Готель / Гостиниця","Україна","",""
"Апарт отель Пушкинский","Готель / Гостиниця","Україна","",""
"Parus","Готель / Гостиниця","Україна","",""
"Don Gusto","Готель / Гостиниця","Україна","",""
"Бумеранг","Готель / Гостиниця","Україна","",""
"Гранд веранда","Готель / Гостиниця","Україна","",""
"Guest House on gorkogo","Готель / Гостиниця","Україна","",""
"Горького 29","Готель / Гостиниця","Україна","",""
"Царское село","Готель / Гостиниця","Україна","",""
"Ладья","Готель / Гостиниця","Україна","",""
"Лисичка","Готель / Гостиниця","Україна","",""
"Альтера","Готель / Гостиниця","Україна","","rezerv6568@mail.ru"
"Golden Beach","Готель / Гостиниця","Україна","",""
"Під зоряним небом","Готель / Гостиниця","Україна","",""
"Танкіст","Готель / Гостиниця","Україна","",""
"Курінь","Готель / Гостиниця","Україна","",""
"Сосновий двір","Готель / Гостиниця","Україна","",""
"Під Явором","Готель / Гостиниця","Україна","",""
"Говерлянка","Готель / Гостиниця","Україна","",""
"Сафие","Готель / Гостиниця","Україна","","abdulaeva.zure@mail.ru"
"Гостевой дом Azhur","Готель / Гостиниця","Україна","",""
"Гостевой дом на Равелинной","Готель / Гостиниця","Україна","",""
"Кобзар","Готель / Гостиниця","Україна","",""
"СкелеПарк","Готель / Гостиниця","Подгорное","",""
"У Дмитрия","Готель / Гостиниця","Україна","",""
"Міні-готель, Берегова 45","Готель / Гостиниця","Україна","",""
"CHÂTEAU DE MOUETTE","Готель / Гостиниця","Україна","",""
"Амазонка","Готель / Гостиниця","Україна","",""
"Коло друзів","Готель / Гостиниця","Україна","",""
"Барабулька","Готель / Гостиниця","Україна","",""
"Готель бар Софія","Готель / Гостиниця","Україна","",""
"Готель Гармонія","Готель / Гостиниця","Україна","",""
"Близнюки і світлофор","Готель / Гостиниця","Україна","",""
"Евпатрион бассейн","Готель / Гостиниця","Україна","",""
"Бон Вояж","Готель / Гостиниця","Україна","",""
"Дюльбер","Готель / Гостиниця","Україна","",""
"Ле Ди","Готель / Гостиниця","Україна","",""
"Валерия","Готель / Гостиниця","Україна","",""
"Аллегро","Готель / Гостиниця","Україна","",""
"Миру Мир","Готель / Гостиниця","Україна","",""
"Отель ""Марсоль""","Готель / Гостиниця","Україна","",""
"Aura","Готель / Гостиниця","Україна","",""
"Green Island","Готель / Гостиниця","Україна","",""
"Dilas","Готель / Гостиниця","Україна","",""
"Гостевой дом Дюльбер","Готель / Гостиниця","Україна","",""
"Гостевой дом Кунеш","Готель / Гостиниця","Україна","","bodjekalie@yandex.ru"
"Мини-отель Поляна","Готель / Гостиниця","Україна","",""
"Отель Аквапарк (aquapark)","Готель / Гостиниця","Україна","",""
"Калинка","Готель / Гостиниця","Україна","",""
"Котедж ""Блакитне озеро""","Готель / Гостиниця","Україна","",""
"Квітень","Готель / Гостиниця","Україна","",""
"Гостьовий дім ""У Микити""","Готель / Гостиниця","Україна","",""
"116 причал 2 елінг","Готель / Гостиниця","Україна","",""
"Камилла","Готель / Гостиниця","Україна","","kamilla-hotel@mail.ru"
"Альпийская долина","Готель / Гостиниця","Україна","",""
"ОСББ ""Вітрило""","Готель / Гостиниця","Україна","",""
"Усадьба баксан , банька ))","Готель / Гостиниця","Україна","",""
"Лисьи Сны","Готель / Гостиниця","Україна","",""
"Кінбурнська коса","Готель / Гостиниця","Україна","",""
"Апартаменты Валенсия 6","Готель / Гостиниця","Україна","",""
"На краю світу","Готель / Гостиниця","Україна","",""
"Дом Йоги","Готель / Гостиниця","Україна","","home@yogayalta.ru"
"Мансарда","Готель / Гостиниця","Україна","",""
"Сімейний котедж ""У Діани""","Готель / Гостиниця","Україна","",""
"Боброва Хата","Готель / Гостиниця","Україна","",""
"Отель-хостел Мплибу","Готель / Гостиниця","Україна","","hostel-malibu@mail.ru"
"Коттеджи Ольвия","Готель / Гостиниця","Україна","","olvia-olenevka@mail.ru"
"Империал","Готель / Гостиниця","Україна","","hotelfiolent@ya.ru"
"У Валентины","Готель / Гостиниця","Україна","","super.ya-sony@yandex.ru"
"Феникс","Готель / Гостиниця","Україна","","golovin.felix@yandex.ru"
"Наш дворик","Готель / Гостиниця","Україна","","prokudina.irina@bk.ru"
"У Одесита","Готель / Гостиниця","Україна","",""
"Донна Роза","Готель / Гостиниця","Україна","",""
"Villa","Готель / Гостиниця","Україна","",""
"Кінний двір ""Лелеки""","Готель / Гостиниця","Україна","",""
"Єврєйський городок","Готель / Гостиниця","Україна","",""
"Михайлівська","Готель / Гостиниця","Україна","",""
"IQ Hotel","Готель / Гостиниця","Україна","",""
"Park Inn","Готель / Гостиниця","Україна","",""
"Гостевой дом Дача","Готель / Гостиниця","Україна","",""
"Простые Вещи","Готель / Гостиниця","Україна","",""
"На Виноградной 24","Готель / Гостиниця","Україна","",""
"Польська Подушка на Франка","Готель / Гостиниця","Україна","",""
"Отель у моря 35 меридиан","Готель / Гостиниця","Україна","","35meridian@gmail.com"
"Imperial","Готель / Гостиниця","Україна","",""
"Ковбой, Конный клуб","Готель / Гостиниця","Україна","",""
"Лисянка","Готель / Гостиниця","Україна","",""
"Дитячий оздоровчий табір ""Трембіта""","Готель / Гостиниця","Україна","",""
"Променад","Готель / Гостиниця","Україна","",""
"Ясень","Готель / Гостиниця","Україна","",""
"Авалон","Готель / Гостиниця","Україна","",""
"«Уютное»","Готель / Гостиниця","Україна","","lilia_250875@mail.ru"
"Легенда карпат","Готель / Гостиниця","Україна","http://www.kosivart.com/index.cfm/fuseaction/rest.legenda-karpat/",""
"Сонячна садиба","Готель / Гостиниця","Україна","",""
"Apartments like hotel","Готель / Гостиниця","Україна","",""
"Домік в Сєдове","Готель / Гостиниця","Україна","","domikvsedovo@mail.ru"
"Дмитро","Готель / Гостиниця","Україна","","alexkm128@gmail.com"
"АНГ","Готель / Гостиниця","Україна","",""
"Гостьовий будинок ""Вест""","Готель / Гостиниця","Україна","",""
"RioRo","Готель / Гостиниця","Україна","",""
"Луцьк","Готель / Гостиниця","Україна","",""
"Усадьба мотель","Готель / Гостиниця","Україна","",""
"Дядя Саша","Готель / Гостиниця","Україна","",""
"Moramar","Готель / Гостиниця","Україна","",""
"Борей","Готель / Гостиниця","Україна","",""
"Вілла Жанна","Готель / Гостиниця","Україна","",""
"Рыбацкий Хутор","Готель / Гостиниця","Україна","",""
"Maximus hotel","Готель / Гостиниця","Україна","http://melodija.com.ua/hotel-paganini/",""
"Старий Кондрат","Готель / Гостиниця","Україна","",""
"Агросадиба «Острів Єпіків»","Готель / Гостиниця","Україна","https://rivne.travel/ua/residenced/14-agrosadiba-ostriv-pikiv--s-derajne-",""
"Вилла Русалочка","Готель / Гостиниця","Україна","",""
"Моника","Готель / Гостиниця","Україна","",""
"Сибирь","Готель / Гостиниця","Україна","","natasha.maksimkina@yandex.ru"
"Nar","Готель / Гостиниця","Україна","",""
"Сиеста","Готель / Гостиниця","Україна","",""
"Айсберг","Готель / Гостиниця","Україна","","s1dorova@mail.ru"
"Мини-отель ""Виноградный рай""","Готель / Гостиниця","Україна","","mirtrudmay505@mail.ru"
"На Садовой 14","Готель / Гостиниця","Україна","",""
"Мария","Готель / Гостиниця","Україна","","roma_mariya@bigmir.net"
"Тихий дворик","Готель / Гостиниця","Україна","","chelnokova_0104@mail.ru"
"На Виноградной 38","Готель / Гостиниця","Україна","","ersh-elena@mail.ru"
"На Миндальной 14","Готель / Гостиниця","Україна","","poliakova_78@mail.ru"
"Пашуня","Готель / Гостиниця","Україна","",""
"Соколиное гнездо","Готель / Гостиниця","Україна","",""
"Частный двор ""Орхидея""","Готель / Гостиниця","Україна","",""
"На Парковая 8","Готель / Гостиниця","Україна","",""
"В гостях у Галины","Готель / Гостиниця","Україна","","gohremenko@yandex.ru"
"Вилла Белая Орхидея","Готель / Гостиниця","Україна","","villa_belaya_orhideya@mail.ru"
"Слов'янська","Готель / Гостиниця","Україна","http://hotel-slavyanskiy.lg.ua","hotel_slavyan@ukr.net"
"Таир","Готель / Гостиниця","Україна","",""
"Домино","Готель / Гостиниця","Україна","",""
"Элен","Готель / Гостиниця","Україна","","stiren16@rambler.ru"
"ДиСа","Готель / Гостиниця","Україна","",""
"Виталина","Готель / Гостиниця","Україна","","nastya30@mail.ru"
"У Леси","Готель / Гостиниця","Україна","","lesya.anatoliewna@yandex.ru"
"Розовый рай","Готель / Гостиниця","Україна","","philipenko-sveta@list.ru"
"Итальянский Дворик","Готель / Гостиниця","Україна","","shsvetlana63@mail.ru"
"Rivne Hostel","Готель / Гостиниця","Україна","",""
"Апарт-отель «Гость»","Готель / Гостиниця","Україна","",""
"У Натальи","Готель / Гостиниця","Україна","",""
"У Надежды","Готель / Гостиниця","Україна","","natali.kashirskaya@gmail.com"
"Поруч","Готель / Гостиниця","Україна","",""
"Домик в деревне","Готель / Гостиниця","Україна","","kekmils8@gmail.com"
"Зеленая бухта","Готель / Гостиниця","Україна","",""
"Мелодия моря","Готель / Гостиниця","Україна","","melodiya-morya@mail.ru"
"На Парковой 6В","Готель / Гостиниця","Україна","",""
"На Морской 12","Готель / Гостиниця","Україна","","beloiandrei@yandex.ru"
"На Парковой 8А","Готель / Гостиниця","Україна","",""
"Виноградный дворик","Готель / Гостиниця","Україна","","amalesha@yandex.ru"
"У Жанны","Готель / Гостиниця","Україна","",""
"На Фруктовой 13","Готель / Гостиниця","Україна","",""
"На Садовой 7а","Готель / Гостиниця","Україна","","olga.cafronova@mail.ru"
"На Генеральской 4","Готель / Гостиниця","Україна","",""
"Іванчо Бірток","Готель / Гостиниця","Україна","",""
"Скіфський вал","Готель / Гостиниця","Україна","",""
"Бабусині витребеньки","Готель / Гостиниця","Україна","",""
"Тріал","Готель / Гостиниця","Україна","",""
"Ясмин","Готель / Гостиниця","Україна","",""
"Відпочинковий комплекс «Гердан»","Готель / Гостиниця","Україна","https://gerdan.if.ua/",""
"Котедж «Світлана»","Готель / Гостиниця","Україна","",""
"Хоум","Готель / Гостиниця","Україна","",""
"Профілакторій","Готель / Гостиниця","Україна","",""
"МРЦ ""Південний буг"" МВС України","Готель / Гостиниця","Україна","",""
"Оздоровчий комплекс ""Поділля""","Готель / Гостиниця","Україна","",""
"Приватні котеджі «Магурка»","Готель / Гостиниця","Україна","","magurka@verhovyna.life"
"У Леопольдовича","Готель / Гостиниця","Україна","",""
"Арден палац","Готель / Гостиниця","Україна","",""
"Тридцатка","Готель / Гостиниця","Україна","",""
"Дім микуличин","Готель / Гостиниця","Україна","",""
"Оазис надежды","Готель / Гостиниця","Україна","","oasisnadejda@gmail.com"
"На Виноградной 36","Готель / Гостиниця","Україна","",""
"На Виноградной 35В","Готель / Гостиниця","Україна","",""
"Миндальная 2","Готель / Гостиниця","Україна","","domans76@gmail.com"
"На Миндальной","Готель / Гостиниця","Україна","",""
"Настин Дворик","Готель / Гостиниця","Україна","",""
"Вилла Анюта","Готель / Гостиниця","Україна","","anna5101977@mail.ru"
"Золотой Дракон","Готель / Гостиниця","Україна","",""
"У Марины","Готель / Гостиниця","Україна","","anatoliyostapenko@yandex.ru"
"На Подгорной 28","Готель / Гостиниця","Україна","","lolylap@mail.ru"
"На Виноградной 21","Готель / Гостиниця","Україна","","skatelova80@mail.ru"
"Jedrykowa Sadyba","Готель / Гостиниця","Україна","http://www.gorgany.org","jedrykowasadyba@wp.pl"
"Лучший отдых","Готель / Гостиниця","Україна","",""
"На Морской 1","Готель / Гостиниця","Україна","","akopovaanna644@qmail.com"
"На Рамазанова","Готель / Гостиниця","Україна","",""
"Пальмы","Готель / Гостиниця","Україна","",""
"Мотель Берегиня","Готель / Гостиниця","Україна","",""
"база отдыха Морская","Готель / Гостиниця","Україна","",""
"Частная гостиница ""Свидание с морем""","Готель / Гостиниця","Україна","",""
"Leo City","Готель / Гостиниця","Україна","",""
"Apple","Готель / Гостиниця","Україна","",""
"Пелагея","Готель / Гостиниця","Україна","",""
"Урбан","Готель / Гостиниця","Україна","",""
"Зруб","Готель / Гостиниця","Україна","",""
"Шампань","Готель / Гостиниця","Україна","",""
"Шале Джур-Джур","Готель / Гостиниця","Україна","",""
"База відпочинку ""Світлана""","Готель / Гостиниця","Україна","",""
"Море Удачи","Готель / Гостиниця","Україна","","info@more-udachi.ru"
"У Зайца","Готель / Гостиниця","Україна","",""
"На Заречной 13","Готель / Гостиниця","Україна","",""
"Enjoy Hostel Kyiv","Готель / Гостиниця","Україна","",""
"Коттеджи на Заоблачной","Готель / Гостиниця","Україна","",""
"Градний узвіз","Готель / Гостиниця","Україна","",""
"На Молодежной 37","Готель / Гостиниця","Україна","","mihail6603@mail.ru"
"Италия","Готель / Гостиниця","Україна","",""
"Белый аист","Готель / Гостиниця","Україна","",""
"Мераба","Готель / Гостиниця","Україна","",""
"Ялыбой","Готель / Гостиниця","Україна","",""
"Байбуган","Готель / Гостиниця","Україна","","luiza1965@rambler.ru"
"Уютный дворик","Готель / Гостиниця","Україна","",""
"Солнце","Готель / Гостиниця","Україна","",""
"Сантель","Готель / Гостиниця","Україна","",""
"Золотой берег","Готель / Гостиниця","Україна","",""
"Усадьба Белый Тополь","Готель / Гостиниця","Україна","",""
"У Лейлы","Готель / Гостиниця","Україна","","ikaevaleyla@gmail.com"
"Киор","Готель / Гостиниця","Україна","","ninaroik@mail.ru"
"Вилла Лучистая","Готель / Гостиниця","Україна","",""
"Мармарис","Готель / Гостиниця","Україна","http://www.villa-marmaris.com/","villa_marmaris@mail.ru; yalta.morskoyspusk@mail.ru"
"Домик со слоном","Готель / Гостиниця","Україна","","anna5101977@mail.ru"
"Эльвира","Готель / Гостиниця","Україна","","m-mustafa@yandex.ua"
"У Альбины","Готель / Гостиниця","Україна","",""
"Be Happy","Готель / Гостиниця","Україна","",""
"Магеллан","Готель / Гостиниця","Україна","","magnata16@mail.ru"
"Три Капитана","Готель / Гостиниця","Україна","","olegpoltav094@gmail.com"
"Солхат","Готель / Гостиниця","Україна","",""
"ТиС","Готель / Гостиниця","Україна","","viktoriacrimea64@mail.ru"
"Усадьба Магнолия","Готель / Гостиниця","Україна","",""
"Зеленый дворик","Готель / Гостиниця","Україна","","zeleniydvorik@gmail.com"
"Царство зелёной прохлады","Готель / Гостиниця","Україна","","manzhosov1958@mail.ru"
"Аполлинария","Готель / Гостиниця","Україна","","aksanamixx@mail.ru"
"У Валеры","Готель / Гостиниця","Україна","","vagalar@mail.ru"
"Ловец","Готель / Гостиниця","Україна","","lovets2014@gmail.com"
"У Семена","Готель / Гостиниця","Україна","","levin_semen@list.ru"
"Вилла Луиза","Готель / Гостиниця","Україна","","luiza.crimea.villa@gmail.com"
"У моря","Готель / Гостиниця","Україна","",""
"Эллинг № 8","Готель / Гостиниця","Україна","",""
"Амакс","Готель / Гостиниця","Україна","",""
"Морской Берег","Готель / Гостиниця","Україна","",""
"Орхидея","Готель / Гостиниця","Україна","","irina.rybache@rambler.ru"
"Усадьба Лукоморье","Готель / Гостиниця","Україна","",""
"У Любаши","Готель / Гостиниця","Україна","","lubashazhukova@mail.ru"
"777","Готель / Гостиниця","Україна","",""
"Викторина","Готель / Гостиниця","Україна","","gkulchiczkij@mail.ru"
"Тихая долина","Готель / Гостиниця","Україна","https://rest-day.com/rybache/gostevye-doma/gostevoj-dom-tihaya-dolina-v-rybachem-212",""
"Аят","Готель / Гостиниця","Україна","",""
"Мини-Отель Оливия","Готель / Гостиниця","Україна","",""
"Усадьба Элиана","Готель / Гостиниця","Україна","",""
"Аркобалено","Готель / Гостиниця","Україна","","ta-nuska@mail.ru"
"Крымская Магнолия","Готель / Гостиниця","Україна","",""
"Кара Дениз","Готель / Гостиниця","Україна","",""
"У Генерала","Готель / Гостиниця","Україна","",""
"У Тети Сони","Готель / Гостиниця","Україна","",""
"Крымское Подворье","Готель / Гостиниця","Україна","",""
"Дача Рахманинов","Готель / Гостиниця","Україна","","sales@rachmaninoff-yalta.ru"
"Під Долинами","Готель / Гостиниця","Україна","",""
"СПА-отель Орион","Готель / Гостиниця","Україна","","orion-tur2k@mail.ru"
"Вилла Дали","Готель / Гостиниця","Україна","",""
"Ника","Готель / Гостиниця","Україна","","innabvv1@mail.ru"
"Садиба ""Коло друзів""","Готель / Гостиниця","Україна","",""
"Гостиничный комплекс ""Аквапарк""","Готель / Гостиниця","Україна","",""
"Жемчужинка","Готель / Гостиниця","Україна","","p_nataliya_s@mail.ru"
"У Сан Саныча","Готель / Гостиниця","Україна","",""
"Лучистая 8б","Готель / Гостиниця","Україна","",""
"У Джеммы","Готель / Гостиниця","Україна","",""
"Ольга","Готель / Гостиниця","Україна","","solnishko1269@gmail.com"
"Эллинг 46 ""Лето""","Готель / Гостиниця","Україна","",""
"Эллинг ""Ноги в море""","Готель / Гостиниця","Україна","","vagalar@mail.ru"
"Саид","Готель / Гостиниця","Україна","",""
"Magic","Готель / Гостиниця","Україна","","book@crimeabest.ru"
"Алустон","Готель / Гостиниця","Україна","",""
"Тихий Двор","Готель / Гостиниця","Україна","",""
"У Александра","Готель / Гостиниця","Україна","","alex_priora06@mail.ru"
"У Галины","Готель / Гостиниця","Україна","",""
"Prosperita","Готель / Гостиниця","Україна","",""
"База отдыха ""Фазенда""","Готель / Гостиниця","Україна","","boryakinaekaterina@yandex.ru"
"Гостинний двір ""Андріанна""","Готель / Гостиниця","Україна","",""
"ДонБас","Готель / Гостиниця","Україна","",""
"Приют","Готель / Гостиниця","Україна","",""
"Замок Алустон","Готель / Гостиниця","Україна","","serg.rad75@gmail.com"
"Welcome","Готель / Гостиниця","Україна","","ludmila_shubina63@mail.ru"
"Дом в Солнечногорском","Готель / Гостиниця","Україна","","olesyablack@list.ru"
"13 Ершей","Готель / Гостиниця","Україна","","rest@13ershey.crimea.com"
"У Черного моря","Готель / Гостиниця","Україна","",""
"Дворик у моря","Готель / Гостиниця","Україна","","diecity@mail.ru"
"На берегу","Готель / Гостиниця","Україна","",""
"У Валентина","Готель / Гостиниця","Україна","","valentin.stotskij@yandex.ru"
"Station Hostel","Готель / Гостиниця","Україна","",""
"Вілла ""Лелеч""","Готель / Гостиниця","Україна","",""
"Дует","Готель / Гостиниця","Україна","",""
"Міні-готель ""Ністрy""","Готель / Гостиниця","Україна","",""
"У Гелени","Готель / Гостиниця","Україна","",""
"Білі Горвати","Готель / Гостиниця","Україна","",""
"Мустанг","Готель / Гостиниця","Україна","",""
"Стефані","Готель / Гостиниця","Україна","",""
"Загадка Карпат","Готель / Гостиниця","Україна","",""
"Колиба ""Сузір'я Карпат""","Готель / Гостиниця","Україна","",""
"Тайстрина","Готель / Гостиниця","Україна","",""
"Дана","Готель / Гостиниця","Україна","",""
"Алый закат","Готель / Гостиниця","Україна","",""
"Міні-готель ""Ліснови""","Готель / Гостиниця","Україна","",""
"Лора","Готель / Гостиниця","Україна","",""
"Гостинний двір ""Тетяна""","Готель / Гостиниця","Україна","",""
"Casa Mare","Готель / Гостиниця","Україна","","angelafriptuleac66@mail.ru"
"Частное домовладение на Табачной","Готель / Гостиниця","Україна","","serg.rad75@gmail.com"
"У Нины Ивановны","Готель / Гостиниця","Україна","",""
"База отдыха ""Солнечное""","Готель / Гостиниця","Україна","","sss34611@gmail.com"
"Роза Пикуба","Готель / Гостиниця","Україна","","elvira_kerimova@mail.ua"
"Морской бриз","Готель / Гостиниця","Україна","",""
"Анетта","Готель / Гостиниця","Україна","",""
"Солнечногорск","Готель / Гостиниця","Україна","","kadyrova.elvira63@mail.ru"
"Эмилия","Готель / Гостиниця","Україна","","emiliya.solnechnogorsk@mail.ru"
"На Молодежной","Готель / Гостиниця","Україна","","a.seitova1976@mail.ru"
"Борисоль","Готель / Гостиниця","Україна","","borisol.crimea@yandex.ru"
"Венера","Готель / Гостиниця","Україна","","fghfgh127@mail.ru"
"Леннара","Готель / Гостиниця","Україна","","zeinebakimova@mail.ru"
"Велиза","Готель / Гостиниця","Україна","","gogol25006@gmail.com"
"Эвель","Готель / Гостиниця","Україна","","mavileshka@gmail.com"
"Кедр","Готель / Гостиниця","Україна","","kedr.sea@gmail.com"
"Тихая дача","Готель / Гостиниця","Україна","","semilin-tur@yandex.ru"
"Виталина 2","Готель / Гостиниця","Україна","","vitalina.hotel@bk.ru"
"Галька","Готель / Гостиниця","Україна","",""
"STOP TIME","Готель / Гостиниця","Україна","",""
"Байбуган-Максималист","Готель / Гостиниця","Україна","","luiza1965@rambler.ru"
"У Дениса","Готель / Гостиниця","Україна","","eva068875@yandex.ru"
"18 регион","Готель / Гостиниця","Україна","","ulinikol@rambler.ru"
"Дворик на Вишневой","Готель / Гостиниця","Україна","","snezhana.semenchenko@mail.ru"
"У Сабира","Готель / Гостиниця","Україна","","sobir740203@ramler.ru"
"Прибрежный","Готель / Гостиниця","Україна","",""
"Летний отдых у Елены","Готель / Гостиниця","Україна","","alenka_82_82@bk.ru"
"Иль Маре","Готель / Гостиниця","Україна","","morskaya19hotel@gmail.com"
"У девчат","Готель / Гостиниця","Україна","","julia_berry@mail.ru"
"Сан Сити","Готель / Гостиниця","Україна","",""
"У Ларисы","Готель / Гостиниця","Україна","",""
"Дом Петра","Готель / Гостиниця","Україна","","10piter61@rambler.ru"
"Изумрудный","Готель / Гостиниця","Україна","",""
"ЭльМира","Готель / Гостиниця","Україна","",""
"Асторія","Готель / Гостиниця","Україна","",""
"Гала","Готель / Гостиниця","Україна","",""
"Солнечный Бриз","Готель / Гостиниця","Україна","","krym.otdyx@gmail.com"
"Chalet Residence Hotel","Готель / Гостиниця","Україна","https://shale-r.com","shalet.residence@gmail.com"
"На Морской 2","Готель / Гостиниця","Україна","",""
"Вишнёвый рай","Готель / Гостиниця","Україна","",""
"Как дома","Готель / Гостиниця","Україна","","natalia.udina@mail.ru"
"Бамбук","Готель / Гостиниця","Україна","",""
"У Юрия","Готель / Гостиниця","Україна","",""
"Людмила","Готель / Гостиниця","Україна","",""
"Император","Готель / Гостиниця","Україна","",""
"Вишневая 11","Готель / Гостиниця","Україна","","anna.cherkashchenko@mail.ru"
"Светлица","Готель / Гостиниця","Україна","",""
"Коттеджи над морем","Готель / Гостиниця","Україна","",""
"На Виноградной","Готель / Гостиниця","Україна","","viktoria.ribachie@ya.ru"
"Островок","Готель / Гостиниця","Україна","",""
"У Ани","Готель / Гостиниця","Україна","",""
"Семейная Дача ""Рыбачье""","Готель / Гостиниця","Україна","",""
"У Ирины","Готель / Гостиниця","Україна","",""
"Водолей","Готель / Гостиниця","Україна","","ekimova1985d@yandex.ru"
"Коттедж 22","Готель / Гостиниця","Україна","",""
"Hygge","Готель / Гостиниця","Україна","",""
"Kayzervald","Готель / Гостиниця","Україна","",""
"Сонет","Готель / Гостиниця","Україна","",""
"Ноги в Море","Готель / Гостиниця","Україна","",""
"Готель Raziotel","Готель / Гостиниця","Україна","",""
"Морская 20","Готель / Гостиниця","Україна","",""
"Загородный дом на Школьной","Готель / Гостиниця","Україна","",""
"На Лучистой 7","Готель / Гостиниця","Україна","","eka2661@rambler.ru"
"Затишна квартира","Готель / Гостиниця","Україна","","flatcomfy@gmail.com"
"Джелип","Готель / Гостиниця","Морское","",""
"Аркада","Готель / Гостиниця","Україна","",""
"Тюзлер","Готель / Гостиниця","Україна","",""
"Уютная","Готель / Гостиниця","Україна","","anndemax@rambler.ru"
"Дача в Солнечногорском","Готель / Гостиниця","Україна","",""
"Белый лебедь","Готель / Гостиниця","Україна","",""
"Казанский дворик","Готель / Гостиниця","Україна","",""
"Кристина","Готель / Гостиниця","Україна","",""
"Лесной","Готель / Гостиниця","Україна","",""
"Марьяж","Готель / Гостиниця","Україна","",""
"У Степана","Готель / Гостиниця","Україна","",""
"На Шоссейной 40","Готель / Гостиниця","Україна","",""
"На Шоссейной 38А","Готель / Гостиниця","Україна","",""
"Родина","Готель / Гостиниця","Україна","",""
"Варшавський","Готель / Гостиниця","Україна","",""
"Гранатовое поместье","Готель / Гостиниця","Україна","",""
"База відпочинку Тетерів у Житомирі","Готель / Гостиниця","Україна","https://teteriv-zt.com.ua/",""
"Усадьба Русь","Готель / Гостиниця","Україна","",""
"Зелёный луч","Готель / Гостиниця","Україна","",""
"Мини-пансионат Можжевеловый рай","Готель / Гостиниця","Україна","",""
"Пансионат Волга","Готель / Гостиниця","Україна","",""
"Черномор","Готель / Гостиниця","Україна","",""
"Ricco","Готель / Гостиниця","Україна","",""
"Пансионат ""КАСПИЙ""","Готель / Гостиниця","Україна","",""
"Эко-Village","Готель / Гостиниця","Україна","https://eko-village.com/","eco-village@bk.ru"
"Багира","Готель / Гостиниця","Україна","","info@kanaka-bagira.ru"
"База отдыха Сейяра","Готель / Гостиниця","Україна","",""
"Атлантида","Готель / Гостиниця","Україна","",""
"Готель ""Villa Billa""","Готель / Гостиниця","Україна","",""
"Vita","Готель / Гостиниця","Україна","",""
"Коттедж № 17","Готель / Гостиниця","Україна","","privetnoe.in@gmail.com"
"Новая крепость","Готель / Гостиниця","Україна","","nk-otel@mail.ru"
"Гамачок у моря","Готель / Гостиниця","Україна","","gamachok-hotel@mail.ru"
"Катран","Готель / Гостиниця","Україна","",""
"Эллинг 46","Готель / Гостиниця","Україна","","pershynai@mail.ru"
"Приветный","Готель / Гостиниця","Україна","",""
"Дания","Готель / Гостиниця","Україна","https://www.hoteldania.org/",""
"Майами","Готель / Гостиниця","Україна","",""
"Горная лаванда","Готель / Гостиниця","Україна","",""
"У большого камня","Готель / Гостиниця","Україна","",""
"У Ванды","Готель / Гостиниця","Україна","",""
"Під'їзд 2","Готель / Гостиниця","Україна","",""
"5000","Готель / Гостиниця","Україна","","ale-domanskij@ya.ru"
"Московский","Готель / Гостиниця","Україна","https://отель-московский.рф/","otelmoskovsky@yandex.ru"
"Жемчужина у моря","Готель / Гостиниця","Україна","","al1907l@mail.ru"
"Relax","Готель / Гостиниця","Україна","",""
"У Лилии","Готель / Гостиниця","Україна","","alimemeras1999@mail.ru"
"Шахтёр","Готель / Гостиниця","Україна","","shaxter.777@mail.ru"
"Виноградная лоза","Готель / Гостиниця","Україна","","grapevine01@mail.ru"
"Бегущая по волнам","Готель / Гостиниця","Україна","","soteras@mail.ru"
"Дворик на Садовой","Готель / Гостиниця","Україна","",""
"Рапаны","Готель / Гостиниця","Україна","",""
"Лучистое","Готель / Гостиниця","Україна","",""
"Ускут","Готель / Гостиниця","Україна","","rustem17071986@mail.ru"
"Бриг","Готель / Гостиниця","Україна","",""
"Опера Пасаж","Готель / Гостиниця","Україна","",""
"На Виноградной 10А","Готель / Гостиниця","Україна","",""
"На Виноградной у Натальи","Готель / Гостиниця","Україна","",""
"Зеленая Дача","Готель / Гостиниця","Україна","",""
"Морская мечта","Готель / Гостиниця","Україна","","morskaya.mechta@bk.ru"
"Мариника","Готель / Гостиниця","Україна","","panyliza@gmail.com"
"Дача Вернадского","Готель / Гостиниця","Україна","","dacha.vernadskogo@yandex.ru"
"Bounty","Готель / Гостиниця","Україна","",""
"У Валентиныча","Готель / Гостиниця","Україна","",""
"Golden Lion","Готель / Гостиниця","Україна","","den_mancom@mail.ru"
"Усадьба Кипарис","Готель / Гостиниця","Україна","",""
"Отдых на Солнечной","Готель / Гостиниця","Україна","",""
"У Марии","Готель / Гостиниця","Україна","",""
"Гостевой дом на Энгельса","Готель / Гостиниця","Україна","","aevtushok@mail.ru"
"Санаторій-профілакторій ""Металург""","Готель / Гостиниця","Україна","",""
"Завод ""Рибак""","Готель / Гостиниця","Україна","",""
"Зеленый луч","Готель / Гостиниця","Україна","",""
"Романов двор","Готель / Гостиниця","Україна","",""
"Польский дом","Готель / Гостиниця","Україна","","nakrym@ya.ru"
"Коттедж ""У моря""","Готель / Гостиниця","Україна","",""
"У Виолетты","Готель / Гостиниця","Україна","",""
"Виноградная долина","Готель / Гостиниця","Україна","","saltanet@mail.ru"
"Атмосфера","Готель / Гостиниця","Україна","",""
"Олимп","Готель / Гостиниця","Україна","",""
"На Табачной","Готель / Гостиниця","Україна","","z.panaseiko@mail.ru"
"У Константина","Готель / Гостиниця","Україна","",""
"Джаз","Готель / Гостиниця","Україна","","pochtadiana86@gmail.com"
"Звездунец","Готель / Гостиниця","Україна","",""
"Пансионат Воркута","Готель / Гостиниця","Україна","",""
"Южная дача","Готель / Гостиниця","Україна","",""
"Анджи","Готель / Гостиниця","Україна","",""
"Амелия","Готель / Гостиниця","Україна","",""
"Вилла Терра","Готель / Гостиниця","Україна","http://terra-villa.com/","terravac1212@gmail.com"
"Мория","Готель / Гостиниця","Україна","",""
"Уютный дом","Готель / Гостиниця","Україна","http://malorechka.com/7-rybache-mini-gostinica-uyutnyj-dom.html","serg_krimea@mail.ru"
"Цветущий Бургун","Готель / Гостиниця","Україна","",""
"У Якова","Готель / Гостиниця","Україна","",""
"Коттедж Кантри","Готель / Гостиниця","Україна","",""
"Эля","Готель / Гостиниця","Україна","",""
"Музичанська Слобода","Готель / Гостиниця","Україна","https://restaurant-45368.business.site/",""
"Туак","Готель / Гостиниця","Україна","",""
"Дворик «В центре»","Готель / Гостиниця","Україна","",""
"Алькатраз","Готель / Гостиниця","Україна","",""
"Oai beach resort","Готель / Гостиниця","Україна","https://www.oai-resort.com/","oairesort@mail.ru"
"Спартанец","Готель / Гостиниця","Україна","",""
"Horosho","Готель / Гостиниця","Україна","",""
"Давидівка","Готель / Гостиниця","Україна","",""
"Вiка дiм","Готель / Гостиниця","Україна","",""
"Морской двор","Готель / Гостиниця","Україна","",""
"База отдыха Агрос","Готель / Гостиниця","Україна","",""
"Калиостро","Готель / Гостиниця","Україна","",""
"Второй от моря","Готель / Гостиниця","Україна","",""
"Нега","Готель / Гостиниця","Україна","","svab56@mail.ru"
"Эллинг №44","Готель / Гостиниця","Україна","","katran-44@yandex.ru"
"Приветное Море","Готель / Гостиниця","Україна","","privetnoemore@mail.ru"
"Orange","Готель / Гостиниця","Україна","http://1crimea.com/showproperty/3-yubk-bolshaya-alushta/29-privetnoe/44-privetnoe/5-gostinica/3155-otdyx-na-beregu-chernogo-morya-v-krymu-mini-gostinicza-orange.html","personamoda@mail.ru"
"У Алексея","Готель / Гостиниця","Україна","",""
"Готель Ювілейний","Готель / Гостиниця","Україна","",""
"Эконом-отель Рай","Готель / Гостиниця","Україна","",""
"Штиль","Готель / Гостиниця","Україна","",""
"Park Manor","Готель / Гостиниця","Україна","",""
"Marveille","Готель / Гостиниця","Україна","",""
"Солнечное подворье","Готель / Гостиниця","Україна","","stiren16@rambler.ru"
"Гостевой дом Солхат","Готель / Гостиниця","Україна","","guestsolhat@yandex.ru"
"На Персиковой 25","Готель / Гостиниця","Україна","",""
"На море как дома","Готель / Гостиниця","Україна","",""
"У панi Ольги (садиба Айстра)","Готель / Гостиниця","Україна","",""
"Лавандова Мрія","Готель / Гостиниця","Україна","",""
"Обрій","Готель / Гостиниця","Україна","",""
"GRÜNER LVIV BOUTIQUE HOTEL","Готель / Гостиниця","Україна","https://grunerhotel.com/","info@grunerhotel.com"
"BANKHOTEL","Готель / Гостиниця","Україна","https://bankhotel.com.ua/","welcome@bankhotel.com.ua; example@gmail.com"
"Куковиця","Готель / Гостиниця","Україна","",""
"Трійка","Готель / Гостиниця","Україна","",""
"BIANCO","Готель / Гостиниця","Україна","",""
"Alpine House","Готель / Гостиниця","Україна","","alpinehouse@mail.ru"
"На Парковой","Готель / Гостиниця","Україна","",""
"Еко-парк ""ВсьогоСвого""","Готель / Гостиниця","Україна","",""
"MantraHouse","Готель / Гостиниця","Україна","",""
"Жайвір","Готель / Гостиниця","Україна","",""
"Sweet home","Готель / Гостиниця","Україна","",""
"Maximus","Готель / Гостиниця","Україна","",""
"Свеча","Готель / Гостиниця","Україна","",""
"hotel Valencia","Готель / Гостиниця","Береговое","",""
"Улыбка","Готель / Гостиниця","Україна","",""
"Centrum motel","Готель / Гостиниця","Україна","",""
"Fkoka","Готель / Гостиниця","Україна","",""
"Камелия","Готель / Гостиниця","Україна","","marina22446@yandex.ru"
"Villa Atika","Готель / Гостиниця","Черноморск","",""
"Family Club Eliob","Готель / Гостиниця","Україна","",""
"Ангара","Готель / Гостиниця","Україна","",""
"Серебряное озеро","Готель / Гостиниця","Україна","",""
"Seif","Готель / Гостиниця","Україна","",""
"Арзы","Готель / Гостиниця","Україна","",""
"Mojo Hotel","Готель / Гостиниця","Україна","https://www.mojo.lutsk.ua/hotel","hotel@mojo.lutsk.ua"
"Вилла Сырная скала","Готель / Гостиниця","Україна","",""
"Шеле Ведмеже","Готель / Гостиниця","Україна","",""
"60 троянд","Готель / Гостиниця","Україна","",""
"Drova","Готель / Гостиниця","Україна","",""
"А","Готель / Гостиниця","Україна","",""
"Квіти акації","Готель / Гостиниця","Україна","",""
"White Lion Hotel","Готель / Гостиниця","Україна","",""
"Роксана","Готель / Гостиниця","Україна","",""
"Коттедж с видом на горы","Готель / Гостиниця","Україна","","valerry2006@mail.ru"
"Крым Круглый Год","Готель / Гостиниця","Україна","","krym365@gmail.com"
"Нью Васики","Готель / Гостиниця","Україна","","newvasiki@gmail.com"
"Міраж","Готель / Гостиниця","Україна","",""
"Комплекс Эллада (корпус ""Посейдон"")","Готель / Гостиниця","Україна","https://ellada-hotel.com/","info@ellada-hotel.com; ellada.hotell@yandex.ru"
"Volna Shtorm","Готель / Гостиниця","Україна","",""
"Малина","Готель / Гостиниця","Україна","","golubickaaludmila71@gmail.com"
"На Вишневой 27","Готель / Гостиниця","Україна","",""
"Fest hotel","Готель / Гостиниця","Україна","",""
"Кайман","Готель / Гостиниця","Україна","http://Cayman-hotel.com",""
"Крем","Готель / Гостиниця","Україна","",""
"Skarbek's","Готель / Гостиниця","Україна","",""
"Parwan","Готель / Гостиниця","Україна","",""
"На Приморской","Готель / Гостиниця","Україна","",""
"Уютное место","Готель / Гостиниця","Україна","",""
"Харківський","Готель / Гостиниця","Україна","",""
"Затишок Карпат","Готель / Гостиниця","Україна","",""
"Вилла Ева","Готель / Гостиниця","Україна","",""
"Гостевой дом ""Bella Resort""","Готель / Гостиниця","Україна","",""
"Borneo","Готель / Гостиниця","Україна","",""
"Усадьба Глициния","Готель / Гостиниця","Україна","","2906254370-th27.hy88.yemp.p8sc@property.booking.com"
"Наша Дача","Готель / Гостиниця","Україна","",""
"Гостевой дом «Море удачи»","Готель / Гостиниця","Україна","","ya.na_more@mail.ru"
"Хелен","Готель / Гостиниця","Україна","",""
"Владислав","Готель / Гостиниця","Україна","","skorich2012@yandex.ru"
"Фонарь и мельница","Готель / Гостиниця","Україна","","fonarimelniza@mail.ru"
"Райкартц Рівер Миколаїв","Готель / Гостиниця","Україна","",""
"Pokrovsky","Готель / Гостиниця","Україна","",""
"Вальс","Готель / Гостиниця","Україна","",""
"Резиденція Шибаєвих","Готель / Гостиниця","Україна","",""
"Galeon","Готель / Гостиниця","Україна","",""
"Шурін Юра, Барабой","Готель / Гостиниця","Україна","",""
"Кемпинг готель Чорноморський","Готель / Гостиниця","Україна","https://hotel-socol.business.site/","svetlij2222@gmail.com"
"БВ ""Панама""","Готель / Гостиниця","Україна","",""
"Рапана","Готель / Гостиниця","Україна","",""
"Приватна садиба «Мелодія карпат»","Готель / Гостиниця","Лазещина","",""
"Садиба ""Лекече""","Готель / Гостиниця","Україна","http://www.lekeche.com/",""
"Белый Лев","Готель / Гостиниця","Україна","",""
"Перлина Таврії","Готель / Гостиниця","Україна","",""
"Белые Паруса","Готель / Гостиниця","Україна","",""
"Глемпінг Шатро","Готель / Гостиниця","Україна","",""
"Senator","Готель / Гостиниця","Україна","",""
"Кремінь","Готель / Гостиниця","Україна","",""
"Pallasa Villa’s & SPA","Готель / Гостиниця","Україна","","info@pallasa.ru"
"Оздоровчий комплекс ""Зелений кампус""","Готель / Гостиниця","Україна","https://campus.od.ua/","hotel@campus.od.ua"
"Гостевые домики Виктория","Готель / Гостиниця","Україна","",""
"Гостинний дім","Готель / Гостиниця","Україна","",""
"Квартира на Блюхера 48","Готель / Гостиниця","Україна","",""
"Квартира Ялта","Готель / Гостиниця","Україна","",""
"Мини отель ""Натали""","Готель / Гостиниця","Україна","",""
"Французский Вторник","Готель / Гостиниця","Україна","",""
"У Ганусі","Готель / Гостиниця","Україна","",""
"Садиба „Едельвейс“","Готель / Гостиниця","Україна","",""
"Владимирский двор","Готель / Гостиниця","Україна","",""
"Adazgio","Готель / Гостиниця","Україна","",""
"У Нилы","Готель / Гостиниця","Україна","",""
"В гостях у Зои","Готель / Гостиниця","Україна","",""
"Гавайи","Готель / Гостиниця","Україна","",""
"Пейзаж","Готель / Гостиниця","Україна","",""
"Инга","Готель / Гостиниця","Україна","https://inga-hotel.com/","galkina.inga@mail.ru"
"Премиум Парк","Готель / Гостиниця","Україна","","premiumpark.yalta@yandex.ru"
"Таваксай","Готель / Гостиниця","Україна","",""
"Fenix Town","Готель / Гостиниця","Україна","https://fenix-hotel.com.ua/",""
"Династія","Готель / Гостиниця","Україна","",""
"Одіссей","Готель / Гостиниця","Україна","",""
"Маринвиль","Готель / Гостиниця","Україна","",""
"Южанка 88","Готель / Гостиниця","Україна","",""
"Глорія","Готель / Гостиниця","Україна","",""
"У Юри","Готель / Гостиниця","Україна","",""
"Пансионат ""Солнечный ветер""","Готель / Гостиниця","Україна","","solnechnii_veter@bk.ru"
"Тимора","Готель / Гостиниця","Нахимовский муниципальный округ","",""
"Vivat","Готель / Гостиниця","Україна","",""
"Апартаменты на Суворовском","Готель / Гостиниця","Україна","",""
"ЭКО","Готель / Гостиниця","Україна","",""
"Вілла Асторія","Готель / Гостиниця","Україна","",""
"Bliss","Готель / Гостиниця","Україна","",""
"Вилла Кампари","Готель / Гостиниця","Україна","","info@villacampari.ru"
"У Мойши","Готель / Гостиниця","Україна","",""
"Алина","Готель / Гостиниця","Україна","",""
"Маленький Мир гостевой дом","Готель / Гостиниця","Україна","","malenkij-mir@mail.ru"
"Хостел AllaHouse","Готель / Гостиниця","Україна","https://allahouse.business.site/",""
"У Білогорових","Готель / Гостиниця","Україна","",""
"Душевное место","Готель / Гостиниця","Україна","","duna88@mail.ru"
"Slavutych","Готель / Гостиниця","Україна","",""
"Массандра Премиум Парк Отель","Готель / Гостиниця","Україна","",""
"Гостевой дом Миндаль","Готель / Гостиниця","Україна","",""
"Калдырь","Готель / Гостиниця","Україна","",""
"Східний","Готель / Гостиниця","Україна","",""
"мини отель Стриал","Готель / Гостиниця","Україна","",""
"Таверна","Готель / Гостиниця","Бердянск","",""
"Лісовий","Готель / Гостиниця","Україна","",""
"Измир","Готель / Гостиниця","Україна","",""
"Лимановка-Эконом","Готель / Гостиниця","Україна","",""
"Ластівчине гніздо ""Кропивницький"" Будиночок у лісі","Готель / Гостиниця","Україна","",""
"Гостевой дом у Александра","Готель / Гостиниця","Україна","",""
"Гостевой дом ""Домашний Уют""","Готель / Гостиниця","Україна","",""
"Мини отель Катерина","Готель / Гостиниця","Україна","",""
"Ворота Карпат","Готель / Гостиниця","Україна","",""
"Орлан","Готель / Гостиниця","Україна","",""
"Мечта Тея","Готель / Гостиниця","Україна","",""
"SPORT","Готель / Гостиниця","Україна","",""
"Mobir Guest House","Готель / Гостиниця","Україна","",""
"Отель","Готель / Гостиниця","Україна","",""
"Гостевой дом ""Family""","Готель / Гостиниця","Україна","",""
"Дионида","Готель / Гостиниця","Україна","",""
"Виталианна","Готель / Гостиниця","Україна","",""
"ЛЕСНЫЕ ДВОРИКИ","Готель / Гостиниця","Україна","","lesnuedvoriki@mail.ru"
"Фрея","Готель / Гостиниця","Україна","",""
"Балестра","Готель / Гостиниця","Україна","",""
"Будинок журналiста","Готель / Гостиниця","Україна","",""
"Гостевой домик. Община","Готель / Гостиниця","Україна","",""
"SV","Готель / Гостиниця","Україна","",""
"Котедж ""Вікторія""","Готель / Гостиниця","Україна","",""
"Гостевой дом ""VAM""","Готель / Гостиниця","Україна","",""
"Готель ""Гостинний Двір PETROS""","Готель / Гостиниця","Україна","",""
"La Grace","Готель / Гостиниця","Україна","",""
"Севилия","Готель / Гостиниця","Україна","",""
"Есвет","Готель / Гостиниця","Україна","",""
"Етюд","Готель / Гостиниця","Україна","",""
"Эски Юрт","Готель / Гостиниця","Україна","",""
"Алубика","Готель / Гостиниця","Україна","",""
"Hotel Alex","Готель / Гостиниця","Україна","",""
"Гостевой номер","Готель / Гостиниця","Україна","",""
"Вязовая роща","Готель / Гостиниця","Україна","",""
"Чарли","Готель / Гостиниця","Україна","",""
"Садиба Дарина","Готель / Гостиниця","Україна","",""
"Готель Клеопатра","Готель / Гостиниця","Україна","",""
"Капсульный хостел #1","Готель / Гостиниця","Україна","",""
"Relax club otel","Готель / Гостиниця","Україна","",""
"Круть","Готель / Гостиниця","Україна","",""
"Динамо","Готель / Гостиниця","Україна","",""
"Friends' house hostel","Готель / Гостиниця","Україна","",""
"Сальвадор","Готель / Гостиниця","Україна","",""
"Білаки","Готель / Гостиниця","Україна","",""
"Zefir","Готель / Гостиниця","Україна","",""
"Золотой песок","Готель / Гостиниця","Україна","",""
"Подих Карпат","Готель / Гостиниця","Україна","",""
"Вілла Медова","Готель / Гостиниця","Україна","","villa.medova@ukr.net"
"Вилла Камилла","Готель / Гостиниця","Україна","",""
"Greguar","Готель / Гостиниця","Україна","",""
"Страгора","Готель / Гостиниця","Україна","",""
"Прот Авто: Кафе Сто Готель","Готель / Гостиниця","Україна","",""
"База відпочинку ""Green land""","Готель / Гостиниця","Україна","http://www.greenland.od.ua","more.zatoka@ukr.net"
"Санаторий ""Киров""","Готель / Гостиниця","Україна","",""
"Готель Круїз","Готель / Гостиниця","Україна","",""
"Dolynskiy","Готель / Гостиниця","Україна","",""
"Квартира 1","Готель / Гостиниця","Україна","",""
"Казкові Карпати","Готель / Гостиниця","Україна","",""
"БОН","Готель / Гостиниця","Україна","",""
"Генделик","Готель / Гостиниця","Україна","",""
"Бобер house","Готель / Гостиниця","Україна","",""
"Частный пансионат ""Соната""","Готель / Гостиниця","Україна","","tarhankut-rest@yandex.ru"
"Під стріхою","Готель / Гостиниця","Україна","",""
"16ти поверхка","Готель / Гостиниця","Україна","",""
"Равликова ферма ""JIFFY""","Готель / Гостиниця","Україна","",""
"Вилла Миллениум","Готель / Гостиниця","Україна","",""
"Садиба ""Олеся""","Готель / Гостиниця","Україна","",""
"Костел Хаус","Готель / Гостиниця","Україна","",""
"Зелёный дворик","Готель / Гостиниця","Україна","",""
"Первая база","Готель / Гостиниця","Україна","",""
"Дачный комплекс ""Хуторок""","Готель / Гостиниця","Україна","",""
"Симеизская","Готель / Гостиниця","Україна","",""
"Готель журавель","Готель / Гостиниця","Україна","",""
"Юкос","Готель / Гостиниця","Україна","",""
"VIP Hostel","Готель / Гостиниця","Україна","",""
"VIP APARTMENT Studio 2020","Готель / Гостиниця","Україна","",""
"Хостел Классик - Херсон","Готель / Гостиниця","Україна","",""
"Хостел Подушка","Готель / Гостиниця","Україна","",""
"Хостел Херсон","Готель / Гостиниця","Україна","",""
"Хостел Green Hostel","Готель / Гостиниця","Україна","",""
"Гостевой дом, Судакская 35","Готель / Гостиниця","Україна","",""
"Пансіонат ""Вікторія""","Готель / Гостиниця","Україна","",""
"Пансіонат Соломія","Готель / Гостиниця","Україна","",""
"Villa Rossa","Готель / Гостиниця","Україна","",""
"Еко-простір ""Писанка""","Готель / Гостиниця","Україна","","al.kolosyuk@gmail.com"
"Perron","Готель / Гостиниця","Україна","",""
"вул. Павленка 31","Готель / Гостиниця","Україна","",""
"Apartaments-studio","Готель / Гостиниця","Україна","",""
"Хостел Несвіт","Готель / Гостиниця","Україна","",""
"МІКО Cottages","Готель / Гостиниця","Україна","",""
"Луцький замок","Готель / Гостиниця","Україна","",""
"Луганськ","Готель / Гостиниця","Україна","https://hotel-lugansk.lg.ua/",""
"Парк-отель «Марат»","Готель / Гостиниця","Україна","",""
"Олексій","Готель / Гостиниця","Україна","",""
"База відпочинку Онитківці","Готель / Гостиниця","Україна","",""
"Pelican","Готель / Гостиниця","Україна","",""
"ООО ""Дачи Бекетова""","Готель / Гостиниця","Україна","",""
"Log Hause Savin","Готель / Гостиниця","Україна","",""
"Kharkiv Lux","Готель / Гостиниця","Україна","",""
"Сосновый бор","Готель / Гостиниця","Україна","",""
"Рудий лис","Готель / Гостиниця","Україна","",""
"Черемош","Готель / Гостиниця","Україна","",""
"Арт","Готель / Гостиниця","Україна","",""
"Хата-гражда, сироварня","Готель / Гостиниця","Україна","",""
"Меланж","Готель / Гостиниця","Україна","",""
"Гостевой дом ""Панорама""","Готель / Гостиниця","Україна","",""
"Садиба Біля Водоспаду","Готель / Гостиниця","Україна","",""
"Вілла Дземброня","Готель / Гостиниця","Україна","",""
"У Мирослави","Готель / Гостиниця","Україна","",""
"Карпатські джерела","Готель / Гостиниця","Україна","",""
"Chopin","Готель / Гостиниця","Україна","",""
"Гостьовий будинок Мандрівний","Готель / Гостиниця","Україна","",""
"Остерпляц","Готель / Гостиниця","Україна","",""
"Квартира в замку","Готель / Гостиниця","Україна","",""
"Садиба «Сухар»","Готель / Гостиниця","Україна","https://kolochava.info/sadyba/suhar/",""
"Анасоль","Готель / Гостиниця","Україна","",""
"Пустошак","Готель / Гостиниця","Україна","",""
"На Шоссейной 35","Готель / Гостиниця","Україна","",""
"Гурзуфское шоссе","Готель / Гостиниця","Україна","",""
"Kailas Кайлас","Готель / Гостиниця","Україна","",""
"Будинок в саду","Готель / Гостиниця","Україна","",""
"Готель Zviriv","Готель / Гостиниця","Україна","","hotel_zviriv@ukr.net"
"Житловий будинок","Готель / Гостиниця","Україна","",""
"Отель ""Вилла Голубой Залив""","Готель / Гостиниця","Україна","",""
"Тортуга","Готель / Гостиниця","Україна","https://namori.com.ua/ua/berdyansk/baza-otdyiha-tortuga","namore.vse@gmail.com"
"Гостьовий Дім Херсон","Готель / Гостиниця","Україна","",""
"Кантрі готель","Готель / Гостиниця","Україна","",""
"Діловий центр ""Анкер""","Готель / Гостиниця","Україна","",""
"30 батарея","Готель / Гостиниця","Україна","",""
"Готель Профспілкова","Готель / Гостиниця","Україна","",""
"Station Hall","Готель / Гостиниця","Україна","",""
"отель Русалма","Готель / Гостиниця","Україна","","info@rusalma.com"
"Хіміків 28","Готель / Гостиниця","Україна","",""
"Compass station","Готель / Гостиниця","Україна","",""
"Національної Гвардії 2","Готель / Гостиниця","Україна","",""
"A-Hostel","Готель / Гостиниця","Україна","https://a-hostel.com/",""
"Банный комплекс Солнечная Усадьба","Готель / Гостиниця","Україна","http://www.solnechnaya-usadba.tilda.ws",""
"Сонячна","Готель / Гостиниця","Україна","",""
"Гомер","Готель / Гостиниця","Україна","https://www.gomerhotel.com/",""
"Вітрила Міклухо-Маклая","Готель / Гостиниця","Україна","",""
"Арт-домик","Готель / Гостиниця","Україна","",""
"Hotel de Paris","Готель / Гостиниця","Україна","",""
"Прем'єр готель","Готель / Гостиниця","Україна","",""
"Il Decameron","Готель / Гостиниця","Україна","",""
"Santorini Beach Hotel","Готель / Гостиниця","Україна","",""
"Dereville","Готель / Гостиниця","Україна","",""
"Еліс Плейс","Готель / Гостиниця","Україна","",""
"Веселий Кут","Готель / Гостиниця","Україна","https://hotelbriz.com.ua/","absp60@gmail.com"
"Авангард","Готель / Гостиниця","Україна","",""
"Готель Skopeli","Готель / Гостиниця","Україна","",""
"ОК Одеса готельно-ресторанний комплекс","Готель / Гостиниця","Україна","",""
"Колумбус","Готель / Гостиниця","Україна","",""
"Maristella Marine Residence","Готель / Гостиниця","Україна","",""
"Парус Яхт-клуб","Готель / Гостиниця","Україна","",""
"Guesthouse Anika","Готель / Гостиниця","Україна","",""
"Гостиница Голицына","Готель / Гостиниця","Україна","",""
"дика риба","Готель / Гостиниця","Україна","",""
"Орион","Готель / Гостиниця","Україна","","orion4501@mail.ru"
"Гостиный дворик Юг","Готель / Гостиниця","Україна","",""
"Курінь Чорних Запорожців","Готель / Гостиниця","Україна","",""
"У Марічки","Готель / Гостиниця","Україна","",""
"Будинок біля джерела","Готель / Гостиниця","Україна","",""
"Барвінок","Готель / Гостиниця","Україна","",""
"Бутик-отель ""Maverick House""","Готель / Гостиниця","Україна","",""
"Долина Роз","Готель / Гостиниця","Україна","",""
"Готель на Матросова,9","Готель / Гостиниця","Україна","",""
"Дикий Хутор","Готель / Гостиниця","Україна","","wwwvvpppua@gmail.com"
"Отель «Кечкемет»","Готель / Гостиниця","Україна","",""
"Platon Hotel","Готель / Гостиниця","Україна","https://platonhotel.com.ua/",""
"Happy Nest cottage","Готель / Гостиниця","Україна","",""
"Резиденция Совиньон","Готель / Гостиниця","Україна","",""
"Дзвінка","Готель / Гостиниця","Україна","",""
"У Наталі","Готель / Гостиниця","Україна","",""
"Villa Blanca","Готель / Гостиниця","Україна","",""
"Синевирська Поляна","Готель / Гостиниця","Україна","",""
"BEREG Hotel","Готель / Гостиниця","Україна","",""
"Домовладение""Уютное""","Готель / Гостиниця","Україна","",""
"Гулливер","Готель / Гостиниця","Україна","",""
"У Лены","Готель / Гостиниця","Україна","",""
"Батьківська хата","Готель / Гостиниця","Україна","","andreytravel@ukr.net"
"Дом Давида","Готель / Гостиниця","Україна","",""
"У Тамилы","Готель / Гостиниця","Україна","",""
"Приватна садиба Волинська любов","Готель / Гостиниця","Україна","https://restlib.com.ua/uk/shacki-ozera/prozhyvannya/s-svityaz/pryvatna-sadyba/pryvatna-sadyba-volynska-lyubov",""
"Рожни","Готель / Гостиниця","Україна","",""
"Green Patio","Готель / Гостиниця","Україна","",""
"Мотодом Коктебель","Готель / Гостиниця","Україна","",""
"Северин ЛВ","Готель / Гостиниця","Україна","",""
"Гуртожиток НУ ЛП №15","Готель / Гостиниця","Україна","",""
"Отель Лев","Готель / Гостиниця","Україна","",""
"Гостиница ""Малибу""","Готель / Гостиниця","Україна","","zakaz@malibupriboy.com"
"Шато Аллион","Готель / Гостиниця","Україна","",""
"Гута вікенд","Готель / Гостиниця","Україна","","tooseek72@gmail.com"
"Стрелкове отдих баба","Готель / Гостиниця","Україна","",""
"Море дом лена","Готель / Гостиниця","Україна","",""
"Таласса","Готель / Гостиниця","Україна","",""
"Globe Runner Hotel & Hostel","Готель / Гостиниця","Україна","https://globerunner.house/","info@globerunner.house"
"Вишнёвая 15","Готель / Гостиниця","Україна","",""
"Садиба Тарниця","Готель / Гостиниця","Україна","https://verkhovyna.life/tarnytsia/apartment",""
"Інжир","Готель / Гостиниця","Україна","",""
"Вілла ""Вікторія""","Готель / Гостиниця","Україна","https://villaviktoriya.com",""
"Ліщина","Готель / Гостиниця","Україна","",""
"Садиба ""Лідія""","Готель / Гостиниця","Україна","",""
"мой новый дом","Готель / Гостиниця","Україна","",""
"Єлісейські поля","Готель / Гостиниця","Україна","",""
"Бавки","Готель / Гостиниця","Україна","",""
"Reikartz Hotels & Resorts","Готель / Гостиниця","Україна","",""
"Здаються кімнати","Готель / Гостиниця","Україна","",""
"У Причала","Готель / Гостиниця","Україна","",""
"Persian Palace Hotel","Готель / Гостиниця","Україна","",""
"Дукова 19","Готель / Гостиниця","Україна","",""
"Приморский сад","Готель / Гостиниця","Україна","",""
"La Fleur","Готель / Гостиниця","Україна","",""
"Частный пляж и причал-226 ИП Денисенко","Готель / Гостиниця","Україна","",""
"Золотой пляж","Готель / Гостиниця","Україна","",""
"Будинок рибака","Готель / Гостиниця","Україна","","subich.tovtry@gmail.com"
"Глемпінг Бавки з неймовірним видом на каньйон","Готель / Гостиниця","Україна","",""
"Гайдамацька долина","Готель / Гостиниця","Україна","",""
"Гавань","Готель / Гостиниця","Україна","",""
"Джерело готель","Готель / Гостиниця","Україна","https://djerelo-rest.com/","hotel@djerelo-rest.com"
"Golden Nest","Готель / Гостиниця","Україна","",""
"Гірський кут","Готель / Гостиниця","Україна","",""
"SOLEMAR","Готель / Гостиниця","Україна","",""
"Hoch Land","Готель / Гостиниця","Україна","",""
"Ермак","Готель / Гостиниця","Україна","",""
"Пансионат ""Гиацинт""","Готель / Гостиниця","Україна","",""
"Лазні у Лісових Полянах","Готель / Гостиниця","Україна","","bany.poltava.ua@gmail.com"
"Мокроусова","Готель / Гостиниця","Україна","",""
"Cherry","Готель / Гостиниця","Україна","",""
"""У тёти Наташи""","Готель / Гостиниця","Україна","",""
"У Надії","Готель / Гостиниця","Україна","",""
"Работа","Готель / Гостиниця","Україна","",""
"Лермонтов","Готель / Гостиниця","Україна","",""
"На Парковой 20","Готель / Гостиниця","Україна","",""
"Там де гори","Готель / Гостиниця","Україна","",""
"Танаис","Готель / Гостиниця","Україна","",""
"Коста Браво","Готель / Гостиниця","Україна","",""
"Аура-Крым","Готель / Гостиниця","Україна","",""
"Золота Нива","Готель / Гостиниця","Україна","",""
"Даниэль","Готель / Гостиниця","Україна","",""
"Boomerang Business Hotel","Готель / Гостиниця","Україна","",""
"Сало і Мандри","Готель / Гостиниця","Україна","",""
"Беляус","Готель / Гостиниця","Україна","",""
"Карпатський затишок","Готель / Гостиниця","Україна","",""
"Корчма на озерах","Готель / Гостиниця","Україна","",""
"Віп домик","Готель / Гостиниця","Україна","",""
"Сахалин Инн","Готель / Гостиниця","Україна","",""
"Каприз","Готель / Гостиниця","Україна","","villacaprice@mail.ru"
"Hostel One","Готель / Гостиниця","Україна","http://hostelone.info",""
"Моя хата","Готель / Гостиниця","Україна","",""
"Довбушівкк","Готель / Гостиниця","Україна","",""
"Villa milana","Готель / Гостиниця","Україна","",""
"Пасторальний дім ім. Владики Мілана","Готель / Гостиниця","Україна","",""
"Дарья","Готель / Гостиниця","Україна","",""
"Ранчо 555","Готель / Гостиниця","Україна","",""
"Гульден","Готель / Гостиниця","Україна","",""
"Оленевка Village","Готель / Гостиниця","Оленевское сельское поселение","","camping@olenevkavillage.ru"
"Готель Маєток Святобор","Готель / Гостиниця","Україна","",""
"Подушка","Готель / Гостиниця","Україна","",""
"Hotel Constellation 89","Готель / Гостиниця","Україна","",""
"Ассорти","Готель / Гостиниця","Україна","",""
"Айше","Готель / Гостиниця","Україна","",""
"медный всадник","Готель / Гостиниця","Україна","",""
"Тиохари","Готель / Гостиниця","Україна","",""
"Нота Бене Лофт","Готель / Гостиниця","Україна","https://www.notabenehotel.com/","reservation@notabenehotel.com; loft@notabenehotel.com; event@notabenehotel.com; info@notabenehotel.com"
"Гостевой дом ""Mons Felis""","Готель / Гостиниця","Україна","",""
"Барракуда","Готель / Гостиниця","Україна","",""
"ДО Юбилейный","Готель / Гостиниця","Україна","",""
"Dayana","Готель / Гостиниця","Україна","",""
"U Slavika","Готель / Гостиниця","Україна","",""
"Белая Дача","Готель / Гостиниця","Україна","",""
"Норд","Готель / Гостиниця","Україна","",""
"Аттика","Готель / Гостиниця","Україна","",""
"База відпочинку ""Джерела""","Готель / Гостиниця","Україна","",""
"База відпочинку ""Лісова казка""","Готель / Гостиниця","Україна","",""
"Копа","Готель / Гостиниця","Україна","",""
"Феодора","Готель / Гостиниця","Україна","",""
"База відпочинку УТОС","Готель / Гостиниця","Україна","",""
"Поместье Барковых","Готель / Гостиниця","Україна","","@el.crimea"
"Готель Венера","Готель / Гостиниця","Україна","",""
"Hotel' Kolochava","Готель / Гостиниця","Україна","https://hotel-kolochava.business.site/",""
"Бирюзовый бриз","Готель / Гостиниця","Україна","",""
"Мольфар","Готель / Гостиниця","Україна","",""
"Сохо","Готель / Гостиниця","Україна","","info@sohohotel.ru"
"Гостиница агрофирмы Черноморец","Готель / Гостиниця","Україна","",""
"Gurzuf sunrise hotel","Готель / Гостиниця","Україна","",""
"Приют пилигримов","Готель / Гостиниця","Україна","",""
"Алупка","Готель / Гостиниця","Україна","https://www.hotel-alupka.com/","hotel.alupka@gmail.com"
"Баунти","Готель / Гостиниця","Україна","",""
"Hotel Sobieski","Готель / Гостиниця","Україна","",""
"Гостевой дом ""Мята""","Готель / Гостиниця","Україна","",""
"Верховина","Готель / Гостиниця","Україна","",""
"Stella di mare","Готель / Гостиниця","Україна","",""
"Экоферма","Готель / Гостиниця","Україна","",""
"Garant","Готель / Гостиниця","Україна","",""
"Сары-Кая","Готель / Гостиниця","Україна","",""
"Байдарка","Готель / Гостиниця","Україна","",""
"Долина гор","Готель / Гостиниця","Україна","",""
"Акрополь","Готель / Гостиниця","Україна","",""
"Жемчужина степи","Готель / Гостиниця","Україна","",""
"Pink hause","Готель / Гостиниця","Україна","",""
"Vesta","Готель / Гостиниця","Україна","",""
"Ярославна","Готель / Гостиниця","Україна","",""
"Стара Баня","Готель / Гостиниця","Україна","",""
"Christie","Готель / Гостиниця","Україна","",""
"Готель «Дикий мед»","Готель / Гостиниця","Україна","http://дикий-мед.com.ua","dukuj-med@i.ua"
"Під Плаєм","Готель / Гостиниця","Україна","",""
"Паллет Хостел","Готель / Гостиниця","Україна","",""
"DoZari","Готель / Гостиниця","Україна","",""
"Хостел ""Rooms""","Готель / Гостиниця","Україна","",""
"Space","Готель / Гостиниця","Україна","",""
"Затишок бiля рiчки","Готель / Гостиниця","Україна","",""
"Дерев'яна мрія","Готель / Гостиниця","Україна","",""
"Ваша Хата","Готель / Гостиниця","Україна","",""
"Сонячний будинок","Готель / Гостиниця","Україна","",""
"Стара Хата","Готель / Гостиниця","Україна","",""
"У Михайла","Готель / Гостиниця","Україна","",""
"Домик в горах","Готель / Гостиниця","Україна","",""
"Кедр бутик отель","Готель / Гостиниця","Україна","",""
"Гуртожиток медичного коледжу №3","Готель / Гостиниця","Україна","",""
"Скіфське полювання","Готель / Гостиниця","Україна","",""
"Курпаты","Готель / Гостиниця","Україна","",""
"Вілла у Горах / Villa in Mon","Готель / Гостиниця","Україна","",""
"Riverside","Готель / Гостиниця","Україна","",""
"Феєрія","Готель / Гостиниця","Україна","",""
"Хостел у Поттера","Готель / Гостиниця","Україна","",""
"У Аллы","Готель / Гостиниця","Україна","",""
"Palace Del Mar","Готель / Гостиниця","Україна","","delmar@pdm.com.ua"
"Voda","Готель / Гостиниця","Україна","","vodaclub0cartel@gmail.com"
"Buka","Готель / Гостиниця","Україна","https://bukahotel.com.ua/","sales@bukapart.com.ua"
"Готель Пановецька садиба","Готель / Гостиниця","Україна","https://manor-my.com/","ct@manor-my.com"
"Видубичі","Готель / Гостиниця","Україна","",""
"AC","Готель / Гостиниця","Україна","",""
"WoodHouse","Готель / Гостиниця","Україна","",""
"Rixwell Sky Loft","Готель / Гостиниця","Україна","",""
"Первый мотель","Готель / Гостиниця","Україна","",""
"Вилла Ив","Готель / Гостиниця","Україна","",""
"Дом отдыха Ковчег","Готель / Гостиниця","Україна","",""
"Скалистый берег","Готель / Гостиниця","Україна","",""
"Золотой сундук капитана Флинта","Готель / Гостиниця","Україна","",""
"Zarina","Готель / Гостиниця","Україна","",""
"Elite","Готель / Гостиниця","Україна","",""
"Галагов","Готель / Гостиниця","Україна","",""
"Річки","Готель / Гостиниця","Україна","",""
"Гостевой дом Primawera","Готель / Гостиниця","Україна","","werusenka@yandex.ru"
"Валіза","Готель / Гостиниця","Україна","",""
"Poseidon","Готель / Гостиниця","Україна","",""
"Villa Mira","Готель / Гостиниця","Україна","",""
"Коруна","Готель / Гостиниця","Україна","",""
"Zlata","Готель / Гостиниця","Україна","",""
"Вилла Аннигора","Готель / Гостиниця","Україна","","annetka_1973@mail.ru"
"Графит","Готель / Гостиниця","Україна","",""
"Villa Paradise","Готель / Гостиниця","Україна","",""
"Вилла Виола","Готель / Гостиниця","Україна","",""
"Retro","Готель / Гостиниця","Україна","",""
"Diamond","Готель / Гостиниця","Україна","",""
"Барвенково","Готель / Гостиниця","Україна","","dasha1704z@gmail.com"
"Гостевой двор ""Морской""","Готель / Гостиниця","Україна","",""
"Роляда","Готель / Гостиниця","Україна","",""
"Villa Maria","Готель / Гостиниця","Україна","",""
"Поместье Керменчик","Готель / Гостиниця","Україна","",""
"Усадьба Подгорная","Готель / Гостиниця","Україна","",""
"Ніколь","Готель / Гостиниця","Україна","",""
"Готель ""Алчевськ""","Готель / Гостиниця","Україна","",""
"Глэмпинг ""Федюхи""","Готель / Гостиниця","Україна","","feguhy.glamp@yandex.ru"
"Вилла Форт","Готель / Гостиниця","Україна","",""
"Готель Динамо","Готель / Гостиниця","Україна","https://dynamohotel.com/","admin@dynamohotel.com"
"Котеджі ""Шепіт Лісу""","Готель / Гостиниця","Україна","",""
"Гуцульська оселя","Готель / Гостиниця","Яремче","",""
"Вілла Львівська","Готель / Гостиниця","Україна","",""
"Колыбель","Готель / Гостиниця","Україна","","kolybel.sokolinoe@gmail.com"
"Агро садиба ""Сторожова Застава""","Готель / Гостиниця","Україна","",""
"Оранта","Готель / Гостиниця","Україна","https://hotel-oranta.com.ua/home/","oranta.sde@gmail.com"
"Нектар Крыма","Готель / Гостиниця","Україна","",""
"Мотель Авто Спа","Готель / Гостиниця","Україна","",""
"Поділля","Готель / Гостиниця","Україна","",""
"Янісоль","Готель / Гостиниця","Україна","",""
"Енеїда","Готель / Гостиниця","Україна","","info@eneida.km.ua"
"Любе плюс","Готель / Гостиниця","Україна","",""
"Фиолент","Готель / Гостиниця","Україна","",""
"Дивалис гостевой дом","Готель / Гостиниця","Україна","",""
"Колізей","Готель / Гостиниця","Україна","",""
"Villa Galicia","Готель / Гостиниця","Україна","",""
"Дім тьоті Ані","Готель / Гостиниця","Україна","",""
"Вилла Марина","Готель / Гостиниця","Штормовое","",""
"Готель-гуртожиток МО України","Готель / Гостиниця","Україна","",""
"Готельно-ресторанний комплекс ""Вільшанка""","Готель / Гостиниця","Україна","",""
"База відпочинку ""Багін""","Готель / Гостиниця","Україна","",""
"Гуд Хостел","Готель / Гостиниця","Україна","","goodhostelyalta@yandex.ru"
"Гостевые дома ""Ирина""","Готель / Гостиниця","Україна","",""
"Сайчик на природе ""Лариса""","Готель / Гостиниця","Україна","",""
"Бельбек","Готель / Гостиниця","Україна","",""
"Villa Sofia","Готель / Гостиниця","Україна","",""
"Villa Dragobrat","Готель / Гостиниця","Ясіня","https://villadragobrat.com/","leg.guarantee@gmail.com"
"Украіна","Готель / Гостиниця","Україна","",""
"Vivat Провінція","Готель / Гостиниця","Україна","",""
"Чаир","Готель / Гостиниця","Україна","",""
"Знахар","Готель / Гостиниця","Україна","","bezkorovainy.mickola16@ukr.net"
"V Hotel Uman","Готель / Гостиниця","Україна","",""
"Медова садиба","Готель / Гостиниця","Україна","",""
"Черкащина 365","Готель / Гостиниця","Україна","",""
"Садиба ""Живиця""","Готель / Гостиниця","Україна","",""
"Атлантик вилла","Готель / Гостиниця","Україна","",""
"Галицький Замок","Готель / Гостиниця","Україна","",""
"Ерней Лаз","Готель / Гостиниця","Україна","","erneylazhotel@ukr.net"
"72","Готель / Гостиниця","Україна","",""
"Сафари","Готель / Гостиниця","Україна","",""
"Гостевой дом ""Татьяна""","Готель / Гостиниця","Україна","",""
"Вінтаж Арт-готель","Готель / Гостиниця","Україна","http://Vintagehotel.od.ua","vintagehotel24@gmail.com"
"Садиба ""Квасовець""","Готель / Гостиниця","Україна","",""
"ЮЛІЯ","Готель / Гостиниця","Україна","",""
"Ластівчине гніздо","Готель / Гостиниця","Україна","",""
"Antares apart hotel","Готель / Гостиниця","Україна","https://antares-apart.com.ua/","hotel@antares-apart.com.ua"
"Глемпінг ""Едельвейс""","Готель / Гостиниця","Україна","","edelweiss.children.camp@gmail.com"
"Садиба Ліщчана Долина","Готель / Гостиниця","Україна","",""
"У Каміна(У Камелька)","Готель / Гостиниця","Україна","",""
"Голубой залив 76","Готель / Гостиниця","Україна","",""
"Аморе Море","Готель / Гостиниця","Україна","",""
"Маєток Ліс і Гори","Готель / Гостиниця","Україна","","lisovyi.maietok@gmail.com"
"Вілла ""Діана""","Готель / Гостиниця","Україна","",""
"ClubHouse","Готель / Гостиниця","Україна","https://hotelclubhouse.business.site/",""
"Рубензон","Готель / Гостиниця","Україна","",""
"ЭлИон","Готель / Гостиниця","Україна","",""
"Villa Sunny Day","Готель / Гостиниця","Україна","",""
"Эллинг 214","Готель / Гостиниця","Україна","",""
"Морская душа","Готель / Гостиниця","Україна","",""
"Элинг 75","Готель / Гостиниця","Україна","",""
"Елизавета","Готель / Гостиниця","Україна","",""
"Леонардо","Готель / Гостиниця","Україна","",""
"Сана","Готель / Гостиниця","Україна","",""
"Эллинг 242","Готель / Гостиниця","Україна","",""
"Эллинг 243","Готель / Гостиниця","Україна","",""
"Эллинг 95","Готель / Гостиниця","Україна","",""
"Эллинг 97","Готель / Гостиниця","Україна","",""
"Эллинг 104","Готель / Гостиниця","Україна","",""
"Эллинг 106","Готель / Гостиниця","Україна","",""
"Каури","Готель / Гостиниця","Україна","",""
"Pembroke","Готель / Гостиниця","Україна","",""
"Эллинг 110","Готель / Гостиниця","Україна","",""
"Blu-Marine","Готель / Гостиниця","Україна","",""
"До моря 9 метров","Готель / Гостиниця","Україна","",""
"Морской рай","Готель / Гостиниця","Україна","",""
"Саванна","Готель / Гостиниця","Україна","",""
"Эллинг 134","Готель / Гостиниця","Україна","",""
"Эллинг 149","Готель / Гостиниця","Україна","",""
"Море у порога","Готель / Гостиниця","Україна","",""
"Эллинг 152","Готель / Гостиниця","Україна","",""
"Эллинг 153","Готель / Гостиниця","Україна","",""
"Первая линия","Готель / Гостиниця","Україна","",""
"Эллинг 162","Готель / Гостиниця","Україна","",""
"Эллинг 253","Готель / Гостиниця","Україна","",""
"Дарина","Готель / Гостиниця","Україна","",""
"Эллинг 256","Готель / Гостиниця","Україна","",""
"Эллинг 257","Готель / Гостиниця","Україна","",""
"Флора","Готель / Гостиниця","Україна","",""
"Эллинг 347","Готель / Гостиниця","Україна","",""
"Утёс","Готель / Гостиниця","Україна","",""
"Sea holiday","Готель / Гостиниця","Україна","",""
"Крымская роза","Готель / Гостиниця","Україна","",""
"Эллинг 164","Готель / Гостиниця","Україна","",""
"Эллинг 166","Готель / Гостиниця","Україна","",""
"Эллинг 303","Готель / Гостиниця","Україна","",""
"Святая Мария","Готель / Гостиниця","Україна","",""
"Каюта 17","Готель / Гостиниця","Україна","",""
"Анна-Виктория","Готель / Гостиниця","Україна","",""
"Дольче-маре","Готель / Гостиниця","Україна","",""
"Ламбат","Готель / Гостиниця","Україна","",""
"Санта Барбара, корпус 2","Готель / Гостиниця","Україна","",""
"Эллинг 420","Готель / Гостиниця","Україна","",""
"Эллинг 311А","Готель / Гостиниця","Україна","",""
"Эллинг 311","Готель / Гостиниця","Україна","",""
"Эллинг 310","Готель / Гостиниця","Україна","",""
"Эллинг 307","Готель / Гостиниця","Україна","",""
"Элит хаус","Готель / Гостиниця","Україна","",""
"Клевер","Готель / Гостиниця","Україна","",""
"Indigo","Готель / Гостиниця","Україна","",""
"Арт-Яхта","Готель / Гостиниця","Україна","",""
"Skogur","Готель / Гостиниця","Україна","","info@skogur.com.ua"
"Магія вітрів","Готель / Гостиниця","Україна","",""
"Мандри","Готель / Гостиниця","Україна","",""
"Багатоквартирний будинок - хостел","Готель / Гостиниця","Україна","",""
"Wild Garden","Готель / Гостиниця","Україна","",""
"Мелисса","Готель / Гостиниця","Україна","",""
"Барбарис","Готель / Гостиниця","Україна","",""
"Эллинг 252","Готель / Гостиниця","Україна","",""
"Эллинг 251","Готель / Гостиниця","Україна","",""
"Starus","Готель / Гостиниця","Україна","","starus29@mail.ru"
"На Новосёлов","Готель / Гостиниця","Україна","",""
"Домик в камне","Готель / Гостиниця","Україна","",""
"DerevaЧanHaus","Готель / Гостиниця","Україна","https://hutshub.com/complexes/65c35195f537213b8f848623/kompleks-derevachanhaus","derevachhaus@gmail.com"
"Вилла Олива","Готель / Гостиниця","Україна","",""
"Оберег","Готель / Гостиниця","Україна","",""
"Апартаменты Жемчужина","Готель / Гостиниця","Україна","",""
"Мини-гостиница ""Байдарская долина""","Готель / Гостиниця","Україна","",""
"ДОМ В ДОЛИНЕ","Готель / Гостиниця","Передовое","",""
"Гостевой дом «На Тенистой, 11»","Готель / Гостиниця","Україна","",""
"""На Теннистой""","Готель / Гостиниця","Україна","",""
"Гостевой дом «Лесотель»","Готель / Гостиниця","Україна","",""
"Evimiz","Готель / Гостиниця","Україна","",""
"Экоотель H292","Готель / Гостиниця","Подгорное","",""
"Календия","Готель / Гостиниця","Україна","",""
"Хостел Вместе","Готель / Гостиниця","Україна","",""
"Данира","Готель / Гостиниця","Україна","",""
"Кизиловое","Готель / Гостиниця","Україна","",""
"Рай","Готель / Гостиниця","Україна","",""
"Молодежный","Готель / Гостиниця","Україна","",""
"Мини-отель ""Озёрное""","Готель / Гостиниця","Україна","",""
"Садиба У Яноша","Готель / Гостиниця","Україна","",""
"Sophia","Готель / Гостиниця","Україна","",""
"На Лучистой 11","Готель / Гостиниця","Україна","",""
"Джиганський","Готель / Гостиниця","Україна","",""
"Коттедж Прованс","Готель / Гостиниця","Україна","",""
"Йога Дом","Готель / Гостиниця","Україна","",""
"Кодацький кош","Готель / Гостиниця","Україна","",""
"У Гульнары","Готель / Гостиниця","Україна","",""
"Коттедж 23","Готель / Гостиниця","Україна","",""
"Ялівець","Готель / Гостиниця","Україна","",""
"Мальва Арт","Готель / Гостиниця","Україна","",""
"Глибокий Потік","Готель / Гостиниця","Україна","",""
"Туристичний притулок Смотрич","Готель / Гостиниця","Україна","",""
"Эллинг-отель ""Риф""","Готель / Гостиниця","Україна","",""
"Tesoromio","Готель / Гостиниця","Україна","",""
"Stefani","Готель / Гостиниця","Україна","",""
"Мини-отель на Гагариной 25/12б","Готель / Гостиниця","Україна","",""
"Семейный рай","Готель / Гостиниця","Заозёрное","","family.otdux@yandex.ru"
"Ось Вам","Готель / Гостиниця","Україна","",""
"Буркут","Готель / Гостиниця","Україна","",""
"Hotel Lomo & Restaurant","Готель / Гостиниця","Україна","https://lomohotel.com.ua","lomohotel@gmail.com"
"Солнечногорское","Готель / Гостиниця","Україна","",""
"Туристичний притулок - Сім Сосен","Готель / Гостиниця","Україна","",""
"Эллинг на Черноморской","Готель / Гостиниця","Україна","",""
"Готель ""Україна""","Готель / Гостиниця","Україна","",""
"Минай","Готель / Гостиниця","Україна","https://hostel-1910.business.site/",""
"Вилла 24","Готель / Гостиниця","Україна","",""
"The Key","Готель / Гостиниця","Україна","",""
"Банний двір","Готель / Гостиниця","Україна","",""
"Агросадиба Гостинна оселя","Готель / Гостиниця","Україна","",""
"Chaplin","Готель / Гостиниця","Україна","",""
"Time","Готель / Гостиниця","Україна","",""
"Совіньйон","Готель / Гостиниця","Україна","",""
"SHELEST","Готель / Гостиниця","Україна","",""
"Під Темплем","Готель / Гостиниця","Україна","",""
"Садиба Маланка","Готель / Гостиниця","Україна","https://www.malankarpaty.com/","malanka.karpaty@gmail.com"
"Glamping Mandra","Готель / Гостиниця","Україна","",""
"Близниці","Готель / Гостиниця","Україна","",""
"Den house","Готель / Гостиниця","Україна","",""
"Симоненка","Готель / Гостиниця","Україна","",""
"AMID","Готель / Гостиниця","Україна","",""
"УЛІС ВОРОХТА","Готель / Гостиниця","Україна","",""
"Готель СКА","Готель / Гостиниця","Україна","",""
"Піано","Готель / Гостиниця","Україна","",""
"Заброшенный автобус","Готель / Гостиниця","Україна","",""
"Глемпинг Видовой","Готель / Гостиниця","Україна","",""
"Тіта","Готель / Гостиниця","Україна","",""
"Гостиница","Готель / Гостиниця","Україна","","pattyuli@yandex.ru"
"OMSHROOM","Готель / Гостиниця","Україна","",""
"Море зовёт","Готель / Гостиниця","Україна","",""
"Садиба ""У Мирослави""","Готель / Гостиниця","Україна","https://booking.karpaty.ua/uk/houses/u-myroslavy","grinevicmiroslava0@gmail.com"
"GABA villas","Готель / Гостиниця","Україна","https://www.gabavillas.com.ua","gabavillas@gmail.com"
"Sky","Готель / Гостиниця","Україна","skyhotel.in.ua","info@skyhotel.in.ua"
"Мій будинок дитинства","Готель / Гостиниця","Україна","",""
"Рідна хата","Готель / Гостиниця","Україна","",""
"Гостинний комплекс Хуртовня","Готель / Гостиниця","Україна","https://mistaua.com/Инфраструктура/Туризм/Гостиницы,_отели/гостиничный-комплекс-хуртовня/16745/?setcity=421","hurtovnia@meta.ua"
"WOL.07 by Ribas","Готель / Гостиниця","Україна","https://www.wollifestyle.com/gotel-bukovel/","wol121@ribashotels.com; hello@wollifestyle.com"
"Savoie Apartments Bukovel","Готель / Гостиниця","Україна","https://bkvl.com.ua/","bkvl.com.ua@gmail.com"
"Анастасія","Готель / Гостиниця","Україна","",""
"Мішель","Готель / Гостиниця","Україна","",""
"Закинутий готель","Готель / Гостиниця","Україна","",""
"Космос","Готель / Гостиниця","Україна","https://hostel-kosmos.dp.ua/",""
"Hello Yellow Hostel","Готель / Гостиниця","Україна","",""
"Влада","Готель / Гостиниця","Україна","",""
"Страж Империи","Готель / Гостиниця","Україна","",""
"Три Криниці","Готель / Гостиниця","Україна","",""
"Нічліг","Готель / Гостиниця","Україна","https://places.in.ua/e/karpatskiy-zatishok-baza-vidpochinku-tov",""
"Maestral","Готель / Гостиниця","Україна","",""
"Русс","Готель / Гостиниця","Україна","",""
"Vdoma","Готель / Гостиниця","Україна","","vdomahouse@gmail.com"
"Apartel Uzhhorod","Готель / Гостиниця","Україна","",""
"Клуб В 55","Готель / Гостиниця","Україна","",""
"55-та Садова, 1а","Готель / Гостиниця","Україна","",""
"Music Hostel Poltava","Готель / Гостиниця","Україна","",""
"Гостевой Дом Понизовка","Готель / Гостиниця","Україна","","eremeeva.ella@gmail.com"
"Микуличин на Долоні","Готель / Гостиниця","Україна","",""
"Магія гір","Готель / Гостиниця","Україна","",""
"ОBRIY holiday village","Готель / Гостиниця","Україна","https://obriyvillage.com/","obriy.hv@gmail.com"
"Villa Georg Apartments","Готель / Гостиниця","Україна","",""
"Soroka Vorona","Готель / Гостиниця","Україна","",""
"Club House Arkadia Beach","Готель / Гостиниця","Україна","",""
"Ратуша Craft Rooms","Готель / Гостиниця","Україна","",""
"Садиба ""Капливець""","Готель / Гостиниця","Україна","",""
"Optima Collection Кам'янець-Подільський","Готель / Гостиниця","Україна","",""
"Садиба ""Бiля рiчки""","Готель / Гостиниця","Україна","",""
"Галичина","Готель / Гостиниця","Україна","",""
"Ретріт-база ""Тихе місце""","Готель / Гостиниця","Україна","",""
"Гелікоптер","Готель / Гостиниця","Україна","https://www.hotel-helicopter.com/uk?gclid=CjwKCAjw1t2pBhAFEiwA_-A-NH7adeWtaWTHKaut96cJXfd4muECJeL7VU1YbtsQ8NkDcd7tUTV55RoCNTwQAvD_BwE","helicopter.hotel@gmail.com"
"Акваріус","Готель / Гостиниця","Україна","",""
"Вілла Річка","Готель / Гостиниця","Україна","",""
"Aqua & Dion","Готель / Гостиниця","Україна","",""
"Кришталеве Джерело","Готель / Гостиниця","Україна","",""
"Злови Форельку","Готель / Гостиниця","Україна","",""
"Adagio","Готель / Гостиниця","Україна","",""
"Фазенда","Готель / Гостиниця","Україна","",""
"Leto","Готель / Гостиниця","Україна","","gromovka.krym@mail.ru"
"Тростянець","Готель / Гостиниця","Україна","",""
"Дрім Хаус Хостел","Готель / Гостиниця","Україна","https://dream-family.com/en/dream-house/",""
"Modryna Guest House","Готель / Гостиниця","Україна","",""
"Родинний","Готель / Гостиниця","Україна","",""
"Садиба ""Гуцулка Ксеня""","Готель / Гостиниця","Україна","",""
"Будинок машиніста на станції Хмільник","Готель / Гостиниця","Україна","",""
"У Бобра","Готель / Гостиниця","Україна","",""
"Мистер Тукер","Готель / Гостиниця","Україна","","yula037@yandex.ru"
"Гостинний дім Мандрівний","Готель / Гостиниця","Україна","",""
"""Алан""","Готель / Гостиниця","Україна","","alanarsen2010@mail.ru"
"Міні-готель ""Готелік""","Готель / Гостиниця","Україна","",""
"If hostel","Готель / Гостиниця","Україна","",""
"Інклюз","Готель / Гостиниця","Україна","",""
"Агрооселя ""Сімейний маєток Сташека""","Готель / Гостиниця","Україна","",""
"Fata Morgana","Готель / Гостиниця","Україна","",""
"Отель Верон","Готель / Гостиниця","Україна","",""
"Гостьовий дім Царська Долина","Готель / Гостиниця","Кам'янець-Подільський","",""
"Хутір Фальчі","Готель / Гостиниця","Україна","https://villakarpaty.com/","khytir.falchi@gmail.com"
"Khytir Falchi","Готель / Гостиниця","Україна","https://villakarpaty.com/","khytir.falchi@gmail.com"
"Хутір","Готель / Гостиниця","Україна","","komplexhutir@gmail.com"
"готель на озері","Готель / Гостиниця","Україна","",""
"Гостем буду","Готель / Гостиниця","Україна","",""
"Гостевой дом на Морской","Готель / Гостиниця","Україна","",""
"Panorama Lviv Hotel","Готель / Гостиниця","Україна","https://panorama-hotel.com.ua","reception@panorama-hotel.com.ua"
"Megapolis","Готель / Гостиниця","Україна","",""
"Сан Марко","Готель / Гостиниця","Україна","",""
"Хостел «Green House»","Готель / Гостиниця","Україна","",""
"Хостел Житомир","Готель / Гостиниця","Україна","",""
"Florian","Готель / Гостиниця","Україна","","florian.hotel24@gmail.com"
"Благословенная Таврида","Готель / Гостиниця","Україна","https://hotel-tavrida.com/","vvkravchenko73@mail.ru"
"Home","Готель / Гостиниця","Україна","",""
"Optima Collection Ніжин","Готель / Гостиниця","Україна","","nizhyn@optimahotels.com.ua"
"Злата хата","Готель / Гостиниця","Україна","",""
"Відень","Готель / Гостиниця","Україна","https://www.wienhotel.com.ua/","wienhotel@mail.lviv.ua"
"Вероніка","Готель / Гостиниця","Україна","",""
"Panorama Hill","Готель / Гостиниця","Україна","",""
"Згадка","Готель / Гостиниця","Україна","",""
"Міні-готель ""Анастасія""","Готель / Гостиниця","Україна","",""
"Village Wine","Готель / Гостиниця","Україна","https://thevillagewine.com.ua","info@villagewine.com.ua"
"Власта","Готель / Гостиниця","Україна","",""
"Viza","Готель / Гостиниця","Україна","https://www.hotel-viza.com.ua/",""
"Гостьовий Дім Штиль","Готель / Гостиниця","Україна","",""
"Шацький маєток","Готель / Гостиниця","Україна","",""
"Навчально-оздоровчий табір «Політехнік-5»","Готель / Гостиниця","Україна","",""
"База відпочинку Діана","Готель / Гостиниця","Україна","https://www.shatsk.info/diana.html",""
"База відпочинку Фенікс","Готель / Гостиниця","Україна","https://www.shatsk.info/feniks.html",""
"Макара БАЗА","Готель / Гостиниця","Україна","",""
"Світязь-Центр","Готель / Гостиниця","Україна","",""
"Волинський облавтодор","Готель / Гостиниця","Україна","",""
"Русалка","Готель / Гостиниця","Україна","",""
"Перлина Світязя","Готель / Гостиниця","Україна","",""
"база ДП «Нововолинський РМЗ»","Готель / Гостиниця","Україна","",""
"База відпочинку ""Театральна""","Готель / Гостиниця","Україна","",""
"НДІ Проектреконструкція","Готель / Гостиниця","Україна","",""
"Турія","Готель / Гостиниця","Україна","",""
"Світязь-Релакс","Готель / Гостиниця","Україна","",""
"База відпочинку ""Ялинка""","Готель / Гостиниця","Україна","",""
"Хвиля","Готель / Гостиниця","Україна","",""
"Family Residence","Готель / Гостиниця","Україна","",""
"ГрядоХата","Готель / Гостиниця","Україна","https://shatsk.com/recreations/gryadohata","svit.lanaka@gmail.com; shatskhelp@gmail.com"
"Lacus","Готель / Гостиниця","Україна","",""
"Шале у Софії","Готель / Гостиниця","Україна","",""
"Сільвер","Готель / Гостиниця","Україна","https://ua.igotoworld.com/ua/poi_object/415298_baza-otdyha-silver-shack.htm","ipa.develop.team@gmail.com; info@igotoworld.com"
"Forest Park","Готель / Гостиниця","Україна","",""
"Рутенія","Готель / Гостиниця","Україна","",""
"Хостел Привокзальний","Готель / Гостиниця","Україна","https://pryvokzalnyi.pp.ua/",""
"Студена криниця","Готель / Гостиниця","Україна","",""
"Над Фермою","Готель / Гостиниця","Україна","",""
"Eden Resort","Готель / Гостиниця","Україна","https://www.edenresort.com.ua/","eden.resort.info@gmail.com"
"Тіроль","Готель / Гостиниця","Україна","",""
"Luxor","Готель / Гостиниця","Україна","",""
"Пані Анна","Готель / Гостиниця","Україна","",""
"Духмяна оселя","Готель / Гостиниця","Україна","",""
"Дивокрай","Готель / Гостиниця","Україна","",""
"готель Надія","Готель / Гостиниця","Україна","",""
"Green Hill","Готель / Гостиниця","Україна","",""
"готель Бережани","Готель / Гостиниця","Україна","",""
"Гуцулка","Готель / Гостиниця","Україна","",""
"Київ","Готель / Гостиниця","Україна","",""
"Столиця","Готель / Гостиниця","Україна","",""
"Лілея","Готель / Гостиниця","Україна","",""
"Дім для прийняття хасидів","Готель / Гостиниця","Україна","",""
"Best Western Plus Market Square Lviv","Готель / Гостиниця","Україна","",""
"Хвіст і грива","Готель / Гостиниця","Україна","",""
"Mandarin ClubHouse","Готель / Гостиниця","Україна","",""
"Шале Майдан","Готель / Гостиниця","Україна","",""
"Фазенда Wood","Готель / Гостиниця","Україна","",""
"Time for Rest","Готель / Гостиниця","Україна","",""
"Затишний міні готель Rosky (Роскі)","Готель / Гостиниця","Україна","",""
"Бесаги","Готель / Гостиниця","Україна","",""
"Вінтаж Бутік Готель","Готель / Гостиниця","Україна","https://www.vintagehotel.com.ua/","info@vintagehotel.com.ua"
"Готель ""Леополіс""","Готель / Гостиниця","Україна","https://www.leopolishotel.com/","hotel@leopolishotel.com"
"Hostel 3","Готель / Гостиниця","Україна","",""
"Amarant Apart Hotel","Готель / Гостиниця","Україна","",""
"Зелений Бір","Готель / Гостиниця","Україна","","zbukovel@gmail.com"
"Арата","Готель / Гостиниця","Україна","",""
"Купава","Готель / Гостиниця","Україна","","kupava.hotel@mail.ru"
"Готель ""Панська Ровінь""","Готель / Гостиниця","Україна","",""
"Мотель Гетьман","Готель / Гостиниця","Україна","",""
"Ганна","Готель / Гостиниця","Україна","",""
"Rooms Hotel","Готель / Гостиниця","Україна","",""
"Лебедин","Готель / Гостиниця","Україна","",""
"Everest","Готель / Гостиниця","Україна","https://everest-hotel.pl.ua","hotel.eve@everest.pl.ua"
"Hollywood","Готель / Гостиниця","Україна","",""
"Садиба «Саблінська»","Готель / Гостиниця","Україна","https://usadba.kr.ua",""
"Ночівля","Готель / Гостиниця","Україна","",""
"Grand Hotel Roxolana","Готель / Гостиниця","Україна","","info@hotel-roxolana.com"
"Міф","Готель / Гостиниця","Україна","",""
"Зелена садиба ""Благодатне""","Готель / Гостиниця","Україна","",""
"L.O.Y Family Hotel","Готель / Гостиниця","Україна","","loy.family.dnipro@gmail.com"
"ТетАтет","Готель / Гостиниця","Україна","",""
"Котеджний комплекс - Mirest","Готель / Гостиниця","Україна","",""
"Potemkinn Hotel","Готель / Гостиниця","Україна","",""
"ВиллаОтдыха","Готель / Гостиниця","Україна","",""
"Наташа","Готель / Гостиниця","Україна","",""
"Apartel Skhidnytsya Wellness Resort","Готель / Гостиниця","Україна","",""
"Нарколог","Готель / Гостиниця","Україна","",""
"Котедж ""Панорама""","Готель / Гостиниця","Україна","",""
"Котедж ""Водограй""","Готель / Гостиниця","Україна","",""
"Котедж ""На Хуторі""","Готель / Гостиниця","Україна","",""
"Солом'яна хата","Готель / Гостиниця","Україна","",""
"Хостел КП Аква","Готель / Гостиниця","Україна","",""
"Самарянин","Готель / Гостиниця","Україна","",""
"Готель Підгір'я","Готель / Гостиниця","Україна","https://hotel-podgore.com.ua","info@hotel-podgore.com.ua"
"арт-кластер ""Таврида""","Готель / Гостиниця","Україна","",""
"Юрзуф","Готель / Гостиниця","Україна","","yurzuf@bk.ru"
"CITYHOTEL RESIDENCE","Готель / Гостиниця","Україна","https://cityhotel-residence.com.ua/uk/","residence@citihotel.ua"
"Атлантис","Готель / Гостиниця","Україна","",""
"Радужная","Готель / Гостиниця","Україна","",""
"Відпочинковий комплекс ""Простір Неба""","Готель / Гостиниця","Україна","",""
"Чан | Надслучанська швейцарія","Готель / Гостиниця","Україна","","nadsluchanska.shveytsaria@gmail.com"
"База відпочинку ""Брідж""","Готель / Гостиниця","Україна","https://bridge.zp.ua/","td.bridg.zp@gmail.com"
"отель Яр","Готель / Гостиниця","Україна","",""
"У Домінікана","Готель / Гостиниця","Україна","",""
"Пансионат ""Каисса""","Готель / Гостиниця","Україна","",""
"Green Hills","Готель / Гостиниця","Україна","",""
"Ліка","Готель / Гостиниця","Україна","",""
"Hostel №10","Готель / Гостиниця","Україна","",""
"Рукавичка","Готель / Гостиниця","Україна","","tetanasumska004@gmail.com"
"Coin","Готель / Гостиниця","Україна","",""
"Ровінь","Готель / Гостиниця","Україна","","rovin@i.ua"
"Садиба під Каменем","Готель / Гостиниця","Україна","",""
"Княжий Спас","Готель / Гостиниця","Україна","",""
"Zimov and Ski","Готель / Гостиниця","Україна","",""
"Love's Mount Resort","Готель / Гостиниця","Україна","",""
"Західний реабілітаційно-спортивний центр НКСУ","Готель / Гостиниця","Україна","","turkazrsc@ukr.net"
"Лісогори простір натхнення","Готель / Гостиниця","Україна","",""
"Cosy house","Готель / Гостиниця","Україна","",""
"Усадьба Махульдур","Готель / Гостиниця","Україна","",""
"Медовахата","Готель / Гостиниця","Україна","",""
"Домики на холме","Готель / Гостиниця","Україна","",""
"Аул","Готель / Гостиниця","Україна","",""
"Квартира съем","Готель / Гостиниця","Україна","",""
"FREEDOM - будинки для відпочинку","Готель / Гостиниця","Україна","",""
"РОЩА","Готель / Гостиниця","Україна","",""
"В шоколаде","Готель / Гостиниця","Україна","",""
"TUR HOUSE","Готель / Гостиниця","Україна","",""
"Житомир Палац / Ресторан «Міміно»","Готель / Гостиниця","Україна","",""
"Borys Hotel","Готель / Гостиниця","Україна","",""
"Sumska Apart Hotel","Готель / Гостиниця","Україна","",""
"Malon Hotel","Готель / Гостиниця","Україна","",""
"Край-Рай","Готель / Гостиниця","Україна","",""
"Мислівська чарда","Готель / Гостиниця","Україна","",""
"Гостевой дом Гукова","Готель / Гостиниця","Україна","",""
"Бухта Чехова","Готель / Гостиниця","Україна","",""
"Готельно-ресторанний комплекс ""ТОПОЛЯ""","Готель / Гостиниця","Україна","https://04141.com.ua/","04141.com.ua@gmail.com"
"Стрелец","Готель / Гостиниця","Україна","",""
"Придорожній комплекс ГАРБУЗ","Готель / Гостиниця","Україна","https://garbuzgt.com.ua/","garbuz3006@gmail.com"
"Трініті Хаус","Готель / Гостиниця","Україна","https://racketsportspark.kyiv.ua/trinity-house/","trinityyhousee@gmail.com"
"Локація","Готель / Гостиниця","Україна","",""
"Helios by Ribas","Готель / Гостиниця","Україна","https://ribas.ua/hotels/helios_by_ribas","booking@ribashotelsgroup.ua; welcome@helios.in.ua; info@ribas.ua; hello@ribashotels.com; corporatesales@ribashotels.com"
"Girski Hotel&Spa","Готель / Гостиниця","Україна","",""
"Kasimir - Spa","Готель / Гостиниця","Україна","",""
"SherWood","Готель / Гостиниця","Україна","",""
"VILSON","Готель / Гостиниця","Україна","",""
"Capsule Hotel Constellation 91","Готель / Гостиниця","Україна","",""
"Садиба ""Над потічком""","Готель / Гостиниця","Україна","",""
"Гостевой дом ""Летний""","Готель / Гостиниця","Україна","",""
"Садиба Райшток","Готель / Гостиниця","Україна","",""
"“Kazka house” будиночки для відпочинку","Готель / Гостиниця","Україна","",""
"Панорама Східниця","Готель / Гостиниця","Україна","",""
"Villa Aya","Готель / Гостиниця","Україна","",""
"Хостел Вокзальный","Готель / Гостиниця","Україна","",""
"Саки","Готель / Гостиниця","Новофёдоровка","",""
"Mirax Sapphire Boutique Hotel","Готель / Гостиниця","Україна","https://mirax-hotel.com.ua/sapphire/","sapphire@mirax-hotel.com.ua; info@mirax-hotel.com.ua"
"Friends","Готель / Гостиниця","Україна","",""
"Буковець","Готель / Гостиниця","Україна","https://gostinnij-dvir-bukovets.webnode.com.ua/",""
"Аю-Даг Resort&SPA","Готель / Гостиниця","Партенит","",""
"Тихое место","Готель / Гостиниця","Україна","",""
"Silveroks Hotel & Apartments","Готель / Гостиниця","Україна","",""
"База відпочинку ""Бріз""","Готель / Гостиниця","Україна","",""
"Misto","Готель / Гостиниця","Україна","https://misto-complex.com.ua/hotel/","complexmisto@gmail.com"
"Hostel 13","Готель / Гостиниця","Україна","",""
"Grand Garage","Готель / Гостиниця","Україна","",""
"Krym365","Готель / Гостиниця","Україна","","krym365@gmail.com"
"Щастя","Готель / Гостиниця","Україна","",""
"Волна Парк","Готель / Гостиниця","Україна","",""
"Готель Нон Стоп","Готель / Гостиниця","Україна","",""
"Holiday Rest House","Готель / Гостиниця","Україна","",""
"Катя Рома","Готель / Гостиниця","Україна","",""
"Hamster 007 Secret Hotel","Готель / Гостиниця","Україна","",""
"Хутір Бойка","Готель / Гостиниця","Україна","",""
"Хостел Гора","Готель / Гостиниця","Україна","https://hostel.hotel-gora.com.ua/",""
"Sleeping hotel","Готель / Гостиниця","Україна","","hotel@gmail.com"
"Садиба на Тростяні","Готель / Гостиниця","Україна","",""
"Sana Hostel","Готель / Гостиниця","Україна","https://hostel.kh.ua/","rooms@hostel.kh.ua"
"Blues","Готель / Гостиниця","Україна","",""
"""Троє Поросят""","Готель / Гостиниця","Україна","",""
"Rhombus","Готель / Гостиниця","Україна","",""
"Hotel Plus","Готель / Гостиниця","Україна","",""
"Готель Альтаїр","Готель / Гостиниця","Україна","",""
"Апарт Готель Garda","Готель / Гостиниця","Україна","",""
"Готель Familiia","Готель / Гостиниця","Україна","",""
"Villa Green Garden","Готель / Гостиниця","Україна","https://villagreengarden.com.ua/","villgreengarden2@gmail.com"
"Aesthete hostel","Готель / Гостиниця","Україна","",""
"Хостел Центр Харків","Готель / Гостиниця","Україна","",""
"Готель Схід","Готель / Гостиниця","Україна","",""
"Chevalier Hotel","Готель / Гостиниця","Україна","",""
"Готель «Куликівський»","Готель / Гостиниця","Україна","https://www.kulikovskiyhotel.com/","kulikovskiy.res@gmail.com"
"Central Hostel","Готель / Гостиниця","Україна","https://hostel.kharkiv.ua/","sales@hostel.kharkiv.ua"
"Kizhi Hotel","Готель / Гостиниця","Україна","",""
"Britannia","Готель / Гостиниця","Україна","",""
"Revolutsionny Hostel","Готель / Гостиниця","Україна","",""
"Зелена садиба «Будинок Душі»","Готель / Гостиниця","Україна","",""
"МореЯлта","Готель / Гостиниця","Україна","",""
"Тепла Гора","Готель / Гостиниця","Україна","",""
"Hotel Classic","Готель / Гостиниця","Україна","http://www.hotel-classic.com.ua/",""
"Good Night | Hostel Kharkiv","Готель / Гостиниця","Україна","",""
"Pilligrim","Готель / Гостиниця","Україна","",""
"Кімнати відпочинку ВП вокзал станції Львів філії ""Вокзальна компанія""","Готель / Гостиниця","Україна","",""
"Центр-Отель","Готель / Гостиниця","Україна","","center-hotel24.ru@mail.ru"
"Приват Харків","Готель / Гостиниця","Україна","",""
"Hotelis","Готель / Гостиниця","Україна","",""
"На Костюринском","Готель / Гостиниця","Україна","",""
"Guest House Na Kuznechnoy","Готель / Гостиниця","Україна","",""
"Огородническая 24","Готель / Гостиниця","Україна","",""
"Тартак-Резорт","Готель / Гостиниця","Україна","",""
"Pletnevskiy Inn","Готель / Гостиниця","Україна","","info@pletnevskiyinn.com  sales@pletnevskiyinn.com  reservation@pletnevskiyinn.com"
"Pletnevsky Guesthouse","Готель / Гостиниця","Україна","",""
"Монастирський готель","Готель / Гостиниця","Україна","",""
"Хостел Мажор Харьків","Готель / Гостиниця","Україна","",""
"YellowUnlimited Hotel","Готель / Гостиниця","Україна","http://www.yellowunlimited.com/",""
"Hotel 19","Готель / Гостиниця","Україна","",""
"Sherlock Holmes","Готель / Гостиниця","Україна","",""
"WINE & ROSE BOUTIQUE HOTEL","Готель / Гостиниця","Україна","",""
"Hirska Rosa","Готель / Гостиниця","Україна","",""
"T&S Hotel","Готель / Гостиниця","Україна","",""
"Grand Canyon","Готель / Гостиниця","Україна","",""
"Садиба ""Троянда""","Готель / Гостиниця","Україна","",""
"Гном & Gnome","Готель / Гостиниця","Україна","",""
"Ретрит–центр усвідомленого бізнесу","Готель / Гостиниця","Україна","","consciousness.office@gmail.com"
"Пивовар","Готель / Гостиниця","Україна","",""
"Готельно-ресторанний комплекс ""Стожари""","Готель / Гостиниця","Україна","",""
"82","Готель / Гостиниця","Україна","",""
"Family Land (сімейна база відпочинку)","Готель / Гостиниця","Україна","",""
"Кордонська Галина Яківна","Готель / Гостиниця","Україна","",""
"Садиба Мандри","Готель / Гостиниця","Україна","",""
"Гостьові будинки","Готель / Гостиниця","Україна","",""
"BoutiqueHotelCitylife","Готель / Гостиниця","Україна","",""
"Hyatt Regency Kyiv","Готель / Гостиниця","Україна","",""
"Дніпропетровськ","Готель / Гостиниця","Україна","https://dnipro-hotel.dp.ua/","dnipro.hotel.dp@gmail.com"
"Козацький","Готель / Гостиниця","Україна","",""
"Інший","Готель / Гостиниця","Україна","",""
"Магнат-Люкс","Готель / Гостиниця","Чернівці","",""
"Natsionalny Hotel Kijev","Готель / Гостиниця","Україна","https://www.natsionalny.kiev.ua/",""
"Гавана","Готель / Гостиниця","Україна","",""
"Radisson Blu","Готель / Гостиниця","Україна","https://www.radissonblu.com/hotel-kiev",""
"Вараш","Готель / Гостиниця","Україна","",""
"City Park Hotel","Готель / Гостиниця","Україна","",""
"Гуртожиток ""Ровесник""","Готель / Гостиниця","Україна","",""
"Гуртожиток «Електрон»","Готель / Гостиниця","Україна","",""
"Гуртожиток «Прометей»","Готель / Гостиниця","Україна","",""
"KievInn","Готель / Гостиниця","Україна","",""
"Сатурн","Готель / Гостиниця","Україна","",""
"Podil Plaza Hotel","Готель / Гостиниця","Україна","https://www.podolplazahotel.com.ua/",""
"Fairmont Grand Hotel","Готель / Гостиниця","Україна","https://www.fairmont.com/kyiv","kyiv@fairmont.com"
"Театральний","Готель / Гостиниця","Україна","",""
"Ореанда","Готель / Гостиниця","Україна","https://www.hotel-oreanda.com",""
"Тернопіль","Готель / Гостиниця","Україна","https://www.hotelternopil.com/","reservation@hotel.te.ua"
"Готель Жовтневий","Готель / Гостиниця","Україна","http://hotel-zhovtneviy.dp.ua",""
"Єкатеринославський","Готель / Гостиниця","Україна","",""
"Акторів цирку","Готель / Гостиниця","Україна","",""
"Коттеджи У Берендея","Готель / Гостиниця","Україна","",""
"Приморська","Готель / Гостиниця","Україна","",""
"Нерудник","Готель / Гостиниця","Україна","",""
"Александрія","Готель / Гостиниця","Україна","",""
"Старий Канів","Готель / Гостиниця","Україна","",""
"Опера","Готель / Гостиниця","Україна","https://opera-hotel.com",""
"Ковельчанка","Готель / Гостиниця","Україна","",""
"Лісова пісня","Готель / Гостиниця","Україна","",""
"Premier Hotel Abri","Готель / Гостиниця","Україна","",""
"Княжа гора","Готель / Гостиниця","Канів","","reservation@knyazhahora.com"
"Гранд хостел","Готель / Гостиниця","Україна","https://hostel-1695.business.site/",""
"Гранд Готель ""Європейський""","Готель / Гостиниця","Україна","https://www.grand-hotel-european.com.ua/","grand-hotel-european@ukr.net"
"Reikartz Collection","Готель / Гостиниця","Україна","",""
"Бухта мечты","Готель / Гостиниця","Україна","","booking@laspi.ru"
"Андемакс","Готель / Гостиниця","Турійськ","",""
"Готель Львів","Готель / Гостиниця","Україна","https://www.hotel-lviv.com.ua/","hotel-lviv@ukr.net"
"Круїз","Готель / Гостиниця","Україна","",""
"Русь","Готель / Гостиниця","Україна","https://www.hotelrus.kiev.ua/",""
"Золотой Абрикос","Готель / Гостиниця","Україна","","office@golden-apricot.com.ua"
"Old Bridge","Готель / Гостиниця","Україна","",""
"City Club European","Готель / Гостиниця","Україна","",""
"Арина","Готель / Гостиниця","Україна","",""
"Арлє","Готель / Гостиниця","Україна","",""
"Симферополь Гранд-Отель","Готель / Гостиниця","Україна","",""
"Гостиница ""Фантазия""","Готель / Гостиниця","Україна","","otelfan@gmail.com"
"Khortitsa Palace","Готель / Гостиниця","Україна","",""
"Москва","Готель / Гостиниця","Україна","",""
"Таврия","Готель / Гостиниця","Симферополь","",""
"Готель ""Моряк""","Готель / Гостиниця","Україна","",""
"ZS Клуб","Готель / Гостиниця","Україна","",""
"Гелиос","Готель / Гостиниця","Україна","",""
"Кімнати відпочинку","Готель / Гостиниця","Україна","",""
"У Василия","Готель / Гостиниця","Україна","",""
"Готель Софіївський","Готель / Гостиниця","Україна","",""
"Коралловая","Готель / Гостиниця","Україна","",""
"3-й тайм","Готель / Гостиниця","Україна","",""
"Звёздная","Готель / Гостиниця","Україна","",""
"Империал гостиница","Готель / Гостиниця","Симферополь","",""
"Кларк","Готель / Гостиниця","Україна","",""
"Хижина Робинзона","Готель / Гостиниця","Береговое","",""
"Карпаты","Готель / Гостиниця","Україна","",""
"City Park","Готель / Гостиниця","Україна","",""
"Рыбацкая деревня","Готель / Гостиниця","Україна","",""
"Общежитие ООО ""НАБИС""","Готель / Гостиниця","Україна","",""
"Гуртожитки ОДАХ № 2 та № 3","Готель / Гостиниця","Україна","",""
"Автомобилист","Готель / Гостиниця","Україна","",""
"Марлен","Готель / Гостиниця","Україна","",""
"Изабелла","Готель / Гостиниця","Україна","",""
"Привал","Готель / Гостиниця","Україна","",""
"Криворіжжя","Готель / Гостиниця","Україна","",""
"Пансионат ""Буровик""","Готель / Гостиниця","Україна","",""
"Park Inn by Radisson Donetsk","Готель / Гостиниця","Україна","https://www.parkinn.com/hotel-donetsk","info.donetsk@rezidorparkinn.com"
"Вишеград","Готель / Гостиниця","Україна","",""
"Оздоровительно-рекреационный комплекс «Премьера»","Готель / Гостиниця","Україна","",""
"Зори Тирасполя","Готель / Гостиниця","Україна","",""
"Озерки","Готель / Гостиниця","Затока","",""
"Геолог","Готель / Гостиниця","Затока","",""
"Вероника","Готель / Гостиниця","Затока","",""
"Монтажник","Готель / Гостиниця","Україна","","montazhnik@gmail.com"
"Гольфстрим","Готель / Гостиниця","Затока","",""
"Гольфстрім","Готель / Гостиниця","Україна","",""
"Прометей","Готель / Гостиниця","Затока","",""
"Рось","Готель / Гостиниця","Україна","",""
"Ярец","Готель / Гостиниця","Затока","",""
"Заря","Готель / Гостиниця","Затока","",""
"Тіра","Готель / Гостиниця","Затока","",""
"Алмазный","Готель / Гостиниця","Україна","",""
"Галант","Готель / Гостиниця","Україна","",""
"Автобаза Гуртожиток","Готель / Гостиниця","Борисполь","",""
"Аеропорт","Готель / Гостиниця","Україна","",""
"ГРК „Алігатор“","Готель / Гостиниця","Україна","",""
"Готель + Ресторан Алігатор","Готель / Гостиниця","Україна","",""
"Бристоль","Готель / Гостиниця","Україна","",""
"Готельно-ресторанний комплекс ""Зірка""","Готель / Гостиниця","Україна","",""
"Кинбурн","Готель / Гостиниця","Феодосия","",""
"Придеснянський","Готель / Гостиниця","Україна","http://www.chernigivhotel.com.ua/","reception@chernigivhotel.com.ua"
"Імперіал","Готель / Гостиниця","Україна","",""
"Україночка","Готель / Гостиниця","Україна","https://uahotel.com.ua/","gkukrainochka@gmail.com"
"Братіслава","Готель / Гостиниця","Україна","https://bratislava-hotel.com.ua/","hotel.bratislava@gmail.com"
"ТОК Горизонт","Готель / Гостиниця","Україна","",""
"Золотые пески","Готель / Гостиниця","Україна","",""
"Вилла грез","Готель / Гостиниця","Україна","",""
"Kharkiv Palace","Готель / Гостиниця","Україна","",""
"Грей Инн","Готель / Гостиниця","Україна","",""
"Мариино","Готель / Гостиниця","Україна","",""
"Куру Озен","Готель / Гостиниця","Україна","",""
"Полтава","Готель / Гостиниця","Україна","",""
"Великобританія","Готель / Гостиниця","Україна","",""
"SPA-отель «Приморский парк»","Готель / Гостиниця","Україна","",""
"Wellness&SPA Приморский Парк","Готель / Гостиниця","Україна","",""
"Ялта-Интурист","Готель / Гостиниця","Україна","",""
"База відпочинку ""Дорожник""","Готель / Гостиниця","Україна","",""
"Готель ""Аркадія""","Готель / Гостиниця","Україна","",""
"Готель ""Атлантік""","Готель / Гостиниця","Україна","",""
"Afrodita","Готель / Гостиниця","Україна","",""
"Будинок артистів цирка","Готель / Гостиниця","Україна","",""
"Залив","Готель / Гостиниця","Україна","",""
"База отдыха «Прибой»","Готель / Гостиниця","Україна","",""
"Пансионат «Свет Маяка»","Готель / Гостиниця","Україна","",""
"Мелітополь","Готель / Гостиниця","Україна","",""
"Готельний комплекс ""Меркурій""","Готель / Гостиниця","Україна","",""
"Голосієво","Готель / Гостиниця","Україна","https://hotelgolosievo.com/","booking@hotelgolosievo.com; admin@hotelgolosievo.com"
"Корпус № 2","Готель / Гостиниця","Україна","",""
"Корпус № 4","Готель / Гостиниця","Україна","",""
"Корпус № 3","Готель / Гостиниця","Україна","",""
"JOY","Готель / Гостиниця","Україна","www.joy.resorts-crimea.com",""
"Аравана","Готель / Гостиниця","Україна","",""
"Курортное","Готель / Гостиниця","Україна","",""
"Регина","Готель / Гостиниця","Україна","",""
"Бердянськ","Готель / Гостиниця","Україна","",""
"Атриум","Готель / Гостиниця","Україна","",""
"Бригадний будинок","Готель / Гостиниця","Україна","",""
"Лазер-сервіс","Готель / Гостиниця","Україна","",""
"Карат","Готель / Гостиниця","Україна","","byv2003@ukr.net"
"Кунеш","Готель / Гостиниця","Україна","",""
"Готель Рубікон","Готель / Гостиниця","Україна","http://rubikon-hotel.com.ua","reception@rubikon-hotel.com.ua"
"Liverpool","Готель / Гостиниця","Україна","","jeromos@yandex.ru"
"Донбас Палас","Готель / Гостиниця","Україна","donbasspalace.com","info@donbasspalace.com"
"Церковний готель","Готель / Гостиниця","Україна","",""
"Готель «Домінік»","Готель / Гостиниця","Україна","https://dominik-hotel.com/","info@dominik-hotel.com"
"Камелия-кафа","Готель / Гостиниця","Україна","",""
"У Кара-Дага","Готель / Гостиниця","Україна","","ukaradaga.info@gmail.com"
"Lism","Готель / Гостиниця","Україна","",""
"Мрия","Готель / Гостиниця","Україна","","mriya-koktebel@mail.ru"
"Вилла Роза","Готель / Гостиниця","Україна","","spd.zak@ukr.net"
"Оптіма Рівне","Готель / Гостиниця","Україна","",""
"Корабел","Готель / Гостиниця","Україна","",""
"Галерея","Готель / Гостиниця","Україна","hotel.pl.ua","bipol@ukrpost.ua"
"Готель ""Металург""","Готель / Гостиниця","Україна","",""
"Ramada","Готель / Гостиниця","Україна","","reservation@ramadadonetsk.com.ua"
"Корпус № 5","Готель / Гостиниця","Україна","",""
"Корпус № 1","Готель / Гостиниця","Україна","",""
"Корпус № 6","Готель / Гостиниця","Україна","",""
"Кафа","Готель / Гостиниця","Україна","",""
"Україна-Люкс","Готель / Гостиниця","Україна","",""
"Клешня","Готель / Гостиниця","Україна","",""
"Пансіонат ""Корал""","Готель / Гостиниця","Україна","",""
"База відпочинку ""Бригантина""","Готель / Гостиниця","Україна","",""
"Дитячий оздоровчий табір ""Івушка""","Готель / Гостиниця","Україна","",""
"Приватна садиба","Готель / Гостиниця","Україна","",""
"База відпочинку ""Еліт""","Готель / Гостиниця","Україна","",""
"Дитячий оздоровчий комплекс ""Дніпро""","Готель / Гостиниця","Україна","",""
"Пансіонат ""Сан-Марино""","Готель / Гостиниця","Україна","",""
"База відпочинку ""Комфорт плюс""","Готель / Гостиниця","Україна","",""
"База відпочинку ""Буревісник""","Готель / Гостиниця","Україна","",""
"Піонерський табір ""Приморський""","Готель / Гостиниця","Україна","",""
"Пансіонат ""Експрес""","Готель / Гостиниця","Україна","",""
"Пансіонат ""Світанок""","Готель / Гостиниця","Україна","",""
"Лиго Морская","Готель / Гостиниця","Україна","","ligo8@mail.ru"
"Гостевой дом Bars","Готель / Гостиниця","Україна","",""
"Гостинично-развлекательный комплекс Union","Готель / Гостиниця","Україна","http://union-hotel.com.ua",""
"Сан. Святого Луки","Готель / Гостиниця","Україна","",""
"Санаторий ""Прибой""","Готель / Гостиниця","Україна","",""
"Гостиница ""Green Hills""","Готель / Гостиниця","Україна","",""
"Вилла «Араминда»","Готель / Гостиниця","Україна","",""
"Санаторий ""Юбилейный""","Готель / Гостиниця","Україна","",""
"Санаторий ""Приморье""","Готель / Гостиниця","Україна","",""
"Art Hotel","Готель / Гостиниця","Україна","http://artkoktebel.com/","artkoktebel@mail.ru"
"Пансионат ""Голубой залив""","Готель / Гостиниця","Україна","",""
"ТОСК ""Приморье""","Готель / Гостиниця","Україна","",""
"Червона гора","Готель / Гостиниця","Лавки","","info@langer.com.ua"
"Санаторий имени Н.К. Крупской","Готель / Гостиниця","Україна","",""
"Санаторий ""Радуга""","Готель / Гостиниця","Україна","",""
"Санаторий ""Здравница""","Готель / Гостиниця","Україна","",""
"Астро-космический центр","Готель / Гостиниця","Україна","",""
"Санаторий ""Гелиос""","Готель / Гостиниця","Україна","",""
"Невский берег","Готель / Гостиниця","Україна","",""
"Пансионат","Готель / Гостиниця","Україна","",""
"Буревестник","Готель / Гостиниця","Україна","",""
"панс. ""Лиана""","Готель / Гостиниця","Україна","",""
"Санаторий ""Мечта""","Готель / Гостиниця","Україна","",""
"Пансионат ""Магистраль""","Готель / Гостиниця","Україна","",""
"санаторий ""Фемида""","Готель / Гостиниця","Україна","",""
"Ukraine Palace","Готель / Гостиниця","Україна","",""
"Санаторий ""Таврия""","Готель / Гостиниця","Україна","",""
"Б/О Сокол","Готель / Гостиниця","Україна","",""
"Б/О Лукомор'я","Готель / Гостиниця","Україна","",""
"Санаторий ""Россия""","Готель / Гостиниця","Україна","",""
"Санаторий ""Искра""","Готель / Гостиниця","Україна","",""
"Санаторий ""Первомайский""","Готель / Гостиниця","Україна","",""
"Пансионат. им. Ю.А. Гагарина","Готель / Гостиниця","Україна","",""
"Детский оздоровительный лагерь ""Салют""","Готель / Гостиниця","Україна","",""
"Санаторий ""Днепр""","Готель / Гостиниця","Україна","",""
"Санаторій «Слов'янський»","Готель / Гостиниця","Україна","",""
"пансионат ""Планета""","Готель / Гостиниця","Україна","",""
"Санаторий им. И.А. Наговицина","Готель / Гостиниця","Україна","",""
"Санаторий ""Алмазный""","Готель / Гостиниця","Україна","",""
"Царь Евпатор","Готель / Гостиниця","Україна","",""
"Мотор","Готель / Гостиниця","Україна","",""
"Ленінградська","Готель / Гостиниця","Україна","",""
"ТОК ""Евпатория""","Готель / Гостиниця","Україна","",""
"Готель ""Спорт""","Готель / Гостиниця","Україна","",""
"Санаторий им. Т.Г. Шевченко","Готель / Гостиниця","Україна","",""
"Квартал+","Готель / Гостиниця","Україна","",""
"Кропива","Готель / Гостиниця","Україна","https://batkivskahata.com/hata.html",""
"Ятрань","Готель / Гостиниця","Україна","",""
"Воробьиное гнездо","Готель / Гостиниця","Україна","",""
"Національ","Готель / Гостиниця","Україна","",""
"Готельний комплекс ""Під дубом""","Готель / Гостиниця","Україна","",""
"Tеремок","Готель / Гостиниця","Україна","",""
"Пансионат «Орбита»","Готель / Гостиниця","Україна","",""
"Санкт-Петербург","Готель / Гостиниця","Україна","",""
"Санаторий ""Орен-Крым""","Готель / Гостиниця","Україна","",""
"Вилла Яліта","Готель / Гостиниця","Україна","",""
"Sun Resort","Готель / Гостиниця","Україна","",""
"Ламантин","Готель / Гостиниця","Україна","http://www.hotel-lamantin.com.ua",""
"Санаторий ""Изумрудный""","Готель / Гостиниця","Україна","",""
"Санаторий ""Смена""","Готель / Гостиниця","Україна","",""
"Юлиана","Готель / Гостиниця","Україна","",""
"Гостинний дім “Карпатський спогад”","Готель / Гостиниця","Україна","",""
"ДОЛ Факел","Готель / Гостиниця","Україна","",""
"ДОЛ Орленок","Готель / Гостиниця","Україна","",""
"Б/О Лоцман","Готель / Гостиниця","Україна","",""
"Дитячий санаторій Бердянський","Готель / Гостиниця","Україна","",""
"Санаторій Бердянськ","Готель / Гостиниця","Україна","",""
"Санаторій Лазурний","Готель / Гостиниця","Україна","",""
"Санаторій Нива","Готель / Гостиниця","Україна","",""
"ДОВ ""Молода гвардія""","Готель / Гостиниця","Україна","",""
"ДОЛ ""Мечта""","Готель / Гостиниця","Україна","",""
"ДОЛ ""Разведчик недр""","Готель / Гостиниця","Україна","",""
"ДОЛ Морська Хвиля","Готель / Гостиниця","Україна","",""
"Дзержинець","Готель / Гостиниця","Україна","",""
"P2B hostel and bar","Готель / Гостиниця","Україна","","p2bhostel@gmail.com"
"Саша","Готель / Гостиниця","Україна","",""
"БО Маяк","Готель / Гостиниця","Україна","",""
"Євроготель","Готель / Гостиниця","Україна","https://www.eurohotel.lviv.ua/","info@eurohotel.lviv.ua"
"Дикий мёд","Готель / Гостиниця","Україна","",""
"Санаторий ""Орленок""","Готель / Гостиниця","Україна","",""
"Пансионат ""Днепр""","Готель / Гостиниця","Україна","",""
"Б.В.И.","Готель / Гостиниця","Україна","",""
"БО Турист","Готель / Гостиниця","Україна","",""
"Готель ""Енергетик""","Готель / Гостиниця","Україна","",""
"Готель Театральний","Готель / Гостиниця","Україна","https://teatr-hotel.com/",""
"Al. Tumur","Готель / Гостиниця","Україна","",""
"Євролюкс","Готель / Гостиниця","Україна","",""
"Олимпия","Готель / Гостиниця","Україна","",""
"База зеленого туризму «Чайка»","Готель / Гостиниця","Україна","https://www.chayka.kherson.ua/",""
"Готель «Сієста»","Готель / Гостиниця","Україна","",""
"Веранда","Готель / Гостиниця","Україна","",""
"Мотель ""Алеро""","Готель / Гостиниця","Україна","",""
"Park House","Готель / Гостиниця","Україна","http://www.parkhouse.net.ua","hotel@parkhouse.net.ua"
"Каролінка-2","Готель / Гостиниця","Україна","",""
"Лисичанськ","Готель / Гостиниця","Україна","http://hotel-lisichansk.com/",""
"Прем'єр Палац","Готель / Гостиниця","Україна","",""
"Афіна","Готель / Гостиниця","Україна","",""
"Оздоровительный комплекс ""Прометей плюс В.В.""","Готель / Гостиниця","Україна","",""
"Пансионат ""Рябинка""","Готель / Гостиниця","Україна","",""
"Пансионат ""Фламинго""","Готель / Гостиниця","Україна","",""
"Дракон","Готель / Гостиниця","Україна","",""
"Скальный","Готель / Гостиниця","Україна","",""
"Альбатрос","Готель / Гостиниця","Україна","",""
"Папай","Готель / Гостиниця","Україна","http://papay-club.com.ua/content/gostinica-papay-v-koktebel","papay_club_2013@mail.ru"
"Гуртожиток Національної академії статистики, обліку та аудиту","Готель / Гостиниця","Україна","",""
"Готель «Royal Congress Hotel»","Готель / Гостиниця","Україна","https://rhg.com.ua/",""
"Ле-Гранд","Готель / Гостиниця","Україна","http://villalegrand.com.ua","villalegrand@gmail.com"
"пансіонат Донбас","Готель / Гостиниця","Україна","",""
"Пансіонат Будівельник","Готель / Гостиниця","Україна","",""
"Вилла ""Аркале""","Готель / Гостиниця","Україна","",""
"Ідеал","Готель / Гостиниця","Україна","https://ideal-hotel.com.ua/",""
"Готель цукрового заводу","Готель / Гостиниця","Україна","",""
"«MelRose»","Готель / Гостиниця","Україна","",""
"Палаццо","Готель / Гостиниця","Україна","http://www.palazzo.com.ua/ua/hotels/","admin@palazzo.com.ua"
"Леврус","Готель / Гостиниця","Україна","",""
"База відпочинку ""Парус""","Готель / Гостиниця","Україна","",""
"Готель ""Жокей""","Готель / Гостиниця","Україна","http://jockey.lviv.ua/","jockey_lv@ukr.net"
"База отдыха","Готель / Гостиниця","Україна","",""
"Спортивно-Оздоровчий Комплекс","Готель / Гостиниця","Україна","",""
"Artua","Готель / Гостиниця","Україна","https://artua-hotel.com.ua/","hotelartua@yandex.ua"
"Лубни","Готель / Гостиниця","Україна","",""
"Терема","Готель / Гостиниця","Україна","",""
"Центральная военная туристская база ""Севастополь""","Готель / Гостиниця","Україна","",""
"База отдыха ""Мрия""","Готель / Гостиниця","Україна","",""
"Optima Hotel Deluxe","Готель / Гостиниця","Україна","",""
"База відпочинку «Деснянські Зорі»","Готель / Гостиниця","Україна","http://desnyanskizori.blogspot.com/","baza.zori@ukr.net"
"Готель ""Наталія-18""","Готель / Гостиниця","Україна","http://www.natalia18.lviv.ua",""
"GREEN HOTEL","Готель / Гостиниця","Україна","https://greenhotel.kiev.ua/",""
"Luxury Boutique Andriivskiy","Готель / Гостиниця","Україна","","info@andreevskiyhome.com"
"Космополит","Готель / Гостиниця","Україна","",""
"Ясная поляна","Готель / Гостиниця","Україна","",""
"Іспанський дворик","Готель / Гостиниця","Україна","",""
"Жуляни","Готель / Гостиниця","Україна","",""
"Наше місто","Готель / Гостиниця","Україна","",""
"MTA","Готель / Гостиниця","Україна","",""
"Монтана","Готель / Гостиниця","Україна","",""
"Витязь","Готель / Гостиниця","Україна","",""
"Санаторій «Дніпро»","Готель / Гостиниця","Україна","https://beskyd.com.ua/",""
"Лимон","Готель / Гостиниця","Україна","",""
"Дрогобич","Готель / Гостиниця","Україна","",""
"Прем'єр","Готель / Гостиниця","Україна","http://hotelpremyer.com/",""
"Віктор","Готель / Гостиниця","Україна","","office@san-victor.com.ua"
"Богема","Готель / Гостиниця","Україна","","office@bogema.com.ua"
"Східницькі Карпати","Готель / Гостиниця","Україна","",""
"Ahotel","Готель / Гостиниця","Україна","",""
"Нафтуся Hotel","Готель / Гостиниця","Україна","https://naftusia-hotel.com.ua/","mail@naftusia-hotel.com.ua"
"Сідус","Готель / Гостиниця","Україна","",""
"Сузір’я","Готель / Гостиниця","Україна","","syziria@yandex.ua"
"Алькор","Готель / Гостиниця","Україна","https://www.alkorhotel.com.ua/","info@alkorhotel.com.ua"
"Гостиниця для священнослужителів","Готель / Гостиниця","Україна","",""
"Президент Готель","Готель / Гостиниця","Україна","https://president-hotel.com.ua/",""
"Авіаносець","Готель / Гостиниця","Чортків","",""
"Citadel Inn Hotel & Resort","Готель / Гостиниця","Україна","https://citadel-inn.com.ua/","info@citadel-inn.com.ua; sales@citadel-inn.com.ua; reservation@citadel-inn.com.ua; pr@citadel-inn.com.ua; i.konoshenko@citadel-inn.com.ua"
"Деліс","Готель / Гостиниця","Україна","",""
"Готель ""Карамель""","Готель / Гостиниця","Україна","",""
"Готельно-ресторанний комплекс ""Одеса""","Готель / Гостиниця","Україна","",""
"Senator Apartments Maidan","Готель / Гостиниця","Україна","",""
"Готель Едельвейс","Готель / Гостиниця","Україна","",""
"Причал","Готель / Гостиниця","Україна","",""
"Капитан","Готель / Гостиниця","Приморский","",""
"Ізмаїл","Готель / Гостиниця","Україна","",""
"Bessarabia","Готель / Гостиниця","Україна","",""
"Old Town","Готель / Гостиниця","Україна","",""
"City Apartments","Готель / Гостиниця","Україна","",""
"Дюк","Готель / Гостиниця","Україна","",""
"Комплекс відпочинку ""Palais Royal""","Готель / Гостиниця","Україна","",""
"Ayvazovsky","Готель / Гостиниця","Україна","",""
"Zenith","Готель / Гостиниця","Україна","",""
"Готель ""London""","Готель / Гостиниця","Україна","",""
"Domus","Готель / Гостиниця","Україна","www.domus-hotel.kiev.ua",""
"Marlin","Готель / Гостиниця","Україна","",""
"Готель ""Перлина""","Готель / Гостиниця","Україна","https://perlina-hotel.com/","perlina.odessa@gmail.com"
"Дунай","Готель / Гостиниця","Україна","",""
"База відпочинку «Берізка»","Готель / Гостиниця","Україна","",""
"Раліко","Готель / Гостиниця","Україна","",""
"Готель ""Лермонтовський""","Готель / Гостиниця","Україна","https://lermontovskiy.com.ua/",""
"Готель ""Відрада""","Готель / Гостиниця","Україна","",""
"Premier Compass Hotel Odesa","Готель / Гостиниця","Україна","https://odessa-hotel.phnr.com/",""
"Чорне Море Бугаз","Готель / Гостиниця","Україна","http://www.bs-hotel.com.ua/hotel/bugaz","hotel.bugaz@gmail.com"
"Clear House","Готель / Гостиниця","Україна","",""
"Чернівці Арбат","Готель / Гостиниця","Чернівці","",""
"Восход","Готель / Гостиниця","Україна","",""
"Бахмут","Готель / Гостиниця","Україна","",""
"Комплекс відпочинку та розваг «Труханів»","Готель / Гостиниця","Україна","",""
"База відпочинку «Атіка»","Готель / Гостиниця","Україна","",""
"Київ-С","Готель / Гостиниця","Україна","",""
"Готель Нива","Готель / Гостиниця","Україна","",""
"Готель-спа ""Респект"" Східниця","Готель / Гостиниця","Україна","https://www.respecthotel.com.ua","info@respecthotel.com.ua"
"Рейкарц Двірець Львів","Готель / Гостиниця","Україна","https://reikartz.com/uk/hotels/dworzec","dworzec.lviv@reikartz.com"
"Пластова домівка","Готель / Гостиниця","Україна","",""
"Abrikos Hostel","Готель / Гостиниця","Україна","",""
"Nyvky Plaza","Готель / Гостиниця","Україна","https://www.nyvkyhotel.com/","nyvkyhotel@gmail.com"
"Мотель, Бар, Ресторан, Перукарня","Готель / Гостиниця","Новий Буг","",""
"Турянська долина","Готель / Гостиниця","Перечин","",""
"Етна","Готель / Гостиниця","Україна","",""
"Санаторий «Предгорный»","Готель / Гостиниця","Україна","",""
"Золотий Лев","Готель / Гостиниця","Україна","",""
"Детский оздоровительный лагерь «Гренада»","Готель / Гостиниця","Україна","",""
"База відпочинку Райдуга","Готель / Гостиниця","Україна","",""
"Пансіонат ""Сокіл""","Готель / Гостиниця","Україна","",""
"Приватна садиба ""Санта-Лючія""","Готель / Гостиниця","Україна","http://www.santaluchia.com.ua",""
"Eco village","Готель / Гостиниця","Україна","",""
"Приватна садиба ""Диканька""","Готель / Гостиниця","Україна","",""
"Optima Суми","Готель / Гостиниця","Україна","",""
"Экология","Готель / Гостиниця","Кореиз","",""
"Готельний комплекс ""Перлина""","Готель / Гостиниця","Україна","",""
"Хилтон","Готель / Гостиниця","Україна","",""
"Гостевой Дом Таир","Готель / Гостиниця","Україна","",""
"Перлина Поділля","Готель / Гостиниця","Україна","",""
"Бодрость","Готель / Гостиниця","Україна","",""
"Гостинний Двір ""Дворцовий""","Готель / Гостиниця","Україна","",""
"Андінна","Готель / Гостиниця","Україна","",""
"Nobilis","Готель / Гостиниця","Україна","",""
"Ambassador Plaza","Готель / Гостиниця","Україна","https://ambassador-hotel.com.ua/","ambassadorplaza@gmail.com"
"Фортеця Гетьман","Готель / Гостиниця","Україна","",""
"Байк готель","Готель / Гостиниця","Україна","",""
"Терра Нова","Готель / Гостиниця","Україна","",""
"Президент","Готель / Гостиниця","Україна","",""
"City Holiday Resort & SPA","Готель / Гостиниця","Україна","",""
"Jeval","Готель / Гостиниця","Україна","",""
"Готель ""Пирятин""","Готель / Гостиниця","Україна","",""
"Готельно-розважальний комплекс ""Олексія""","Готель / Гостиниця","Україна","",""
"Пансіонат ""У Богдани""","Готель / Гостиниця","Україна","",""
"Пансіонат ""Морський""","Готель / Гостиниця","Україна","www.morskoy.kherson.ua",""
"На Рилєєва","Готель / Гостиниця","Україна","",""
"Готель «Кремінь»","Готель / Гостиниця","Україна","https://www.kreminhotel.com.ua/","info@kreminhotel.com.ua"
"НТОН","Готель / Гостиниця","Україна","",""
"Гірський готель ""Карпатські Полонини""","Готель / Гостиниця","Україна","https://greentourism.com.ua/","inbox@greentourism.com.ua"
"Санаторій "" Вернигора"" + реабілітаційний центр ""Modrychi""","Готель / Гостиниця","Україна","",""
"Санаторій «Карпатські Зорі»","Готель / Гостиниця","Україна","",""
"Санаторій «Нафтуся»","Готель / Гостиниця","Україна","",""
"Ramada Encore Kiev","Готель / Гостиниця","Україна","",""
"Максим","Готель / Гостиниця","Україна","",""
"Московский дворик","Готель / Гостиниця","Україна","",""
"У Гавриловича","Готель / Гостиниця","Україна","",""
"Харків","Готель / Гостиниця","Україна","https://www.hotel.kharkov.com","reservation@hotel.kharkov.com"
"Vilari","Готель / Гостиниця","Україна","",""
"Капуста","Готель / Гостиниця","Україна","kohl-hotel.com.ua",""
"Північні служби","Готель / Гостиниця","Україна","",""
"Будинок творчості вчених","Готель / Гостиниця","Україна","",""
"Чічіков","Готель / Гостиниця","Україна","https://www.chichikov-hotel.com.ua/","info@chichikov-hotel.com.ua"
"Premier Hotel Aurora","Готель / Гостиниця","Україна","https://aurora-hotel.phnr.com/ua","reservation@hotel-aurora.com.ua"
"Віконт","Готель / Гостиниця","Україна","",""
"Comfort","Готель / Гостиниця","Україна","",""
"Кураж","Готель / Гостиниця","Україна","",""
"Медова печера","Готель / Гостиниця","Україна","",""
"Big house","Готель / Гостиниця","Україна","",""
"Гірський Тікич","Готель / Гостиниця","Україна","",""
"Братислава","Готель / Гостиниця","Україна","",""
"Металург","Готель / Гостиниця","Україна","",""
"Олександрівський","Готель / Гостиниця","Україна","",""
"Тамплієр","Готель / Гостиниця","Україна","",""
"Юхнович","Готель / Гостиниця","Україна","",""
"Гостевой Дом ""Русская Бухта""","Готель / Гостиниця","Україна","",""
"Казантип","Готель / Гостиниця","Україна","",""
"Гостинниця","Готель / Гостиниця","Україна","",""
"Готель Плай","Готель / Гостиниця","Україна","https://play-karpaty.com/hotely/hotel_play/",""
"Готель Верховина","Готель / Гостиниця","Україна","",""
"Васкул","Готель / Гостиниця","Україна","",""
"На березі","Готель / Гостиниця","Україна","",""
"Верба","Готель / Гостиниця","Україна","",""
"Tetiana","Готель / Гостиниця","Україна","",""
"Турбаза „Динамо“","Готель / Гостиниця","Україна","",""
"Готельний комплекс ""Три Сини та Донька"" 4*","Готель / Гостиниця","Україна","https://trysyny.com/uk",""
"Лісова казка у пані Стефанії","Готель / Гостиниця","Славське","",""
"Каравела","Готель / Гостиниця","Україна","",""
"Горицвіт","Готель / Гостиниця","Україна","",""
"Ковальська садиба","Готель / Гостиниця","Україна","",""
"Shelter club hotel&spa","Готель / Гостиниця","Україна","http://www.shelter-club.com.ua/","alekrus@list.ru"
"Терем","Готель / Гостиниця","Україна","",""
"Готельно-відпочинковий комплекс ""Карпатський Затишок""","Готель / Гостиниця","Україна","http://zatyshok.lviv.ua/",""
"Санаторій ""Джерельний""","Готель / Гостиниця","Україна","",""
"Мегора","Готель / Гостиниця","Україна","",""
"Пушка","Готель / Гостиниця","Україна","",""
"Семейный отдых","Готель / Гостиниця","Евпатория","",""
"Літо","Готель / Гостиниця","Україна","",""
"Замок Лева","Готель / Гостиниця","Україна","https://www.lioncastlehotel.com/",""
"Сніжна Королева","Готель / Гостиниця","Україна","",""
"База Романовского","Готель / Гостиниця","Україна","",""
"Домик Лесника","Готель / Гостиниця","Україна","",""
"Гостинний комплекс «Чайка»","Готель / Гостиниця","Україна","http://hotel-chayka.org.ua/","info@hotel-chayka.org.ua"
"Каліфорнія","Готель / Гостиниця","Україна","https://hotelcaliforniaodessa.com/","manager@hotelcaliforniaodessa.com"
"Привілля","Готель / Гостиниця","Україна","",""
"Готель Клен","Готель / Гостиниця","Україна","",""
"Пентхаус","Готель / Гостиниця","Україна","",""
"Калифорния","Готель / Гостиниця","Україна","",""
"Ніжин","Готель / Гостиниця","Україна","",""
"Авалон Палац","Готель / Гостиниця","Україна","",""
"Замок Викинг","Готель / Гостиниця","Україна","",""
"Відрадне","Готель / Гостиниця","Україна","",""
"Ламбада","Готель / Гостиниця","Україна","",""
"Муравейник","Готель / Гостиниця","Україна","",""
"Божья коровка","Готель / Гостиниця","Україна","",""
"R-Lux","Готель / Гостиниця","Україна","",""
"ТЕФИДА","Готель / Гостиниця","Україна","",""
"Адмирал-клуб","Готель / Гостиниця","Україна","",""
"FIDEL","Готель / Гостиниця","Україна","",""
"Гастгоф-база","Готель / Гостиниця","Україна","",""
"Боровик","Готель / Гостиниця","Україна","",""
"Котедж ""Лісова галявина""","Готель / Гостиниця","Україна","",""
"Фастів","Готель / Гостиниця","Україна","",""
"Ritsk","Готель / Гостиниця","Україна","https://hotelritsk.com/","hotelritsk@gmail.com"
"М1","Готель / Гостиниця","Україна","",""
"Находка","Готель / Гостиниця","Україна","",""
"Vele Rosse","Готель / Гостиниця","Україна","",""
"Гуртожиток № 19","Готель / Гостиниця","Україна","",""
"Бенефит","Готель / Гостиниця","Україна","",""
"Лагерь ""Ровесник""","Готель / Гостиниця","Україна","",""
"Мини-отель ""Мария""","Готель / Гостиниця","Україна","",""
"11 Mirrors","Готель / Гостиниця","Україна","",""
"Зелений ставок","Готель / Гостиниця","Україна","",""
"Еко-дім у лісі","Готель / Гостиниця","Україна","",""
"Пектораль (спа-готель)","Готель / Гостиниця","Україна","",""
"Палац Україна","Готель / Гостиниця","Україна","",""
"Asiya","Готель / Гостиниця","Україна","https://asiyahotel.com/",""
"Віце-адмірала Азарова 1","Готель / Гостиниця","Україна","",""
"Каскад","Готель / Гостиниця","Україна","",""
"Таврида","Готель / Гостиниця","Україна","","yalta-tavrida-1875@yandex.ru"
"Лучи","Готель / Гостиниця","Україна","",""
"Голд Георг Палац","Готель / Гостиниця","Україна","",""
"Машинобудівник","Готель / Гостиниця","Україна","",""
"Dr Zaharov Residence & SPA","Готель / Гостиниця","Україна","",""
"ТОК ""Орлинный залёт""","Готель / Гостиниця","Україна","",""
"Noble","Готель / Гостиниця","Україна","","reservation@noblehotel.com.ua"
"КП ""Спутник""","Готель / Гостиниця","Україна","",""
"Готель ""Чорний Принц""","Готель / Гостиниця","Україна","",""
"Санаторий Москва","Готель / Гостиниця","Україна","",""
"Варшава","Готель / Гостиниця","Україна","http://warszawa-hotel.com.ua/","warszawa.vip@gmail.com"
"Прип’ять","Готель / Гостиниця","Україна","",""
"Пансионат ""Азовский""","Готель / Гостиниця","Україна","",""
"Парк-готель Чернігів","Готель / Гостиниця","Україна","https://www.park-hotel.cn.ua/",""
"Віраж","Готель / Гостиниця","Україна","http://hotelvirage.com/","info@hotelvirage.com"
"Спарта","Готель / Гостиниця","Україна","http://sparta-hotel.com","info@sparta-hotel.com"
"Заїжджий двір","Готель / Гостиниця","Україна","",""
"Прикарпаття","Готель / Гостиниця","Україна","",""
"Отдых","Готель / Гостиниця","Україна","",""
"Актер Парк-Отель","Готель / Гостиниця","Україна","",""
"Holiday Inn Kyiv","Готель / Гостиниця","Україна","",""
"Elissa","Готель / Гостиниця","Україна","",""
"Санаторий «Энергетик»","Готель / Гостиниця","Україна","",""
"Bis House","Готель / Гостиниця","Україна","",""
"Над Вичов","Готель / Гостиниця","Україна","",""
"VIP Hotel","Готель / Гостиниця","Україна","",""
"Спортивно-оздоровча база ""Фортуна""","Готель / Гостиниця","Україна","",""
"Кастрополь","Готель / Гостиниця","Україна","",""
"Готель ""Сілур""","Готель / Гостиниця","Україна","",""
"Палас","Готель / Гостиниця","Україна","http://www.hotel-palas.com.ua",""
"Империал 2011","Готель / Гостиниця","Україна","",""
"""Майстер і Маргарита""","Готель / Гостиниця","Кролевец","",""
"Янтарь 1","Готель / Гостиниця","Україна","",""
"Янтар 3","Готель / Гостиниця","Україна","",""
"Янтарь 2","Готель / Гостиниця","Україна","",""
"Admiral Club Hotel","Готель / Гостиниця","Україна","",""
"Конференц-Хол Ірпінь","Готель / Гостиниця","Україна","",""
"Запорожье","Готель / Гостиниця","Україна","",""
"5-й Океан","Готель / Гостиниця","Україна","http://rosavia.com.ua/ru/otel-restaurant/",""
"Черноморье","Готель / Гостиниця","Україна","",""
"Кичкине","Готель / Гостиниця","Україна","http://hotelpanukraine.com",""
"Россия, корпус 1","Готель / Гостиниця","Україна","",""
"Санаторий имени Кирова","Готель / Гостиниця","Україна","",""
"Днепр","Готель / Гостиниця","Україна","",""
"Нашотель","Готель / Гостиниця","Україна","http://www.nashotel.com.ua/",""
"Ужгород","Готель / Гостиниця","Україна","https://hoteluzhgorod.com/","reservation@hoteluzhgorod.com"
"Ажіо-Тур","Готель / Гостиниця","Колочава","",""
"Садиба «КОЛОЧАВА-ЛАЗ»","Готель / Гостиниця","Україна","",""
"Аратта","Готель / Гостиниця","Україна","",""
"Коляда","Готель / Гостиниця","Україна","",""
"Babushka beach house","Готель / Гостиниця","Україна","",""
"Відпочинковий комплекс ""СВ""","Готель / Гостиниця","Україна","",""
"Готель СВ","Готель / Гостиниця","Україна","https://www.hotelsv.net/","sv_hotel@ukr.net"
"Palmira Palace","Готель / Гостиниця","Україна","",""
"Караван","Готель / Гостиниця","Україна","",""
"Лісова Перлина","Готель / Гостиниця","Україна","","forestpearllviv@gmail.com"
"Манжелія","Готель / Гостиниця","Україна","",""
"Hostel and Co-working cener ""Never Give Up""","Готель / Гостиниця","Україна","","ngucenter@gmail.com"
"Villa Bianka","Готель / Гостиниця","Україна","",""
"Левант","Готель / Гостиниця","Україна","",""
"Вилла Багратион","Готель / Гостиниця","Україна","",""
"Любокрай","Готель / Гостиниця","Україна","",""
"Pallada","Готель / Гостиниця","Україна","https://palladahotel.com.ua","16d4dd457ab8dff703e17229843bc574@sentry.bt.sharkscode.com"
"Країна Мрій","Готель / Гостиниця","Україна","",""
"Friend's House","Готель / Гостиниця","Україна","",""
"Галіція","Готель / Гостиниця","Україна","",""
"Пансион","Готель / Гостиниця","Україна","",""
"Respect Hall","Готель / Гостиниця","Україна","",""
"Пансіонат ""Одеса""","Готель / Гостиниця","Україна","",""
"Согдиана","Готель / Гостиниця","Україна","",""
"Готель ""Santa Maria""","Готель / Гостиниця","Україна","https://santamaria.com.ua/","santa-maria@ukr.net"
"Коттедж № 56 Семейный","Готель / Гостиниця","Україна","","letokrim.in.ua@yandex.ru"
"Корпус №1 Люкс","Готель / Гостиниця","Україна","",""
"Роскошь","Готель / Гостиниця","Україна","",""
"Гостинница ""Atrium King’s way""","Готель / Гостиниця","Україна","",""
"Гостевой дом «Мераба»","Готель / Гостиниця","Україна","",""
"Міні пансіонат ""У Елли""","Готель / Гостиниця","Седово","",""
"Времена Года","Готель / Гостиниця","Україна","",""
"Reikartz Дніпропетровськ","Готель / Гостиниця","Україна","https://reikartz.com/ru/hotels/dnepropetrovsk",""
"Миргород","Готель / Гостиниця","Україна","",""
"Інзов","Готель / Гостиниця","Україна","",""
"Едінбург","Готель / Гостиниця","Україна","",""
"Отель «Ай-Тодор» (корпус №1)","Готель / Гостиниця","Україна","","rudalana@rambler.ru"
"Отель «Ай-Тодор» (Корпус №2)","Готель / Гостиниця","Україна","",""
"Отель «Ай-Тодор» (корпус №3)","Готель / Гостиниця","Україна","",""
"Пансионат Лазурный","Готель / Гостиниця","Україна","","lazurniy.koktebel@gmail.com"
"Чайная горка","Готель / Гостиниця","Україна","",""
"Славянский Альянс","Готель / Гостиниця","Україна","https://www.hotel-slavalyans.com.ua",""
"Готель ""Україна"" не працює","Готель / Гостиниця","Україна","",""
"Медичний центр ВВ МВС «Нові Санжари»","Готель / Гостиниця","Україна","",""
"Гетьманський двір","Готель / Гостиниця","Україна","",""
"Блакитні озера","Готель / Гостиниця","Україна","",""
"«Пуща» конгрес-готель","Готель / Гостиниця","Україна","",""
"Бриз-Морское","Готель / Гостиниця","Україна","",""
"Макоротники","Готель / Гостиниця","Україна","",""
"Сосновий спа-курорт Буймерівка","Готель / Гостиниця","Україна","",""
"Свидовець","Готель / Гостиниця","Україна","",""
"Стара Синява","Готель / Гостиниця","Україна","",""
"Шенген","Готель / Гостиниця","Україна","","shengen.kr@mail.ru"
"База ""Сорокошичі""","Готель / Гостиниця","Україна","",""
"База Пелікан","Готель / Гостиниця","Україна","",""
"ОРБ ""Вершина""","Готель / Гостиниця","Україна","",""
"Рибальсько-мисливська база ""ЕкоДніпро""","Готель / Гостиниця","Україна","",""
"Плавбаза Нептун","Готель / Гостиниця","Україна","",""
"Петрівський","Готель / Гостиниця","Україна","",""
"Боржава","Готель / Гостиниця","Довге","",""
"Січ","Готель / Гостиниця","Україна","",""
"База відпочинку «Жемчужина»","Готель / Гостиниця","Україна","",""
"Окуніново (мисливське господарство)","Готель / Гостиниця","Україна","",""
"Жива вода","Готель / Гостиниця","Україна","",""
"Бандерштадт","Готель / Гостиниця","Україна","","elit_if@i.ua"
"Комплекс Эллада (корпус ""Парк"")","Готель / Гостиниця","Україна","https://ellada-hotel.com/","info@ellada-hotel.com; ellada.hotell@yandex.ru"
"Комплекс Эллада (корпус ""Пляж"")","Готель / Гостиниця","Семидворье","https://ellada-hotel.com","info@ellada-hotel.com; ellada.hotell@yandex.ru"
"Комплекс Эллада (корпус ""Клуб"")","Готель / Гостиниця","Україна","https://ellada-hotel.com/","info@ellada-hotel.com; ellada.hotell@yandex.ru"
"Дача № 1","Готель / Гостиниця","Україна","",""
"GUT","Готель / Гостиниця","Україна","",""
"Гуртожиток НКМЗ №1","Готель / Гостиниця","Україна","",""
"Маковиця","Готель / Гостиниця","Україна","",""
"Воєводино","Готель / Гостиниця","Тур’я Пасіка","",""
"Диканька","Готель / Гостиниця","Україна","",""
"ПП ""Хомініч""","Готель / Гостиниця","Україна","",""
"Мари-Анна","Готель / Гостиниця","Україна","",""
"KRM","Готель / Гостиниця","Україна","",""
"WarmSky","Готель / Гостиниця","Україна","",""
"Микулинка","Готель / Гостиниця","Україна","",""
"Ташир","Готель / Гостиниця","Україна","",""
"санаторий Golden","Готель / Гостиниця","Україна","",""
"Турбаза в Оленевке","Готель / Гостиниця","Україна","",""
"ДЕАЗ","Готель / Гостиниця","Юркино","","pansionatdeaz@narod.ru"
"4 сезона","Готель / Гостиниця","Україна","",""
"Пансионат Сказка","Готель / Гостиниця","Україна","",""
"База отдыха Альбатрос","Готель / Гостиниця","Україна","",""
"Лечебно-оздоровительный центр завода ""Залив""","Готель / Гостиниця","Україна","",""
"Симейный отель ""Китей""","Готель / Гостиниця","Україна","",""
"Пансионат ""Дружба""","Готель / Гостиниця","Україна","",""
"База отдыха ""Жемчужный""","Готель / Гостиниця","Україна","",""
"Пансионат ""Любава""","Готель / Гостиниця","Україна","",""
"Пансионат ЖРД","Готель / Гостиниця","Україна","",""
"Пансионат ""Рудный""","Готель / Гостиниця","Україна","",""
"Пансионат ""Ласточка""","Готель / Гостиниця","Україна","",""
"База отдыха ""Черноморская""","Готель / Гостиниця","Україна","",""
"Пансионат ЖРК ""Эльтиген""","Готель / Гостиниця","Україна","",""
"Пансионат ""Залив""","Готель / Гостиниця","Україна","",""
"Еліт центр","Готель / Гостиниця","Україна","",""
"Алвис","Готель / Гостиниця","Україна","",""
"GranD","Готель / Гостиниця","Україна","http://www.otel-grand.com/","otel-grand@mail.ru"
"Сваты","Готель / Гостиниця","Массандра","",""
"Дом отдыха ""Молодежный""","Готель / Гостиниця","Україна","",""
"Аю-Даг","Готель / Гостиниця","Україна","",""
"Тиссен-Хаус","Готель / Гостиниця","Україна","",""
"Главный корпус лагеря Кипарисный","Готель / Гостиниця","Україна","",""
"Вилла ""Мишель""","Готель / Гостиниця","Україна","",""
"Санаторий ""Черноморский""","Готель / Гостиниця","Україна","",""
"Турбаза Кичкине","Готель / Гостиниця","Україна","",""
"Крымский","Готель / Гостиниця","Україна","https://www.krimsky-hotel.crimea.ua/",""
"Лазурный Элит","Готель / Гостиниця","Україна","",""
"Пансионат ""Ай-Лия""","Готель / Гостиниця","Україна","",""
"Санаторий «Карабах»","Готель / Гостиниця","Україна","",""
"Детский лагерь ""Жемчужный берег""","Готель / Гостиниця","Україна","",""
"Гостиница ""Нарлен""","Готель / Гостиниця","Україна","","bron@narlen.ru"
"Апарт-отель ""Арго""","Готель / Гостиниця","Україна","","ark@hotelargo.ru"
"База отдыха ""Якорь""","Готель / Гостиниця","Україна","",""
"ДОЛ ""Восход""","Готель / Гостиниця","Україна","",""
"Дом творчества писателей им.Чехова","Готель / Гостиниця","Україна","https://www.pansionat-chehov.com.ua/",""
"Дарсан","Готель / Гостиниця","Україна","https://motel-darsan.com.ua/",""
"База отдыха ""Троянда""","Готель / Гостиниця","Україна","",""
"Оздоровительно-спортивный лагерь ""Икар""","Готель / Гостиниця","Україна","",""
"Машівський Бір","Готель / Гостиниця","Україна","",""
"ДжентельМен","Готель / Гостиниця","Україна","","gentleman_hotel@ukr.net"
"Горный воздух","Готель / Гостиниця","Україна","",""
"Лана","Готель / Гостиниця","Україна","",""
"База отдыха ""Натан""","Готель / Гостиниця","Україна","",""
"Тясмин","Готель / Гостиниця","Україна","",""
"Домики в аренду","Готель / Гостиниця","Україна","",""
"СОК ""Смена""","Готель / Гостиниця","Україна","",""
"Лісна галявина","Готель / Гостиниця","Україна","",""
"Пансионат ""Солнечный""","Готель / Гостиниця","Україна","",""
"Детский лагерь ""Дельфин""","Готель / Гостиниця","Україна","",""
"База отдыха ""Парус""","Готель / Гостиниця","Україна","",""
"Гостевой дом ""Саванна""","Готель / Гостиниця","Україна","",""
"Червоний Промінь","Готель / Гостиниця","Україна","",""
"Бобри Плюс","Готель / Гостиниця","Нововолинськ","",""
"Готель «Антрацит»","Готель / Гостиниця","Україна","",""
"Готельний комплекс «Воскресенський»","Готель / Гостиниця","Україна","",""
"Карпатські барви","Готель / Гостиниця","Україна","",""
"Садиба ""Згарда""","Готель / Гостиниця","Україна","",""
"Леотель","Готель / Гостиниця","Україна","https://leotel.lviv.ua/","info@leotel.lviv.ua; manager.leotel@gmail.com"
"Детский оздоровительный лагерь ""Южный""","Готель / Гостиниця","Україна","",""
"Санаторий ""Песчаное""","Готель / Гостиниця","Україна","",""
"База відпочинку Лагуна","Готель / Гостиниця","Україна","http://laguna.cc/",""
"База відпочинку «Пелікан»","Готель / Гостиниця","Україна","",""
"База відпочинку «Штиинца»","Готель / Гостиниця","Україна","",""
"Пансионат ""Украина-1""","Готель / Гостиниця","Україна","",""
"Золотий ключик","Готель / Гостиниця","Україна","",""
"База відпочинку ""Автомобіліст-2""","Готель / Гостиниця","Україна","",""
"Чайка 2","Готель / Гостиниця","Україна","",""
"База відпочинку «Меркурій»","Готель / Гостиниця","Україна","",""
"База відпочинку ""Сигнал""","Готель / Гостиниця","Україна","",""
"База відпочинку «Січ»","Готель / Гостиниця","Україна","",""
"Happy Inn","Готель / Гостиниця","Україна","","happy.hotel.bugaz@gmail.com"
"У Влада","Готель / Гостиниця","Україна","",""
"Пансионат ""Солнечная долина""","Готель / Гостиниця","Україна","",""
"Пансионат ""Золотой берег""","Готель / Гостиниця","Україна","",""
"Лагерь ""Родина мира""","Готель / Гостиниця","Україна","",""
"Зруб ""Федотова коса""","Готель / Гостиниця","Україна","",""
"Айвенго","Готель / Гостиниця","Україна","",""
"Вручий","Готель / Гостиниця","Україна","",""
"Балькон","Готель / Гостиниця","Україна","",""
"Гостевой дом ""Bahitgul""","Готель / Гостиниця","Україна","",""
"MAJESTIC HOTEL","Готель / Гостиниця","Україна","",""
"Балаклавский Эдем","Готель / Гостиниця","Україна","",""
"Олімпійський","Готель / Гостиниця","Україна","",""
"Гранде Петтіне","Готель / Гостиниця","Україна","",""
"У Кондора","Готель / Гостиниця","Україна","",""
"Patio di fiori","Готель / Гостиниця","Україна","",""
"Гостиница ""Любоморье""","Готель / Гостиниця","Україна","",""
"Сонис","Готель / Гостиниця","Україна","",""
"База отдыха ""Яркий берег""","Готель / Гостиниця","Україна","",""
"БлагоЛюбоМорье","Готель / Гостиниця","Україна","",""
"Коттедж ""Елена""","Готель / Гостиниця","Україна","",""
"Вилла Ольга","Готель / Гостиниця","Феодосия","",""
"Ани","Готель / Гостиниця","Шостка","",""
"база отдыха ""Полет""","Готель / Гостиниця","Україна","",""
"Райський яр","Готель / Гостиниця","Україна","",""
"Детский пансионат ""Чайка""","Готель / Гостиниця","Україна","",""
"Пансионат ""Рассвет""","Готель / Гостиниця","Україна","",""
"Пектораль","Готель / Гостиниця","Україна","http://pectoral-hotel.com.ua",""
"Panzió","Готель / Гостиниця","Україна","",""
"Оазис мотель","Готель / Гостиниця","Україна","",""
"Дельфін, база відпочинку","Готель / Гостиниця","Україна","",""
"Лісова садиба","Готель / Гостиниця","Україна","",""
"Парк Симеиз","Готель / Гостиниця","Симеиз","","topsimeiz@mail.ru"
"Пансіонат ""Нові Санжари""","Готель / Гостиниця","Україна","",""
"Бегемот","Готель / Гостиниця","Україна","","begemot20031@rambler.ru"
"Вилла Елена-F","Готель / Гостиниця","Україна","",""
"Дубно","Готель / Гостиниця","Дубно","",""
"Мараканд","Готель / Гостиниця","Україна","http://www.marakand-hotel.com/",""
"Мини-гостиница ""Лагуна""","Готель / Гостиниця","Україна","",""
"Гостевой дом ""Алладин""","Готель / Гостиниця","Україна","",""
"база отдыха ""Пальмира""","Готель / Гостиниця","Україна","http://palmira-crimea.com.ua/",""
"Ярылгач","Готель / Гостиниця","Україна","",""
"Парк-отель РИО","Готель / Гостиниця","Україна","",""
"Заграва","Готель / Гостиниця","Україна","",""
"Отель Ларино","Готель / Гостиниця","Марьино","https://tarhankyt.com.ua/","larinoiko@gmail.com"
"Егоїст","Готель / Гостиниця","Україна","",""
"Парк-отель ""Прага""","Готель / Гостиниця","Україна","",""
"У верблюжьих горбов","Готель / Гостиниця","Україна","","mamsel@bk.ru"
"Paradis","Готель / Гостиниця","Україна","",""
"Отель Бирюзовая Бухта","Готель / Гостиниця","Україна","",""
"База отдыха «Солнечная»","Готель / Гостиниця","Україна","",""
"Пансионат «Заря»","Готель / Гостиниця","Україна","",""
"Optima Collection Park Hotel","Готель / Гостиниця","Україна","","reception@parkhotel.com.ua"
"Пансионат ""Альбатрос""","Готель / Гостиниця","Україна","",""
"Куприн","Готель / Гостиниця","Україна","",""
"Янтар","Готель / Гостиниця","Сторожниця","",""
"Готель/гуртожиток","Готель / Гостиниця","Україна","",""
"Old Continent","Готель / Гостиниця","Україна","https://www.hotel-oldcontinent.com/","info@hotel-oldcontinent.com"
"Мала штація","Готель / Гостиниця","Україна","http://varosh.com.ua/all/post/miscyashow/gotel-mala-shtaciya-laskavo-prosimo-v-dovonnij-uzhgorod","editor@varosh.com.ua; rosana.tuzhanska@ices.org.ua; halyna.hychka@ices.org.ua; partnership@varosh.com.ua; dmytro.tuzhanskyi@ices.org.ua"
"Countryside cottage ""Chernobyl Hotel""","Готель / Гостиниця","Orane","https://chernobylhotel.com","soloeast@me.com"
"Дует Плюс","Готель / Гостиниця","Україна","http://www.hotel-duet.com/","reception@hotel-duet.com"
"Місто","Готель / Гостиниця","Україна","",""
"Свема","Готель / Гостиниця","Шостка","",""
"Еллада","Готель / Гостиниця","Україна","https://elladahotel.com/",""
"Мотель ""Джерело""","Готель / Гостиниця","Україна","",""
"Унгварський","Готель / Гостиниця","Україна","https://ungvarskiy-hotel.com.ua/","tourmanager@ungvarskiy-hotel.com.ua"
"Стара губернія","Готель / Гостиниця","Україна","","info@gubernia.com.ua"
"Дубки","Готель / Гостиниця","Україна","",""
"Садки","Готель / Гостиниця","Україна","",""
"Домашній готель","Готель / Гостиниця","Україна","",""
"Готель Едем","Готель / Гостиниця","Бережани","",""
"Краєвид","Готель / Гостиниця","Україна","",""
"VIVA Club","Готель / Гостиниця","Україна","",""
"б/о ""Романтика""","Готель / Гостиниця","Затока","",""
"б/о ""Парус""","Готель / Гостиниця","Україна","",""
"Нікополь","Готель / Гостиниця","Україна","",""
"Complex Zolota Pidkova","Готель / Гостиниця","Україна","",""
"Формула-1","Готель / Гостиниця","Україна","",""
"Південний Буг","Готель / Гостиниця","Україна","",""
"Пансионат ""Сердоликовая бухта""","Готель / Гостиниця","Україна","","buxta@rambler.ru"
"Хоттей","Готель / Гостиниця","Україна","",""
"Коралі","Готель / Гостиниця","Україна","",""
"Вишиванки","Готель / Гостиниця","Україна","",""
"Говерла","Готель / Гостиниця","Україна","",""
"У Мар'яни і Назара","Готель / Гостиниця","Україна","",""
"Кам'яний Двір","Готель / Гостиниця","Україна","https://kamendvir.com.ua","kamendvir@gmail.com"
"Альпина","Готель / Гостиниця","Україна","",""
"Морське око","Готель / Гостиниця","Україна","",""
"Краса Карпат","Готель / Гостиниця","Україна","",""
"Гостинець","Готель / Гостиниця","Україна","",""
"Осколок Довбуша","Готель / Гостиниця","Україна","",""
"Цвіт папороті","Готель / Гостиниця","Україна","",""
"Барви скелі","Готель / Гостиниця","Україна","",""
"Водоспад","Готель / Гостиниця","Україна","http://hotelvodospad.com.ua/",""
"У діда Віктора","Готель / Гостиниця","Яремче","",""
"Красна садиба","Готель / Гостиниця","Яремче","http://krasnasadyba.if.ua/",""
"Станіславський","Готель / Гостиниця","Україна","",""
"Вуйко","Готель / Гостиниця","Україна","",""
"База відпочинку ""Феросплавник""","Готель / Гостиниця","Україна","",""
"Бистриця Люкс","Готель / Гостиниця","Україна","",""
"Котедж ""Над потоком""","Готель / Гостиниця","Коростов","",""
"Регата","Готель / Гостиниця","Україна","",""
"Пік готель","Готель / Гостиниця","Ясіня","https://pikhotel.com/",""
"Коблеве","Готель / Гостиниця","Україна","",""
"Усамітнення","Готель / Гостиниця","Україна","",""
"Ізумрудний","Готель / Гостиниця","Україна","",""
"База відпочинку ""Ватра""","Готель / Гостиниця","Україна","",""
"Зелемянка","Готель / Гостиниця","Україна","",""
"Rancho El Gaucho","Готель / Гостиниця","Україна","",""
"Закал","Готель / Гостиниця","Україна","",""
"Золоті піски","Готель / Гостиниця","Україна","",""
"Крепость Кафа","Готель / Гостиниця","Україна","","krepostkafa@yandex.ru"
"Жемчужине моря","Готель / Гостиниця","Україна","",""
"На Старшинова","Готель / Гостиниця","Україна","","nastarshinova@gmail.com"
"Ферросплавщик","Готель / Гостиниця","Україна","",""
"Мотель Млин","Готель / Гостиниця","Україна","",""
"Pansionat 1000 STARS Hotel","Готель / Гостиниця","Морское","","e3699@yandex.ru"
"RIO","Готель / Гостиниця","Україна","",""
"LiAn","Готель / Гостиниця","Волосянка","","got.lian@ukr.net"
"Гонтів Яр","Готель / Гостиниця","Україна","",""
"Т/б Бережок","Готель / Гостиниця","Україна","",""
"База отдыха Живописный уголок","Готель / Гостиниця","Україна","",""
"Санаторій «Кришталеве Джерело»","Готель / Гостиниця","Україна","https://kryshtaleve-dzherelo.com.ua/","kd@kryshtaleve-dzherelo.com.ua"
"Ельдорадо","Готель / Гостиниця","Україна","",""
"Квеле-Поляна","Готель / Гостиниця","Україна","",""
"На Киловой Горе","Готель / Гостиниця","Україна","",""
"Фаворит","Готель / Гостиниця","Україна","",""
"Гостиничный комплекс ""Усадьба""","Готель / Гостиниця","Україна","","shept@inbox.ru"
"Югра","Готель / Гостиниця","Україна","","ugra-krim@mail.ru"
"Тарантино","Готель / Гостиниця","Україна","",""
"Чорний замок","Готель / Гостиниця","Україна","",""
"Marco Polo Club","Готель / Гостиниця","Україна","",""
"Петровський","Готель / Гостиниця","Україна","",""
"Вербіж","Готель / Гостиниця","Україна","",""
"Льох","Готель / Гостиниця","Україна","",""
"Київ 365","Готель / Гостиниця","Україна","",""
"Турбаза ""Долина привидений""","Готель / Гостиниця","Україна","http://долина-привидений.рф/","viki.nosova@yandex.ru"
"Якорь","Готель / Гостиниця","Україна","",""
"Мотель „Русалка“","Готель / Гостиниця","Україна","",""
"Лето","Готель / Гостиниця","Україна","","leto@letohotel-rk.ru"
"Талисман Коктебеля","Готель / Гостиниця","Україна","",""
"Санаторій «Гірське повітря»","Готель / Гостиниця","Україна","",""
"Карпатські мандри","Готель / Гостиниця","Україна","",""
"Туркомплекс Ворохта. Корпус 3","Готель / Гостиниця","Україна","",""
"Туркомплекс Ворохта. Корпус 4","Готель / Гостиниця","Україна","",""
"Котедж «Мізина»","Готель / Гостиниця","Україна","",""
"Гетьманська Булава","Готель / Гостиниця","Поляниця","",""
"Dovbushanka","Готель / Гостиниця","Україна","",""
"Синьогора","Готель / Гостиниця","Україна","","synyogora@ukr.net"
"ТАОР Карпати","Готель / Гостиниця","Україна","","booking@taor.com.ua"
"Санаторій ""Смерічка""","Готель / Гостиниця","Україна","",""
"База відпочинку ""Майдан""","Готель / Гостиниця","Україна","",""
"Nord","Готель / Гостиниця","Україна","",""
"Бегемотик","Готель / Гостиниця","Україна","",""
"Біла лілія","Готель / Гостиниця","Україна","",""
"Білий лев","Готель / Гостиниця","Україна","",""
"Вертикаль (ММК Ілліча)","Готель / Гостиниця","Україна","",""
"Вілла SV","Готель / Гостиниця","Україна","",""
"Вілла Сан-Ремо","Готель / Гостиниця","Україна","",""
"Блакитна далечінь","Готель / Гостиниця","Україна","",""
"Містечко","Готель / Гостиниця","Україна","",""
"Грот","Готель / Гостиниця","Україна","",""
"Дика орхідея","Готель / Гостиниця","Україна","",""
"Доменщик","Готель / Гостиниця","Україна","",""
"Дюна","Готель / Гостиниця","Україна","",""
"Золотий пляж","Готель / Гостиниця","Україна","",""
"Кантрі","Готель / Гостиниця","Україна","",""
"Маяк (донбасводобуд)","Готель / Гостиниця","Україна","",""
"Меотида","Готель / Гостиниця","Україна","",""
"На Азовській","Готель / Гостиниця","Україна","",""
"Батьківський дім","Готель / Гостиниця","Україна","",""
"Пансіонат Луч (обленерго)","Готель / Гостиниця","Україна","",""
"Сан-Тропе","Готель / Гостиниця","Україна","",""
"Факел","Готель / Гостиниця","Україна","",""
"Клуб Сирена","Готель / Гостиниця","Україна","",""
"Пансіонат Світлана (Макіїввугілля)","Готель / Гостиниця","Україна","",""
"Кальмар","Готель / Гостиниця","Україна","",""
"Золотое Руно","Готель / Гостиниця","Україна","",""
"Райський куточок","Готель / Гостиниця","Україна","",""
"Санта-Марія","Готель / Гостиниця","Україна","",""
"Сонячний","Готель / Гостиниця","Україна","",""
"Азов'я","Готель / Гостиниця","Україна","",""
"Акватика","Готель / Гостиниця","Україна","",""
"Перли","Готель / Гостиниця","Україна","",""
"Мирний","Готель / Гостиниця","Україна","",""
"Русалочка","Готель / Гостиниця","Україна","",""
"Співдружність","Готель / Гостиниця","Україна","",""
"Будівельник","Готель / Гостиниця","Україна","",""
"Терра-Соларіс","Готель / Гостиниця","Україна","",""
"Угольок","Готель / Гостиниця","Україна","",""
"Юність","Готель / Гостиниця","Україна","",""
"Якір","Готель / Гостиниця","Україна","",""
"Алупка Роза","Готель / Гостиниця","Україна","",""
"Твін Пікс","Готель / Гостиниця","Україна","",""
"БО Бригантина","Готель / Гостиниця","Україна","",""
"БО Приморська","Готель / Гостиниця","Україна","",""
"БО Жигули","Готель / Гостиниця","Україна","",""
"У Марини","Готель / Гостиниця","Україна","",""
"БВ Сонечко","Готель / Гостиниця","Україна","",""
"Пітерський","Готель / Гостиниця","Україна","",""
"Шалом","Готель / Гостиниця","Україна","",""
"Садок","Готель / Гостиниця","Україна","",""
"Дніпровські Зорі","Готель / Гостиниця","Україна","",""
"Мирний курорт","Готель / Гостиниця","Україна","",""
"Азовсталець","Готель / Гостиниця","Україна","",""
"""7 миля""","Готель / Гостиниця","Україна","",""
"Пантагрюель","Готель / Гостиниця","Україна","",""
"Клубничка","Готель / Гостиниця","Україна","",""
"Мерлін","Готель / Гостиниця","Україна","",""
"Optima Collection Кам’янське","Готель / Гостиниця","Україна","","kamianske@optimahotels.com.ua"
"Мелодія","Готель / Гостиниця","Україна","",""
"Забава","Готель / Гостиниця","Україна","",""
"Азов пансіонат","Готель / Гостиниця","Україна","",""
"Приморський","Готель / Гостиниця","Україна","",""
"У Наташи","Готель / Гостиниця","Україна","",""
"БО Акація","Готель / Гостиниця","Україна","",""
"БО Буревестник","Готель / Гостиниця","Україна","",""
"БО Дельфин","Готель / Гостиниця","Україна","",""
"БО Горіховий гай","Готель / Гостиниця","Україна","",""
"БО Прибой","Готель / Гостиниця","Україна","",""
"БО Радуга","Готель / Гостиниця","Україна","",""
"БО Рассвет","Готель / Гостиниця","Україна","",""
"БО Сонячна","Готель / Гостиниця","Україна","",""
"БО Урзуф","Готель / Гостиниця","Україна","",""
"Квант","Готель / Гостиниця","Україна","",""
"Пісочниця","Готель / Гостиниця","Україна","",""
"Юні моряки","Готель / Гостиниця","Україна","",""
"Дит. сан. ім. Дубіна","Готель / Гостиниця","Україна","",""
"Іршава","Готель / Гостиниця","Іршава","",""
"Al Marine","Готель / Гостиниця","Україна","",""
"Санаторій-профілакторій «Янтар»","Готель / Гостиниця","Україна","",""
"База відпочинку «Від заходу до світанку»","Готель / Гостиниця","Україна","",""
"База відпочинку «Кривеньке озеро»","Готель / Гостиниця","Україна","",""
"Дядька Черномор","Готель / Гостиниця","Україна","",""
"Європейський","Готель / Гостиниця","Україна","",""
"Байків","Готель / Гостиниця","Україна","",""
"Лоза","Готель / Гостиниця","Україна","",""
"Крымское приазовье","Готель / Гостиниця","Україна","",""
"Спортивний","Готель / Гостиниця","Україна","",""
"Орльонок","Готель / Гостиниця","Україна","",""
"Gold Fish","Готель / Гостиниця","Україна","",""
"Kohavi Forest Club","Готель / Гостиниця","Україна","","kohaviforestclub@gmail.com"
"Солов'ячий гай","Готель / Гостиниця","Україна","",""
"Росинка Козацьке Село","Готель / Гостиниця","Україна","",""
"Rius","Готель / Гостиниця","Україна","",""
"Олімпія","Готель / Гостиниця","Україна","",""
"Тур база Горняк","Готель / Гостиниця","Україна","https://www.nmu.org.ua/ru/content/infrastructure/structural_divisions/girnyk/",""
"Новомосковський","Готель / Гостиниця","Україна","https://spa-kurort.com.ua/","username@gmail.com"
"Тур база Сонячна","Готель / Гостиниця","Україна","http://dneprsun.dp.ua/",""
"Метеорит","Готель / Гостиниця","Україна","",""
"Павлоградець","Готель / Гостиниця","Україна","",""
"Садиба «Андріївські озера»","Готель / Гостиниця","Україна","http://andrlakes.org.ua/",""
"Джонні Вокер","Готель / Гостиниця","Україна","",""
"У Чабану","Готель / Гостиниця","Україна","",""
"Reikartz Поляна","Готель / Гостиниця","Україна","",""
"Квітка Закарпаття","Готель / Гостиниця","Україна","",""
"Фантазія","Готель / Гостиниця","Україна","","fantasia.zak@gmail.com"
"Сонячнє Закарпаття (корпус 3)","Готель / Гостиниця","Україна","",""
"Сонячний промінь","Готель / Гостиниця","Україна","",""
"Сонячнє Закарпаття (корпус 1)","Готель / Гостиниця","Україна","",""
"Spathodea","Готель / Гостиниця","Україна","",""
"Чилі","Готель / Гостиниця","Україна","",""
"Садиба ""Вілла Ігнатьєва""","Готель / Гостиниця","Україна","http://schodnica-villa.com.ua/ukrainian/",""
"Готель ""Villa Grand""","Готель / Гостиниця","Україна","http://villagrand.com.ua/","vilgrand@gmail.com; sulamitakozupitsa@gmail.com; sulamitakhrypchenko@icloud.com"
"Садиба ""У Ярини""","Готель / Гостиниця","Україна","",""
"Садиба ""У пані Ірини""","Готель / Гостиниця","Україна","",""
"Світлана","Готель / Гостиниця","Україна","",""
"Шиллер","Готель / Гостиниця","Україна","https://hotel-schiller.com.ua/","booking@hotel-schiller.com.ua"
"Прилісне","Готель / Гостиниця","Україна","",""
"Славутич-Закарпаття","Готель / Гостиниця","Поляна","","info@slavutych.in.ua"
"Спортивна база ""Хащеве""","Готель / Гостиниця","Україна","",""
"Садиба ""Сім Вітрів""","Готель / Гостиниця","Україна","http://7vetriv.com.ua/",""
"Гармонія","Готель / Гостиниця","Україна","",""
"Готель ""Respect""","Готель / Гостиниця","Україна","https://www.respecthotel.com.ua/","adm@respecthotel.com.ua"
"Пасіка лікаря Сенишина","Готель / Гостиниця","Україна","",""
"Санаторій ""Гуцулка""","Готель / Гостиниця","Україна","",""
"Парасолька","Готель / Гостиниця","Україна","https://hostel-parasolka.business.site/",""
"Карпатка","Готель / Гостиниця","Україна","",""
"Парк готель Вікторія","Готель / Гостиниця","Україна","https://vph.com.ua/","info@vph.com.ua"
"Квартири цілодобово","Готель / Гостиниця","Україна","",""
"Химик","Готель / Гостиниця","Україна","",""
"MONASTIC-SPA","Готель / Гостиниця","Україна","https://monastic-spa.com/","monastic-hotels@ukr.net"
"База отдыха ""Реаско""","Готель / Гостиниця","Україна","",""
"«Лазурь»","Готель / Гостиниця","Україна","",""
"Вербена-Пляж","Готель / Гостиниця","Україна","",""
"Хали-Вали","Готель / Гостиниця","Україна","",""
"пансионат Лебедь","Готель / Гостиниця","Україна","",""
"Пансіонат Київська русь","Готель / Гостиниця","Генічеська Гірка","https://kievskaya-rus.church.ua/",""
"Gagarinn","Готель / Гостиниця","Україна","",""
"Green Park","Готель / Гостиниця","Україна","",""
"Довольный слон","Готель / Гостиниця","Україна","",""
"TIR parking - motel","Готель / Гостиниця","Україна","",""
"""Весна"" готель","Готель / Гостиниця","Україна","http://vesna.orgzp.com/",""
"ТОК им. А.В. Мокроусова","Готель / Гостиниця","Україна","",""
"ЛОЦ ""Демерджи""","Готель / Гостиниця","Україна","",""
"Гостевой дом ""Климентина""","Готель / Гостиниця","Україна","",""
"Песчаное Летом","Готель / Гостиниця","Україна","",""
"Готель ""Villa Alessia""","Готель / Гостиниця","Україна","http://www.villa-alessia.com.ua/",""
"База отдыха ""Валентина""","Готель / Гостиниця","Україна","",""
"Гостевой дом ""Парус""","Готель / Гостиниця","Україна","",""
"IRIS арт готель","Готель / Гостиниця","Україна","http://hoteliris.com.ua/",""
"Лавіліа","Готель / Гостиниця","Україна","",""
"Соснова поляна","Готель / Гостиниця","Україна","",""
"Лига-клуб","Готель / Гостиниця","Україна","",""
"отель Альбатрос","Готель / Гостиниця","Україна","https://hotel-albatross.com",""
"Дніпро-Бескид","Готель / Гостиниця","Україна","",""
"Готель-сауна ""Золота підкова""","Готель / Гостиниця","Україна","",""
"Учитель","Готель / Гостиниця","Україна","",""
"Старий млин","Готель / Гостиниця","Недригайлів","",""
"Готельний комплекс ""Три Сини та Донька"" 5*","Готель / Гостиниця","Україна","https://trysyny.com/new/",""
"Котедж ""Максим""","Готель / Гостиниця","Україна","",""
"Oai park resort","Готель / Гостиниця","Україна","",""
"БВ ""Сосновий Гай""","Готель / Гостиниця","Україна","",""
"Готель ""Юран""","Готель / Гостиниця","Україна","",""
"Скеледром","Готель / Гостиниця","Україна","",""
"Справжня Казка","Готель / Гостиниця","Україна","",""
"Замок Мастара","Готель / Гостиниця","Україна","",""
"Садиба ""Дримба""","Готель / Гостиниця","Україна","",""
"Немо","Готель / Гостиниця","Україна","",""
"Shalanda","Готель / Гостиниця","Україна","",""
"Пальма","Готель / Гостиниця","Україна","",""
"Пансионат ""Сергей""","Готель / Гостиниця","Україна","",""
"Садиба ""Вілла Оберіг""","Готель / Гостиниця","Україна","",""
"Садиба ""555""","Готель / Гостиниця","Україна","",""
"Профілакторій ""Україна""","Готель / Гостиниця","Україна","",""
"Санаторій «Шаян»","Готель / Гостиниця","Україна","",""
"Детский санаторно-оздоровительный центр ""Ласпи""","Готель / Гостиниця","Україна","",""
"Садиба ""Вілла Рай""","Готель / Гостиниця","Україна","",""
"Комплекс відпочинку ""Верховина""","Готель / Гостиниця","Україна","",""
"Будинок ПрАТ ""Львівобленерго""","Готель / Гостиниця","Україна","",""
"Міні-готель ""Оселя Гудзя""","Готель / Гостиниця","Україна","",""
"БВ Зелений мис","Готель / Гостиниця","Україна","",""
"Колишній піонерський табір Чайка","Готель / Гостиниця","Україна","",""
"Колишній піонерський табір Вогник","Готель / Гостиниця","Україна","",""
"БВ Азовочка","Готель / Гостиниця","Україна","",""
"БВ Берізка","Готель / Гостиниця","Україна","",""
"БВ Перлина","Готель / Гостиниця","Україна","",""
"БВ Золотий колосок","Готель / Гостиниця","Україна","",""
"БВ Космос","Готель / Гостиниця","Україна","",""
"БВ Червона гвоздика","Готель / Гостиниця","Україна","",""
"БВ Лазурний","Готель / Гостиниця","Україна","",""
"ДОЛ Ласточка","Готель / Гостиниця","Україна","",""
"БВ Металург","Готель / Гостиниця","Україна","",""
"БВ Олімп","Готель / Гостиниця","Україна","",""
"БВ Салют","Готель / Гостиниця","Україна","",""
"БВ Сонячний","Готель / Гостиниця","Україна","",""
"ДОЦ ""Райдужний""","Готель / Гостиниця","Україна","",""
"ОК Ялта (Донбасстрансгаз)","Готель / Гостиниця","Україна","",""
"БВ Хвиля","Готель / Гостиниця","Україна","",""
"БВ Вторчормет","Готель / Гостиниця","Україна","",""
"БВ Колос","Готель / Гостиниця","Україна","",""
"БВ Машинобудівник","Готель / Гостиниця","Україна","",""
"БВ Міотида","Готель / Гостиниця","Україна","",""
"БВ Нептун","Готель / Гостиниця","Україна","",""
"БВ Вогник","Готель / Гостиниця","Україна","",""
"БВ Парус","Готель / Гостиниця","Україна","",""
"БО Самсон","Готель / Гостиниця","Україна","",""
"БВ Соснова гірка","Готель / Гостиниця","Україна","",""
"БВ Уголек","Готель / Гостиниця","Україна","",""
"БВ Южний","Готель / Гостиниця","Україна","",""
"БВ","Готель / Гостиниця","Україна","",""
"ДОЦ Червоні Вітрила","Готель / Гостиниця","Україна","",""
"Садиба ""Оля""","Готель / Гостиниця","Україна","",""
"Нова ялта","Готель / Гостиниця","Україна","",""
"Торгівельно-готельний комплекс “12 місяців”","Готель / Гостиниця","Україна","",""
"База відпочинку ""Бойківський Двір""","Готель / Гостиниця","Україна","",""
"Вілла Артур","Готель / Гостиниця","Україна","",""
"Гірський екоготель ORIV","Готель / Гостиниця","Україна","",""
"Восточный уголок","Готель / Гостиниця","Україна","",""
"ГРК Галактика","Готель / Гостиниця","Україна","",""
"Родос","Готель / Гостиниця","Україна","",""
"Сердце природы","Готель / Гостиниця","Україна","",""
"Навчально-оздоровчий табір «Смерічка» ДДПУ ім. Івана Франка","Готель / Гостиниця","Україна","",""
"Кадорр Готель","Готель / Гостиниця","Україна","",""
"Ірен","Готель / Гостиниця","Україна","",""
"Старий Відень","Готель / Гостиниця","Україна","",""
"ДОВ ""Іскра""","Готель / Гостиниця","Україна","",""
"ДОВ ""Райський куточок""","Готель / Гостиниця","Україна","",""
"Артурс","Готель / Гостиниця","Україна","",""
"ЮСАН","Готель / Гостиниця","Україна","",""
"5-й корпус санаторію ""Нива""","Готель / Гостиниця","Україна","",""
"4-й корпус санаторію ""Нива""","Готель / Гостиниця","Україна","",""
"3-й корпус санаторію ""Нива""","Готель / Гостиниця","Україна","",""
"2-й корпус санаторію ""Нива""","Готель / Гостиниця","Україна","",""
"1-й корпус","Готель / Гостиниця","Україна","",""
"Центр отдыха Звёздный берег","Готель / Гостиниця","Україна","",""
"Атлантус","Готель / Гостиниця","Україна","",""
"Б/о ""Блакитна-2""","Готель / Гостиниця","Україна","",""
"Готель ""ForRest""","Готель / Гостиниця","Україна","",""
"Котедж ""Липки""","Готель / Гостиниця","Україна","",""
"Готель ""Цитадель""","Готель / Гостиниця","Україна","",""
"Фільварки-центр","Готель / Гостиниця","Україна","",""
"Санаторій-профілакторій «Чайка»","Готель / Гостиниця","Україна","",""
"Б/о ""Моряк""","Готель / Гостиниця","Україна","",""
"Santa Villa","Готель / Гостиниця","Україна","",""
"Чисте джерело","Готель / Гостиниця","Україна","",""
"База відпочинку ""Адмірал""","Готель / Гостиниця","Україна","http://www.admiral-hotel.com.ua","admiralhotel2017@gmail.com"
"Пансіонат ""Агарський мис""","Готель / Гостиниця","Україна","",""
"Морской курорт ""Ореанда""","Готель / Гостиниця","Україна","",""
"Санаторій ""Арктика""","Готель / Гостиниця","Україна","",""
"Садиба ""Фурмі""","Готель / Гостиниця","Україна","https://www.hotelfurmi.com/","info@hotelfurmi.com"
"Готель ""У сестер""","Готель / Гостиниця","Україна","http://usester.com.ua/","shidnica.u.sester@gmail.com"
"Садиба ""У Єви""","Готель / Гостиниця","Україна","",""
"Котедж ""Лісовичок""","Готель / Гостиниця","Україна","",""
"Садиба ""Стефані""","Готель / Гостиниця","Україна","",""
"Готель ""Ксенія""","Готель / Гостиниця","Україна","",""
"Садиба ""Медова""","Готель / Гостиниця","Україна","",""
"Садиба ""На Зарічній""","Готель / Гостиниця","Україна","",""
"Вілла ""Milaro""","Готель / Гостиниця","Україна","",""
"Елеганс","Готель / Гостиниця","Україна","",""
"ДОЛ Зірковий","Готель / Гостиниця","Україна","",""
"Турбаза «Лісова галявина»","Готель / Гостиниця","Україна","",""
"Premier Compass Hotel","Готель / Гостиниця","Україна","",""
"ПЛ Орбита","Готель / Гостиниця","Україна","",""
"Слов’янський","Готель / Гостиниця","Україна","",""
"Сакура","Готель / Гостиниця","Україна","",""
"Цезарь","Готель / Гостиниця","Україна","",""
"Острів","Готель / Гостиниця","Кременець","",""
"Улич","Готель / Гостиниця","Україна","",""
"Дитячий скаутський табір Інтерпайп Pipeland","Готель / Гостиниця","Україна","",""
"Курортный отель «Гавань»","Готель / Гостиниця","Україна","https://villagavan.com/","info@villagavan.com"
"Станіславів","Готель / Гостиниця","Україна","",""
"Соняхи","Готель / Гостиниця","Україна","",""
"JJ","Готель / Гостиниця","Україна","http://jj-world.com.ua/hotel/index.html","reserv@jjworld.com.ua"
"Оріон","Готель / Гостиниця","Україна","",""
"Оазис-М","Готель / Гостиниця","Бабин","",""
"Венеція","Готель / Гостиниця","Україна","",""
"Аерополь","Готель / Гостиниця","Україна","http://aeropol-hotel.com","aeropol_hotel@mail.ru"
"Oland","Готель / Гостиниця","Україна","",""
"Дива","Готель / Гостиниця","Україна","",""
"Велосадиба Bed&Bike Tours","Готель / Гостиниця","Дубриничі","",""
"Туристический комплекс ""Яхонт""","Готель / Гостиниця","Україна","",""
"База відпочинку ""Любич""","Готель / Гостиниця","Україна","https://lyubych.blogspot.com/",""
"Гостевой дом «Алина»","Готель / Гостиниця","Україна","",""
"Навруз","Готель / Гостиниця","Україна","",""
"Порто Рива","Готель / Гостиниця","Україна","",""
"Курортно-готельний комплекс „Едем-Коблеве“","Готель / Гостиниця","Україна","",""
"Ле Марк","Готель / Гостиниця","Україна","",""
"Санаторій","Готель / Гостиниця","Україна","",""
"Садиба ""Арніка""","Готель / Гостиниця","Україна","",""
"Котедж ""Людмила""","Готель / Гостиниця","Україна","",""
"Кінний комплекс та екоготель FRIESLAND (Верхнє Синьовидне)","Готель / Гостиниця","Україна","",""
"Власика","Готель / Гостиниця","Україна","",""
"Пансионат ""Ялтас""","Готель / Гостиниця","Україна","",""
"Гостевой дом ""У Надежды""","Готель / Гостиниця","Україна","",""
"Сказочный дворик","Готель / Гостиниця","Україна","",""
"Изумрудная","Готель / Гостиниця","Україна","",""
"У Максима","Готель / Гостиниця","Україна","",""
"Люкс (Royal)","Готель / Гостиниця","Україна","",""
"міні-готель Сімейний Відпочинок 233а","Готель / Гостиниця","Україна","",""
"Алие","Готель / Гостиниця","Україна","",""
"Вікинг Карпати","Готель / Гостиниця","Україна","",""
"Antaliya","Готель / Гостиниця","Україна","",""
"отель Золотой","Готель / Гостиниця","Лесновское сельское поселение","","letokrim.in.ua@yandex.ru"
"Миллениум","Готель / Гостиниця","Україна","",""
"Villa Classic","Готель / Гостиниця","Україна","http://classic-koktebel.com","villaclassic@yandex.ru"
"Борис","Готель / Гостиниця","Україна","",""
"Омега-клуб","Готель / Гостиниця","Україна","",""
"Мотель-ресторан ""Вулик""","Готель / Гостиниця","Україна","",""
"Санаторій ""Пролісок""","Готель / Гостиниця","Україна","",""
"Снігові Вершини","Готель / Гостиниця","Україна","",""
"Буржуа","Готель / Гостиниця","Україна","",""
"Мисливська","Готель / Гостиниця","Україна","https://restlib.com.ua/uk/shacki-ozera/prozhyvannya/s-pulemec/kotedzh/kotedzh-myslyvska-sadyba",""
"База отдыха ""Штормовое""","Готель / Гостиниця","Україна","",""
"Salute","Готель / Гостиниця","Україна","",""
"Тополь-2","Готель / Гостиниця","Україна","",""
"Будаки","Готель / Гостиниця","Україна","",""
"Готель-садиба ""Куба-Далеко""","Готель / Гостиниця","Україна","",""
"Kilimbeyka Hotel","Готель / Гостиниця","Україна","",""
"Кінний двір","Готель / Гостиниця","Україна","",""
"Відпочинок у моря","Готель / Гостиниця","Лазурне","",""
"Садиба У Шкирти","Готель / Гостиниця","Україна","",""
"Дідів рай","Готель / Гостиниця","Україна","",""
"Кичера","Готель / Гостиниця","Україна","",""
"У Міші та Віри","Готель / Гостиниця","Україна","https://pylypec-karpaty.io.ua/",""
"Готель SN","Готель / Гостиниця","Україна","",""
"Садиба ""Гимба""","Готель / Гостиниця","Україна","",""
"Международный молодежный центр iCamp","Готель / Гостиниця","Україна","",""
"У Лукоморья","Готель / Гостиниця","Україна","",""
"Парадіс","Готель / Гостиниця","Красилів","",""
"У Коса","Готель / Гостиниця","Україна","",""
"Грибова оселя","Готель / Гостиниця","Україна","",""
"Будинок Художника ""Шипіт""","Готель / Гостиниця","Україна","",""
"У Яслигана","Готель / Гостиниця","Україна","",""
"Волиняночка","Готель / Гостиниця","Україна","",""
"База отдыха ""Лазурный берег""","Готель / Гостиниця","Україна","",""
"Magura","Готель / Гостиниця","Україна","",""
"Монблан","Готель / Гостиниця","Україна","",""
"Дерсу Узала","Готель / Гостиниця","Україна","",""
"Вилла Алубика","Готель / Гостиниця","Україна","",""
"Приватна садиба ""Гусне Виж 114""","Готель / Гостиниця","Україна","http://www.husnewyz114.com.ua/",""
"Приватна садиба ""Бойківська хата""","Готель / Гостиниця","Україна","",""
"Агрооселя","Готель / Гостиниця","Україна","",""
"Гостинна оселя ""На схилах Карпат""","Готель / Гостиниця","Україна","",""
"Котедж „Зелемянка“","Готель / Гостиниця","Україна","",""
"Серфцентр и гостевой дом "" Аквилон""","Готель / Гостиниця","Оленевка","",""
"турбаза «Південний Буг»","Готель / Гостиниця","Україна","",""
"Виолис","Готель / Гостиниця","Україна","",""
"Міжгір'я","Готель / Гостиниця","Україна","",""
"Radisson Blu Resort","Готель / Гостиниця","Поляниця","https://www.radissonblu.com/uk/resort-bukovel","info.bukovel@radissonblu.com"
"Магія Карпат","Готель / Гостиниця","Україна","",""
"Степан і Марія","Готель / Гостиниця","Славське","https://karpaty-slav.com/zhytlo-ulych.html","info@karpaty-slav.com; karpaty.slavsko@gmail.com"
"Dodo","Готель / Гостиниця","Україна","",""
"Александр","Готель / Гостиниця","Україна","",""
"Детский оздоровительный центр ""Прибрежный""","Готель / Гостиниця","Україна","",""
"Золото Карпат","Готель / Гостиниця","Україна","",""
"Царська гора","Готель / Гостиниця","Україна","",""
"Стимул","Готель / Гостиниця","Україна","",""
"Формула плюс","Готель / Гостиниця","Україна","",""
"б/о ""Звездочка""","Готель / Гостиниця","Україна","",""
"Трембита","Готель / Гостиниця","Україна","",""
"Ривненчанка","Готель / Гостиниця","Україна","",""
"Галчонок","Готель / Гостиниця","Україна","",""
"Наш Парус","Готель / Гостиниця","Україна","",""
"L&M","Готель / Гостиниця","Мукачево","",""
"База отдыха ""Баланово""","Готель / Гостиниця","Баланово","",""
"Хижки","Готель / Гостиниця","Україна","",""
"Садиби зеленого туризму ""Старий Хутір""","Готель / Гостиниця","Україна","",""
"Room","Готель / Гостиниця","Україна","",""
"Чічка","Готель / Гостиниця","Україна","",""
"Reikartz Zaporizhzhya","Готель / Гостиниця","Україна","",""
"Пента Хаус","Готель / Гостиниця","Україна","","penta_house@mail.ru"
"Na horyzonti","Готель / Гостиниця","Україна","",""
"У Дмитра","Готель / Гостиниця","Україна","",""
"Білогір'я","Готель / Гостиниця","Україна","http://yaremchavilla.com.ua/kontaktna-informaciya.html",""
"Рубель","Готель / Гостиниця","Україна","",""
"База відпочинку «Арніка»","Готель / Гостиниця","Україна","",""
"Поляна кохання","Готель / Гостиниця","Україна","",""
"Над Стрипою","Готель / Гостиниця","Україна","",""
"Комплекс відпочинку Лісовий","Готель / Гостиниця","Україна","",""
"Троянда Закарпаття","Готель / Гостиниця","Україна","",""
"Virtuoso","Готель / Гостиниця","Україна","",""
"Сонячнє Закарпаття (корпус 2)","Готель / Гостиниця","Україна","",""
"Шовкова косіця","Готель / Гостиниця","Україна","",""
"Ведмежа гора","Готель / Гостиниця","Україна","",""
"Відпочинкова база ""Варвара""","Готель / Гостиниця","Україна","",""
"Зустріч","Готель / Гостиниця","Україна","",""
"П'ять озер","Готель / Гостиниця","Україна","",""
"Гостевой дом «Тихий дворик»","Готель / Гостиниця","Отрадное","",""
"Вівчарик","Готель / Гостиниця","Україна","",""
"Гоголь","Готель / Гостиниця","Україна","",""
"Готель ""Чигирин""","Готель / Гостиниця","Україна","",""
"Garden Hall","Готель / Гостиниця","Україна","",""
"Політ","Готель / Гостиниця","Озерне","",""
"Яйла","Готель / Гостиниця","Приятное Свидание","",""
"Жокей","Готель / Гостиниця","Україна","",""
"Орхідея","Готель / Гостиниця","Україна","",""
"У Бури","Готель / Гостиниця","Луги","",""
"Перший кордон","Готель / Гостиниця","Україна","",""
"Орестина","Готель / Гостиниця","Сколе","",""
"Гранд-Палас","Готель / Гостиниця","Україна","",""
"Glebovka Hotel","Готель / Гостиниця","Україна","https://glebovka.kiev.ua/","info@glebovka.kiev.ua"
"Сонячна Поляна","Готель / Гостиниця","Україна","",""
"Сольва - Solva","Готель / Гостиниця","Україна","https://www.solvahotel.com/","sales.solvaresort@gmail.com"
"3 медведя","Готель / Гостиниця","Україна","https://hashevoe.com.ua/otel",""
"База відпочинку ""Метро""","Готель / Гостиниця","Україна","http://www.metro.kiev.ua/node/1062",""
"База відпочинку ""Авісма""","Готель / Гостиниця","Україна","",""
"База відпочинку ""Гусарський стан""","Готель / Гостиниця","Україна","",""
"База відпочинку ""Зелений гай""","Готель / Гостиниця","Україна","http://zel.in.ua",""
"Санаторій ""Черче""","Готель / Гостиниця","Україна","",""
"Жуляни Сіті","Готель / Гостиниця","Україна","","zhuliany.city@gmail.com"
"Оздоровчий комплекс «Ужанські купелі»","Готель / Гостиниця","Україна","http://uzhanski-kupeli.com.ua",""
"Club Visson","Готель / Гостиниця","Україна","",""
"Туркомплекс Едельвейс","Готель / Гостиниця","Україна","https://karpatu.com/","info@karpatu.com; info@www.karpatu.com"
"Закарпатський Оазис","Готель / Гостиниця","Україна","",""
"ДОЛ Космос","Готель / Гостиниця","Україна","",""
"Апарт-готель Рафнівський","Готель / Гостиниця","Люта","",""
"Парк-Готель ""Древній Град""","Готель / Гостиниця","Україна","https://www.drevnygrad.com.ua/","info@drevnygrad.com.ua"
"Над Черемошем","Готель / Гостиниця","Україна","",""
"Пансіонат ""Черемош""","Готель / Гостиниця","Україна","",""
"Пансіонат ""Зелені пагорби""","Готель / Гостиниця","Україна","",""
"Готельний комплекс ""Фредерік Коклен""","Готель / Гостиниця","Україна","",""
"Готелний комплекс ""Промінада""","Готель / Гостиниця","Україна","",""
"Два Місяця","Готель / Гостиниця","Україна","",""
"Готель ""Моцарт""","Готель / Гостиниця","Україна","https://mozart-hotel.com/","sales@mozart-hotel.com; conference@mozart-hotel.com; reception@mozart-hotel.com; restaurant@mozart-hotel.com; conf@mozart-hotel.com; marketing@mozart-group.com"
"У Попа","Готель / Гостиниця","Україна","",""
"Гірська казка","Готель / Гостиниця","Україна","",""
"Контіненталь","Готель / Гостиниця","Україна","",""
"Своя колея","Готель / Гостиниця","Україна","",""
"Міжрейсова база моряків","Готель / Гостиниця","Україна","",""
"Центр відпочинку ""Аркадія Плаза""","Готель / Гостиниця","Україна","",""
"Пансіонат ""Будинок Павлових""","Готель / Гостиниця","Україна","",""
"Этюд","Готель / Гостиниця","Україна","",""
"Квитка","Готель / Гостиниця","Україна","",""
"Готельно-ресторанний комплекс ""Palace del Mar""","Готель / Гостиниця","Україна","",""
"Центр відпочинку ""Морський""","Готель / Гостиниця","Україна","",""
"«GS» Art & SPA Villa","Готель / Гостиниця","Україна","","booking@gsvilla.su"
"""Элит""","Готель / Гостиниця","Україна","",""
"Corsica","Готель / Гостиниця","Україна","",""
"Готельно-розважальний комплекс ""Улісс""","Готель / Гостиниця","Україна","",""
"Готель ""Хатки Руслани""","Готель / Гостиниця","Україна","http://www.hatkyruslany.com.ua/index.php",""
"Фазенда у моря","Готель / Гостиниця","Україна","",""
"Боркут","Готель / Гостиниця","Україна","",""
"Кришталевий водограй","Готель / Гостиниця","Україна","",""
"Оздоровчий комплекс ""Маяк"" КПІ","Готель / Гостиниця","Україна","",""
"ДОЦ ""Воронеж""","Готель / Гостиниця","Україна","",""
"Ерідан (баня)","Готель / Гостиниця","Україна","",""
"Ерідан","Готель / Гостиниця","Україна","",""
"Снігова королева","Готель / Гостиниця","Україна","",""
"Добош","Готель / Гостиниця","Україна","",""
"Шовкова Косиця","Готель / Гостиниця","Україна","",""
"Адреналін","Готель / Гостиниця","Україна","",""
"Піпаш","Готель / Гостиниця","Україна","",""
"Ступарь","Готель / Гостиниця","Україна","",""
"Котедж-1","Готель / Гостиниця","Україна","",""
"Котедж-2","Готель / Гостиниця","Україна","",""
"La Romani","Готель / Гостиниця","Україна","",""
"Зелена Діброва","Готель / Гостиниця","Україна","",""
"У стозі","Готель / Гостиниця","Україна","",""
"Орлиное","Готель / Гостиниця","Орлиное","",""
"Усадьба ""Белый остров""","Готель / Гостиниця","Україна","",""
"Садиба ""Злагода""","Готель / Гостиниця","Україна","",""
"George Palace","Готель / Гостиниця","Україна","",""
"Урарту","Готель / Гостиниця","Україна","",""
"База відпочинку ""ТОВ ""Десна""""","Готель / Гостиниця","Україна","",""
"База відпочинку ""Десна""","Готель / Гостиниця","Україна","",""
"Кевсер","Готель / Гостиниця","Україна","",""
"Krakow","Готель / Гостиниця","Україна","",""
"Айдар","Готель / Гостиниця","Україна","",""
"Поляна Сказок","Готель / Гостиниця","Україна","","booking@polyana-skazok.com"
"Готель ""Вишиванка""","Готель / Гостиниця","Україна","",""
"Черкаси Палац","Готель / Гостиниця","Україна","",""
"Готель-кафе ""Стадіон""","Готель / Гостиниця","Україна","http://www.tetiivhotel.net/",""
"Мануфактура","Готель / Гостиниця","Ходосівка","",""
"База отдыха ""Азов""","Готель / Гостиниця","Україна","",""
"Псел","Готель / Гостиниця","Україна","","dosug24@ukr.net"
"Vizit Hotel Complex","Готель / Гостиниця","Україна","www.hotel-visit.com.ua",""
"Мысовое","Готель / Гостиниця","Україна","",""
"МАН","Готель / Гостиниця","Україна","",""
"База відпочинку ""Шепільська""","Готель / Гостиниця","Україна","https://shepilska.com.ua/",""
"Зоя","Готель / Гостиниця","Україна","",""
"Лучик","Готель / Гостиниця","Україна","",""
"Отель «Дом у моря»","Готель / Гостиниця","Україна","",""
"Alpen hotel","Готель / Гостиниця","Україна","https://alpenhotel.business.site",""
"ДОЛ ""Гайдаровец""","Готель / Гостиниця","Україна","",""
"Готель «Монсеньйор»","Готель / Гостиниця","Україна","https://mon-signor.com.ua/",""
"Усадьба ""Межгорье""","Готель / Гостиниця","Межгорье","","info@mejgorie.com"
"Дом лесника","Готель / Гостиниця","Україна","",""
"Городок","Готель / Гостиниця","Україна","",""
"Grant","Готель / Гостиниця","Україна","https://grant-hotel.kh.ua/","info@grant-hotel.kh.ua"
"Villa Plaza","Готель / Гостиниця","Україна","",""
"Мішин Сіті","Готель / Гостиниця","Добрівляни","",""
"Міні-готель «Царицино»","Готель / Гостиниця","Україна","",""
"Гостьовий будинок «Царська хата»","Готель / Гостиниця","Україна","",""
"Гостевой дом «У озера»","Готель / Гостиниця","Україна","",""
"Коттеджи «У Сергея»","Готель / Гостиниця","Україна","",""
"Гостевой дом «Лагуна»","Готель / Гостиниця","Україна","",""
"База відпочинку ""Селена""","Готель / Гостиниця","Україна","",""
"Гостьовий будинок «Затишний Дворик»","Готель / Гостиниця","Україна","",""
"Шале КрепДеШин","Готель / Гостиниця","Україна","",""
"Парк-готель «Швейцарія»","Готель / Гостиниця","Обарів","https://park-hotel.rv.ua/","hotel@park-hotel.rv.ua"
"Фрумушика-Нова","Готель / Гостиниця","Україна","",""
"Турійське подвір'я","Готель / Гостиниця","Україна","http://turpodvirya.com/",""
"У Олени","Готель / Гостиниця","Україна","",""
"Вілла Пліснесько","Готель / Гостиниця","Україна","",""
"""Великий Став"" туристична база","Готель / Гостиниця","Україна","http://www.vstav.com.ua/",""
"Приватна садиба ""Івашківці""","Готель / Гостиниця","Україна","",""
"Зеленый уголок","Готель / Гостиниця","Україна","",""
"Готельно-ресторанний комплекс ""Царівка""","Готель / Гостиниця","Україна","https://ua.carivka.com.ua","carivka@carivka.com.ua"
"Озерний Край","Готель / Гостиниця","Україна","","reservation@o-k.in.ua"
"BRA","Готель / Гостиниця","Україна","",""
"Габріелла","Готель / Гостиниця","Україна","",""
"Guest House in Drachino","Готель / Гостиниця","Україна","",""
"туристична база","Готель / Гостиниця","Україна","",""
"Петрова садиба","Готель / Гостиниця","Україна","",""
"Форос","Готель / Гостиниця","Форос","","booking@parkforos.ru"
"Анастасія котедж","Готель / Гостиниця","Україна","https://restlib.com.ua/uk/shacki-ozera/prozhyvannya/s-pulemec/kotedzh/kotedzh-sadyba-anastasiya",""
"Готель-Ресторан ""Козацька Застава""","Готель / Гостиниця","Україна","http://kozachka.com.ua","restoran_kozachka89@mail.ua"
"Оздоровчий табір ""Світязь""","Готель / Гостиниця","Україна","","schoolint@ukrpost.ua"
"База Відпочинку ""Співдружність""","Готель / Гостиниця","Україна","",""
"Сосновий Бір Світязь","Готель / Гостиниця","Україна","",""
"Центр відпочинку Релігійної місії «Карітас-Спес»","Готель / Гостиниця","Україна","",""
"База відпочинку ""Куточок рибалки""","Готель / Гостиниця","Україна","https://locator.biz/ua/svityaz/khostely/baza-vidpochynku-kutochok-rybalky/p/465426/",""
"База відпочинку ЗАТ ""ВОЛИНЬСЕРВІС""","Готель / Гостиниця","Україна","",""
"Відпочинковий комплекс ""Карпатський Замок""","Готель / Гостиниця","Україна","http://karpatsky-zamok.in.ua/",""
"УютПлюс","Готель / Гостиниця","Україна","","yut-plus@inbox.ru"
"Котеджі ""Юлія""","Готель / Гостиниця","Україна","",""
"Приватний сектор ""У Ганса""","Готель / Гостиниця","Україна","",""
"Приватний сектор ""У лисого""","Готель / Гостиниця","Україна","",""
"Приватна садиба ""Чайка""","Готель / Гостиниця","Україна","",""
"Садиба ""Квітова долина""","Готель / Гостиниця","Україна","",""
"Приватний сектор ""Швартуйся""","Готель / Гостиниця","Україна","",""
"Приватний сектор ""Провулок Монастирський""","Готель / Гостиниця","Україна","",""
"База відпочинку ""Едем""","Готель / Гостиниця","Україна","http://edem.net.ua/","somik6v5@bigmir.net"
"Котеджі ""Світязький затишок""","Готель / Гостиниця","Україна","",""
"Котеджі ""Хата Віддихата""","Готель / Гостиниця","Україна","https://shatsk.com/uk/recreations/baza-vidpochynku-derevjanyj-kotedg","ozerosvitjaz@mail.ru"
"Садиба ""Олесине гніздечко""","Готель / Гостиниця","Україна","https://shatsk.com/uk/recreations/olesune_gnizdechko",""
"У Дяді Міши","Готель / Гостиниця","Україна","https://restlib.com.ua/uk/shacki-ozera/prozhyvannya/s-svityaz/pryvatnyy-sektor/pryvatnyy-sektor-u-dyadi-mishy","lutsyksv@gmail.com"
"Приватний сектор ""Садиба Хомича""","Готель / Гостиниця","Україна","",""
"Приватний сектор ""На хвилях Світязя""","Готель / Гостиниця","Україна","",""
"Садиба ""Елізабет""","Готель / Гостиниця","Україна","https://shatsk.com/uk/recreations/elizabet",""
"Садиба ""У Романюка""","Готель / Гостиниця","Україна","https://shatsk.com/uk/recreations/u_romanuka","shatskhelp@gmail.com"
"Приватний сектор ""У Марії""","Готель / Гостиниця","Україна","",""
"Феєрія Світязя","Готель / Гостиниця","Україна","",""
"База відпочинку ""Під грушею""","Готель / Гостиниця","Україна","https://shatsk.com/uk/recreations/pid_grushejy","svit.lanaka@gmail.com; shatskhelp@gmail.com"
"Готельний комплекс ""Між трьох озер""","Готель / Гостиниця","Україна","https://shatsk.com/uk/recreations/between_the_three_lakes",""
"Приватний сектор ""Лілія""","Готель / Гостиниця","Україна","",""
"Приватний сектор ""Сонячне подвір'я""","Готель / Гостиниця","Україна","https://shatsk.com/uk/recreations/sonjachne_podvirja","svit.lanaka@gmail.com; shatskhelp@gmail.com"
"Эрпан","Готель / Гостиниця","Україна","",""
"Петровський Бровар","Готель / Гостиниця","Україна","",""
"Life-n-Action","Готель / Гостиниця","Україна","",""
"Собінь","Готель / Гостиниця","Україна","http://hotelsobin.com/","hotelsobin@gmail.com"
"Prince","Готель / Гостиниця","Хуст","",""
"Полянський Замок","Готель / Гостиниця","Україна","",""
"У Ґави","Готель / Гостиниця","Україна","",""
"Отель-ресторан ""Leo Palace""","Готель / Гостиниця","Черноморское","",""
"Соколине гніздо","Готель / Гостиниця","Україна","",""
"Золота Форель","Готель / Гостиниця","Україна","",""
"Санаторий ""Голубая Волна""","Готель / Гостиниця","Україна","",""
"Санаторий ""Северное Сияние""","Готель / Гостиниця","Україна","",""
"Пансионат ""Солнечный Берег""","Готель / Гостиниця","Україна","",""
"Готель Буковель","Готель / Гостиниця","Україна","",""
"База відпочинку ""Сонячна галявина""","Готель / Гостиниця","Україна","",""
"Naturalist","Готель / Гостиниця","Україна","",""
"Садиба Мисливська","Готель / Гостиниця","Україна","",""
"База відпочинку ""Золотий берег""","Готель / Гостиниця","Україна","https://golden-beach.com.ua/",""
"База відпочинку ""Посейдон""","Готель / Гостиниця","Україна","",""
"Summer Hotel","Готель / Гостиниця","Україна","https://summerhotel.zp.ua/",""
"База відпочинку ""Південний берег""","Готель / Гостиниця","Україна","",""
"Готельний комплекс ""Відібор""","Готель / Гостиниця","Україна","",""
"Готель ""Рута""","Готель / Гостиниця","Україна","https://ruta-berdyansk.com/","aleks.lem22@gmail.com"
"Пансіонат ""Славутич""","Готель / Гостиниця","Україна","http://www.slavutich-azov.org",""
"Гірський затишок","Готель / Гостиниця","Україна","",""
"Лавина","Готель / Гостиниця","Поляниця","","lavinahotelbukovel@gmail.com"
"Fazenda","Готель / Гостиниця","Україна","",""
"Смотрич","Готель / Гостиниця","Dzembronia","",""
"Ahiska","Готель / Гостиниця","Україна","",""
"Весела бджілка","Готель / Гостиниця","Україна","",""
"ХСК ""Атлантида""","Готель / Гостиниця","Україна","",""
"Садиба ""Синьогірська""","Готель / Гостиниця","Україна","",""
"Садиба ""У Василя""","Готель / Гостиниця","Україна","",""
"Кінно-спортивний клуб ""Родео""","Готель / Гостиниця","Україна","",""
"Турбаза ""Синевирське озеро""","Готель / Гостиниця","Україна","",""
"Арінка","Готель / Гостиниця","Синевирська Поляна","https://arnicahotel.com.ua/","arnika.synevir@gmail.com"
"Чудодієво в Чинадійові","Готель / Гостиниця","Чинадійово","",""
"Наріман","Готель / Гостиниця","Україна","",""
"Світлий Берег","Готель / Гостиниця","Україна","",""
"Совиньон","Готель / Гостиниця","Николаевка","",""
"Чумацкий Шлях","Готель / Гостиниця","Україна","",""
"Готель-ресторан ""7 Ветров""","Готель / Гостиниця","Україна","",""
"Гермес","Готель / Гостиниця","Україна","",""
"Приватна садиба «Затишок»","Готель / Гостиниця","Україна","",""
"база відпочинку ""Ювілейний""","Готель / Гостиниця","Україна","",""
"Спортивно-оздоровчий табір ""Академічний""","Готель / Гостиниця","Україна","",""
"База відпочинку ""Дружба""","Готель / Гостиниця","Україна","",""
"Пансіонат ""Ювілейний""","Готель / Гостиниця","Україна","",""
"Пансіонат ""Хвиля""","Готель / Гостиниця","Україна","",""
"ДОЛ Нефтяник","Готель / Гостиниця","Україна","",""
"ДОЛ Романтик","Готель / Гостиниця","Україна","",""
"Дитячий табір ""Слава""","Готель / Гостиниця","Україна","",""
"СОК ""Червоні вітрила""","Готель / Гостиниця","Україна","",""
"ДОЛ Радуга","Готель / Гостиниця","Україна","",""
"ДОЛ Таврія","Готель / Гостиниця","Україна","",""
"Tsargrad","Готель / Гостиниця","Мила","",""
"Пансіонат „Лотос“","Готель / Гостиниця","Україна","",""
"Комплекс „Актея“","Готель / Гостиниця","Україна","",""
"Готельний комплекс ""Маріон""","Готель / Гостиниця","Україна","",""
"Green Cape Hotel","Готель / Гостиниця","Україна","",""
"Ремзи","Готель / Гостиниця","Україна","",""
"Шератон","Готель / Гостиниця","Україна","",""
"Відпочинок у Галини","Готель / Гостиниця","Україна","",""
"Елітний відпочинок","Готель / Гостиниця","Україна","",""
"Готель-ресторан Family","Готель / Гостиниця","Mохнате","",""
"Емігранд Art Hotel","Готель / Гостиниця","Україна","https://emigrand.com/","welcome@emigrand.com"
"У Пуха","Готель / Гостиниця","Україна","",""
"Grofa","Готель / Гостиниця","Україна","",""
"Максімум","Готель / Гостиниця","Україна","",""
"MarMaros","Готель / Гостиниця","Україна","",""
"Бізнес-клуб „21 Нірвана”","Готель / Гостиниця","Україна","",""
"Поляницький","Готель / Гостиниця","Поляниця","","hristinavasilkova@gmail.com"
"Замок Бельведер","Готель / Гостиниця","Україна","",""
"Готельно-ресторанний комплекс «Бест»","Готель / Гостиниця","Україна","http://www.best.km.ua",""
"Bavaria Hotel","Готель / Гостиниця","Україна","https://bavaria.kiev.ua/",""
"Шервуд Готель & Резорт","Готель / Гостиниця","Україна","https://sherwood-resort.com/","sherwood.lviv@gmail.com"
"Чарівна Долина","Готель / Гостиниця","Родатичі","","magicvalley@ukr.net"
"Чарівні озера","Готель / Гостиниця","Україна","","admincharivni@ukr.net"
"Готель ""Титан""","Готель / Гостиниця","Україна","",""
"Синьків","Готель / Гостиниця","Україна","",""
"Усадьба Отрада","Готель / Гостиниця","Україна","",""
"Гостевой дом Дионис","Готель / Гостиниця","Україна","",""
"Отдых и точка","Готель / Гостиниця","Черноморское сельское поселение","",""
"Гостевой дом Казантипская хижина","Готель / Гостиниця","Україна","",""
"Пансионат Визит","Готель / Гостиниця","Україна","",""
"Пансионат Жемчужина","Готель / Гостиниця","Україна","",""
"Мини-отель Соренто","Готель / Гостиниця","Україна","",""
"Казантип-центр","Готель / Гостиниця","Україна","",""
"Наш Казантип","Готель / Гостиниця","Україна","",""
"Шаланецька Садиба","Готель / Гостиниця","Україна","",""
"Серед Лісу","Готель / Гостиниця","Україна","",""
"Готель Royal","Готель / Гостиниця","Україна","",""
"Retro Malyn Hotel","Готель / Гостиниця","Україна","",""
"Акваторія","Готель / Гостиниця","Україна","",""
"Мальта","Готель / Гостиниця","Україна","http://terra7.od.ua/bases-of-rest/baza-otdyxa-malta/","terra7@mail.ua"
"Альба","Готель / Гостиниця","Україна","","alba-zatoka@ukr.net"
"Wall Street Hotel","Готель / Гостиниця","Україна","https://ws-hotel.com/ua","reception@ws-hotel.com"
"Грибова Хата","Готель / Гостиниця","Україна","https://grybovahata.com.ua","test@test.ua"
"Синя Гора","Готель / Гостиниця","Україна","",""
"Готель Злата","Готель / Гостиниця","Україна","",""
"Долина Гір","Готель / Гостиниця","Україна","","dolynagir@gmail.com"
"Музей Футболу","Готель / Гостиниця","Україна","",""
"Гражда","Готель / Гостиниця","Поляниця","",""
"Patkovski","Готель / Гостиниця","Україна","",""
"Зірка Буковелю","Готель / Гостиниця","Україна","",""
"Саксония","Готель / Гостиниця","Україна","",""
"Детский оздоровительный лагерь ""Лебяжий""","Готель / Гостиниця","Україна","",""
"КаРо","Готель / Гостиниця","Україна","",""
"Хостел Солодкий Сон","Готель / Гостиниця","Україна","https://solodkyison.com.ua/","hostelsweetdream@gmail.com"
"Баккара","Готель / Гостиниця","Україна","https://bakkara-hotel.com.ua/","reservation@bakkara-hotel.com.ua"
"Хмелева","Готель / Гостиниця","Україна","",""
"Оезерецькі бані","Готель / Гостиниця","Україна","",""
"Алиса","Готель / Гостиниця","Україна","",""
"Форвард","Готель / Гостиниця","Україна","",""
"Дом с аистом","Готель / Гостиниця","Никита","",""
"Солнышко на Солнышке","Готель / Гостиниця","Україна","","sun-crimea@mail.ru"
"Тихе Плесо","Готель / Гостиниця","Соснівка","","poky@mail.lviv.ua"
"ДОЛ Лазурный","Готель / Гостиниця","Україна","",""
"Golden Time","Готель / Гостиниця","Україна","",""
"Кафтман","Готель / Гостиниця","Україна","",""
"Юкон","Готель / Гостиниця","Україна","",""
"Волна Поднебесная","Готель / Гостиниця","Україна","",""
"1 корпус","Готель / Гостиниця","Україна","",""
"6 корпус","Готель / Гостиниця","Україна","",""
"2 корпус","Готель / Гостиниця","Україна","",""
"Виноградів","Готель / Гостиниця","Виноградів","",""
"У баби Наталки","Готель / Гостиниця","Україна","",""
"Готель-бар Білий Парус","Готель / Гостиниця","Україна","","udych.lena@gmail.com"
"Пансіонат ""Нафтохімік України""","Готель / Гостиниця","Україна","",""
"ЗОВ - ""Аіст""","Готель / Гостиниця","Україна","",""
"Vera Lux","Готель / Гостиниця","Україна","",""
"Хортица","Готель / Гостиниця","Україна","",""
"Цемент","Готель / Гостиниця","Україна","",""
"Park Hotel Bristol","Готель / Гостиниця","Україна","",""
"Гостевой дом Green Hill","Готель / Гостиниця","Україна","",""
"""У Людмили""","Готель / Гостиниця","Україна","",""
"DreamDom","Готель / Гостиниця","Прибрежное","",""
"База відпочинку заводу ""Полімермаш""","Готель / Гостиниця","Україна","",""
"База відпочинку ""Зоря""","Готель / Гостиниця","Україна","",""
"У Фаїни","Готель / Гостиниця","Україна","",""
"База відпочинку ""Зелений вогник""","Готель / Гостиниця","Україна","",""
"Туристична база ""Вогник""","Готель / Гостиниця","Україна","",""
"eco-aus-haus","Готель / Гостиниця","Україна","",""
"Terrace","Готель / Гостиниця","Україна","",""
"КАРПМК","Готель / Гостиниця","Україна","",""
"Алмаз плюс","Готель / Гостиниця","Україна","",""
"Premium Club","Готель / Гостиниця","Україна","",""
"7'ya","Готель / Гостиниця","Україна","",""
"Турбаза ""Lounge""","Готель / Гостиниця","Україна","",""
"Takidabay Villa Maryna","Готель / Гостиниця","Україна","https://www.takidabay.com/portfolio",""
"Патио","Готель / Гостиниця","Україна","","patiosevas@ya.ru"
"Спа-готель ""Гостинний двір Добриня""","Готель / Гостиниця","Україна","",""
"Коблевський Бриз","Готель / Гостиниця","Україна","",""
"Готель-ресторан Скриня","Готель / Гостиниця","Україна","",""
"Lugano","Готель / Гостиниця","Україна","",""
"Crystal","Готель / Гостиниця","Україна","",""
"Мотель Долина","Готель / Гостиниця","Україна","",""
"Славія","Готель / Гостиниця","Україна","",""
"Primus","Готель / Гостиниця","Україна","",""
"Каштани","Готель / Гостиниця","Україна","",""
"Скарбівка","Готель / Гостиниця","Україна","",""
"У Лесі","Готель / Гостиниця","Україна","",""
"МІМ","Готель / Гостиниця","Україна","",""
"Revlan","Готель / Гостиниця","Україна","",""
"Квітка","Готель / Гостиниця","Україна","",""
"Хутір Гушова","Готель / Гостиниця","Україна","",""
"""Трутень"" шале","Готель / Гостиниця","Україна","https://velokarpaty.com/",""
"""Трутень"" хостел","Готель / Гостиниця","Україна","https://velokarpaty.com/",""
"Панська втіха","Готель / Гостиниця","Україна","",""
"Анни","Готель / Гостиниця","Україна","",""
"Green Town Apartment","Готель / Гостиниця","Україна","","viktorysend@gmail.com"
"Садиба ""Хатинка""","Готель / Гостиниця","Україна","",""
"Карпатська мрія","Готель / Гостиниця","Україна","",""
"Під Скалою","Готель / Гостиниця","Україна","",""
"Готель-Ресторан Хантер","Готель / Гостиниця","Україна","https://hotel-hunter.com.ua","booking@hotel-hunter.com.ua"
"Готельно-ресторанний комплекс ""Світлиця""","Готель / Гостиниця","Україна","https://svitlytsia.org.ua/","info@svitlytsia.org.ua"
"Сон на бджолах","Готель / Гостиниця","Україна","",""
"Гостьовий будинок Мрія","Готель / Гостиниця","Україна","",""
"Мастер","Готель / Гостиниця","Україна","",""
"Оріяна","Готель / Гостиниця","Україна","",""
"Ho.Re.Ca family house","Готель / Гостиниця","Україна","",""
"Мирамос","Готель / Гостиниця","Україна","",""
"Costa-Brava","Готель / Гостиниця","Україна","",""
"Тополь-3","Готель / Гостиниця","Україна","",""
"На озері","Готель / Гостиниця","Україна","http://naozeri.lviv.ua/gotel-lviv",""
"Готель Redling","Готель / Гостиниця","Україна","",""
"Отель-пансионат ""Море""","Готель / Гостиниця","Україна","https://more-spahotel.com/","sale@more-spahotel.com; mice@more-spahotel.com; ok@more-spahotel.com; ok2@more-spahotel.com; reception-sg@more-spahotel.com; cs@more-spahotel.com; mto@more-spahotel.com; pr@more-spahotel.com"
"""Гранат"" база відпочинку","Готель / Гостиниця","Україна","",""
"Хованка","Готель / Гостиниця","Україна","",""
"VIP - будиночок готелю ""Семь ветров""","Готель / Гостиниця","Україна","",""
"Jazz Xata","Готель / Гостиниця","Україна","",""
"Туркомплекс ""Ялинка""","Готель / Гостиниця","Україна","",""
"Зелена садиба ""У Степана""","Готель / Гостиниця","Україна","",""
"Вілла ""Злата""","Готель / Гостиниця","Україна","",""
"Садиба Лилея","Готель / Гостиниця","Україна","",""
"Містерія","Готель / Гостиниця","Україна","",""
"Анна Марія","Готель / Гостиниця","Україна","",""
"Бріз","Готель / Гостиниця","Україна","",""
"Сонячна гора","Готель / Гостиниця","Україна","",""
"Остап","Готель / Гостиниця","Україна","",""
"Salve","Готель / Гостиниця","Виноградів","",""
"New Continent","Готель / Гостиниця","Україна","",""
"Санаторій ""Орлине гніздо""","Готель / Гостиниця","Україна","http://orlyne-gnizdo.com","orlynegnizdo@i.ua"
"Чорна Скеля","Готель / Гостиниця","Україна","",""
"Розважально-готельний комплекс «Чорна Гора»","Готель / Гостиниця","Україна","https://chornagora.com/","chorna.gora@ukr.net"
"Садиба Михайла Поличка","Готель / Гостиниця","Виноградів","",""
"Guest house Marketti","Готель / Гостиниця","Україна","","housemarketti@jmail.com"
"Готель ""Марсен""","Готель / Гостиниця","Україна","",""
"Ягода-Малина","Готель / Гостиниця","Україна","",""
"У Михалича","Готель / Гостиниця","Україна","",""
"Сон на ульях","Готель / Гостиниця","Україна","",""
"Під знаком лева","Готель / Гостиниця","Україна","",""
"Криве Озеро","Готель / Гостиниця","Новояворівськ","","info@kryveozero.com"
"ТОВ «Мисливець-2007»","Готель / Гостиниця","Україна","",""
"Портовое","Готель / Гостиниця","Портовое","","portovoe@gmail.com"
"Плотина","Готель / Гостиниця","Україна","",""
"Артак","Готель / Гостиниця","Україна","",""
"Бугель","Готель / Гостиниця","Україна","",""
"Попугай","Готель / Гостиниця","Україна","","valeriynl63@gmail.com"
"Маєток «12 місяців»","Готель / Гостиниця","Мислівка","",""
"Rest Royally Hotel","Готель / Гостиниця","Україна","","admin@restroyally.ru"
"Бескид","Готель / Гостиниця","Україна","",""
"Villa Iryna","Готель / Гостиниця","Мислівка","",""
"Даріанна","Готель / Гостиниця","Україна","",""
"Берёзка Юг","Готель / Гостиниця","Україна","",""
"Гостинний двір ""ТІНА""","Готель / Гостиниця","Україна","",""
"Усадьба Ворон","Готель / Гостиниця","Україна","",""
"Villa OTTE","Готель / Гостиниця","Україна","https://otte-hotel.com.ua/",""
"Вершник","Готель / Гостиниця","Україна","",""
"Вилла Гермес","Готель / Гостиниця","Малый Маяк","",""
"Кемпінг ""Gotar""","Готель / Гостиниця","Україна","",""
"Carpatha-Xata","Готель / Гостиниця","Україна","","xatarsis@gmail.com"
"Котедж «Джинджура»","Готель / Гостиниця","Україна","",""
"1","Готель / Гостиниця","Україна","",""
"2","Готель / Гостиниця","Україна","",""
"3","Готель / Гостиниця","Україна","",""
"4","Готель / Гостиниця","Україна","",""
"Романтик СПА Готель","Готель / Гостиниця","Україна","https://romantikspahotels.ua","romantikspahotel@gmail.com; romantikspahotel22@gmail.com"
"Гірська хатина","Готель / Гостиниця","Україна","",""
"Садиба пані Марії","Готель / Гостиниця","Україна","",""
"Садиба «Первоцвіт»","Готель / Гостиниця","Україна","",""
"Садиба «На Кружалі»","Готель / Гостиниця","Україна","",""
"Monysto","Готель / Гостиниця","Україна","https://www.monysto.com/hotel.php?lang=ru","hotel@monysto.com; pizza@monysto.com"
"База відпочинку Деснянка","Готель / Гостиниця","Україна","http://www.nppds.inf.ua/vidpochinok.html",""
"Relax Park VERHOLY","Готель / Гостиниця","Україна","https://verholy.com/","info@verholy.com; reservation@verholy.com; corporatemanager@verholy.com; manager_fb@verholy.com; marketing@verholy.com"
"семейна дача","Готель / Гостиниця","Україна","",""
"Южный домик","Готель / Гостиниця","Україна","",""
"Favor Park","Готель / Гостиниця","Україна","http://www.favorparkhotel.com","info@favorparkhotel.com"
"Вік-Жан","Готель / Гостиниця","Україна","",""
"Russian Flag","Готель / Гостиниця","Україна","","samofalov.m@inbox.ru"
"Котедж ""Три гори""","Готель / Гостиниця","Україна","",""
"Inn Limon","Готель / Гостиниця","Україна","",""
"Alex","Готель / Гостиниця","Україна","http://www.alex-hotel.in.ua",""
"Тустанське підгороддя","Готель / Гостиниця","Україна","",""
"Дюльбер 117 (Dulber 117)","Готель / Гостиниця","Феодосия","",""
"ГРК Собкофф","Готель / Гостиниця","Україна","",""
"Ibis Kyiv City Center","Готель / Гостиниця","Україна","",""
"Котедж «Гірська Ріка»","Готель / Гостиниця","Україна","",""
"Сильвия","Готель / Гостиниця","Україна","","vkoktebele@gmail.com"
"Розтока","Готель / Гостиниця","Україна","",""
"Радута","Готель / Гостиниця","Україна","",""
"Готель Pogar Inn","Готель / Гостиниця","Україна","",""
"Сруб 2","Готель / Гостиниця","Україна","",""
"Сруб 1","Готель / Гостиниця","Україна","",""
"Cross-Hostel","Готель / Гостиниця","Україна","",""
"Лісова зірка","Готель / Гостиниця","Україна","",""
"Сьоме небо","Готель / Гостиниця","Україна","http://www.7neboecopark.com/",""
"500-й причал","Готель / Гостиниця","Україна","",""
"A&A","Готель / Гостиниця","Україна","",""
"Б/в ""Івушка""","Готель / Гостиниця","Україна","",""
"Дача Солнце","Готель / Гостиниця","Україна","",""
"Nar-Motel","Готель / Гостиниця","Україна","",""
"Стиль","Готель / Гостиниця","Україна","",""
"Greendom Miskhor","Готель / Гостиниця","Україна","",""
"Готельний Комплекс ""Зазим'я""","Готель / Гостиниця","Україна","","obry.ltd@gmail.com"
"«Кум та кума»","Готель / Гостиниця","Україна","",""
"Янтри","Готель / Гостиниця","Україна","","info@yantry.com"
"FreeRider","Готель / Гостиниця","Україна","",""
"Зелена Дубрава","Готель / Гостиниця","Україна","",""
"Готель ""Саксон""","Готель / Гостиниця","Україна","",""
"Готель Південний","Готель / Гостиниця","Україна","",""
"Готель Advenus","Готель / Гостиниця","Україна","https://www.advenus.com.ua/","advenus@ukr.net"
"Заїжджий Двір «Антон»","Готель / Гостиниця","Україна","",""
"Адріана","Готель / Гостиниця","Україна","",""
"Пілігрим","Готель / Гостиниця","Україна","http://www.pilgrim-hostel.com/",""
"На Урзуфской","Готель / Гостиниця","Україна","",""
"""Успех""","Готель / Гостиниця","Україна","",""
"Dacha","Готель / Гостиниця","Україна","",""
"Fortezza","Готель / Гостиниця","Україна","",""
"Nika","Готель / Гостиниця","Україна","",""
"Карпатський діаманд","Готель / Гостиниця","Україна","",""
"Чистый воздух","Готель / Гостиниця","Орлиное","",""
"Котедж «Гуркало»","Готель / Гостиниця","Україна","",""
"Готель Дружба","Готель / Гостиниця","Україна","",""
"Готель Короп","Готель / Гостиниця","Україна","",""
"Арсений","Готель / Гостиниця","Україна","",""
"Три Підкови","Готель / Гостиниця","Україна","",""
"Готель TIR","Готель / Гостиниця","Україна","",""
"Міні-готель ""Щастя""","Готель / Гостиниця","Україна","",""
"Александр и Ольга","Готель / Гостиниця","Кача","",""
"Белая Акация","Готель / Гостиниця","Україна","https://www.hotel-feodosia.com/",""
"Під Дубом","Готель / Гостиниця","Холмець","",""
"Гостинний двір ""Соняшник""","Готель / Гостиниця","Україна","https://restlib.com.ua/shackie-ozera/prozhivanie/gostevoy-dvor-sonyashnyk",""
"Na Leva apartman","Готель / Гостиниця","Україна","",""
"Хостел Яликова хата","Готель / Гостиниця","Україна","",""
"Глухомань","Готель / Гостиниця","Україна","",""
"Ресторанно-готельний комплекс Глухомань","Готель / Гостиниця","Україна","http://www.gluhoman.com.ua/",""
"Марс","Готель / Гостиниця","Україна","",""
"Rio De Luxe","Готель / Гостиниця","Лохвиця","",""
"Озерний","Готель / Гостиниця","Україна","",""
"Ресторанно-готельний комплекс Мисливець","Готель / Гостиниця","Україна","",""
"Наири","Готель / Гостиниця","Україна","",""
"Villa Kmeller","Готель / Гостиниця","Україна","http://www.kmeller.com/",""
"Міні-готель ""Едем""","Готель / Гостиниця","Україна","",""
"Сієста","Готель / Гостиниця","Україна","",""
"Бастіон","Готель / Гостиниця","Україна","",""
"Axelhof","Готель / Гостиниця","Україна","",""
"Pansionat","Готель / Гостиниця","Морское","","41877@mail.ru"
"1000 STARS","Готель / Гостиниця","Морское","","41877@mail.ru"
"1000 STARS Hotel","Готель / Гостиниця","Морское","","41877@mail.ru"
"West Park","Готель / Гостиниця","Україна","",""
"Замок-готель Вишеград","Готель / Гостиниця","Україна","https://vyshegrad.kiev.ua/","hotelvyshegrad@ukr.net"
"Міні Готель Позитив","Готель / Гостиниця","Городецьке","",""
"TakiDAbay","Готель / Гостиниця","Україна","",""
"Центр 24","Готель / Гостиниця","Україна","",""
"VIP сруб","Готель / Гостиниця","Україна","",""
"пансионат Лучезарный","Готель / Гостиниця","Україна","","luch-pansionat@yandex.ru"
"Магия","Готель / Гостиниця","Україна","",""
"Климатопавильон","Готель / Гостиниця","Україна","",""
"Ліз","Готель / Гостиниця","Дунаївці","",""
"Орбіта","Готель / Гостиниця","Україна","",""
"Sherbet","Готель / Гостиниця","Україна","",""
"Реноме","Готель / Гостиниця","Україна","",""
"Глэмпинг","Готель / Гостиниця","Україна","",""
"Гортензия","Готель / Гостиниця","Україна","",""
"Караголь","Готель / Гостиниця","Україна","","karagol2015@mail.ru"
"Faraon Hotel","Готель / Гостиниця","Україна","",""
"Готель Аквапарк Затока","Готель / Гостиниця","Україна","https://aquaparkzatoka.com.ua/hotel","hotelaquaparkzatoka@gmail.com"
"Белый Грифон","Готель / Гостиниця","Україна","","belyi-grifon@mailtur.ru"
"Ива","Готель / Гостиниця","Україна","",""
"Бриз на Пограничной","Готель / Гостиниця","Україна","",""
"Дім паломника","Готель / Гостиниця","Україна","",""
"Kolmark Residence","Готель / Гостиниця","Україна","",""
"Apartement La Belle View","Готель / Гостиниця","Миндальное","",""
"Джелип, гостевой дом отдыха у моря","Готель / Гостиниця","Морское","",""
"База отдыха ""Гостевой дом""","Готель / Гостиниця","Україна","http://rest-koktebel.in.ua/","aua_crimea@mail.ru"
"Мостнафта","Готель / Гостиниця","Україна","",""
"Ас-Эль","Готель / Гостиниця","Україна","","bron@as-el.ru"
"Шале Коктебель.","Готель / Гостиниця","Україна","",""
"Villa Azov","Готель / Гостиниця","Україна","",""
"Біле Озеро","Готель / Гостиниця","Україна","",""
"Пілігрім 1","Готель / Гостиниця","Україна","",""
"Пілігрім 2","Готель / Гостиниця","Україна","",""
"Гостевой дом ""Ксения""","Готель / Гостиниця","Малореченское","",""
"Hostel G84","Готель / Гостиниця","Україна","",""
"Пансионат Орфей","Готель / Гостиниця","Україна","",""
"Лугове Beach","Готель / Гостиниця","Україна","",""
"Rhombus Hotel","Готель / Гостиниця","Україна","https://rhombus-hotel.com/","rhombushotel@gmail.com"
"Готель Околиця","Готель / Гостиниця","Україна","http://www.procev-restoran.com/hotel","procev-rest@ukr.net"
"Таврика","Готель / Гостиниця","Україна","",""
"U Bogdana","Готель / Гостиниця","Україна","",""
"Шаяниця","Готель / Гостиниця","Шаян","",""
"Готель ЄМЗ","Готель / Гостиниця","Україна","",""
"Motozona","Готель / Гостиниця","Україна","",""
"Орисин Явір","Готель / Гостиниця","Україна","",""
"Яблунева Хата","Готель / Гостиниця","Україна","","sirge.zhuk@gmail.com"
"Місце зустрічі","Готель / Гостиниця","Україна","",""
"Флорентина","Готель / Гостиниця","Україна","",""
"Лазурний берег","Готель / Гостиниця","Україна","https://restlib.com.ua/uk/shacki-ozera/prozhyvannya/pulemec/kompleks-dlya-vidpochynku/kompleks-dlya-vidpochynku-lazurnyy-bereg",""
"Пулемчанка","Готель / Гостиниця","Україна","https://restlib.com.ua/uk/shacki-ozera/prozhyvannya/s-pulemec/baza-vidpochynku/baza-vidpochynku-pulemchanka",""
"Drive Hils","Готель / Гостиниця","Україна","",""
"""Географія"" готель-ресторан","Готель / Гостиниця","Україна","https://hotel-geography.com","geohotelrivne@gmail.com"
"Velorient club","Готель / Гостиниця","Україна","",""
"На березі Черемошу","Готель / Гостиниця","Україна","",""
"ComfortHill","Готель / Гостиниця","Україна","",""
"9","Готель / Гостиниця","Україна","",""
"8","Готель / Гостиниця","Україна","",""
"7","Готель / Гостиниця","Україна","",""
"6","Готель / Гостиниця","Україна","",""
"5","Готель / Гостиниця","Україна","",""
"Розмарин","Готель / Гостиниця","Україна","","info@rosemarine.su"
"Садиба ""У Кума""","Готель / Гостиниця","Україна","",""
"Анжеліна","Готель / Гостиниця","Україна","",""
"Сталкер","Готель / Гостиниця","Україна","","stalker.hostel@gmail.com"
"Viktória Panzió","Готель / Гостиниця","Україна","",""
"Praktik","Готель / Гостиниця","Україна","",""
"Las Vegas","Готель / Гостиниця","Україна","",""
"Квасний потік - НЕ ДІЄ","Готель / Гостиниця","Україна","",""
"Golden Palace","Готель / Гостиниця","Дубове","",""
"Сільська садиба ""Дача""","Готель / Гостиниця","Україна","",""
"Хостел Вікторовича","Готель / Гостиниця","Україна","",""
"Затишний","Готель / Гостиниця","Україна","","hotel@zatyshny.com.ua"
"Приватна садиба ""Яблунева долина""","Готель / Гостиниця","Україна","",""
"Taurus City","Готель / Гостиниця","Україна","",""
"Двухэтажный коттедж","Готель / Гостиниця","Україна","","hytor.sokolinoe@yandex.ru"
"Шале семейный","Готель / Гостиниця","Україна","","hytor.sokolinoe@yandex.ru"
"Будинок Творчості вчених. (готель сауна, ресторан, зимовий сад)","Готель / Гостиниця","Україна","",""
"Geneva Park Hotel","Готель / Гостиниця","Україна","https://geneva-hotel.com.ua/",""
"Club City House Klumba","Готель / Гостиниця","Україна","",""
"Колобок","Готель / Гостиниця","Україна","",""
"Санаторий ""Киев""","Готель / Гостиниця","Україна","",""
"Вершина Карпат","Готель / Гостиниця","Україна","",""
"У Жені","Готель / Гостиниця","Україна","",""
"Садиба «КРОКУС»","Готель / Гостиниця","Україна","","krokus.house@gmail.com"
"Ясний","Готель / Гостиниця","Україна","",""
"Krucha","Готель / Гостиниця","Україна","",""
"Баварія","Готель / Гостиниця","Україна","",""
"Моттель ""Остріки""","Готель / Гостиниця","Україна","",""
"Панорама Маґура","Готель / Гостиниця","Україна","",""
"Медичний реабілітаційний центр «Кремінці»","Готель / Гостиниця","Україна","",""
"Дитячий спортивно-оздоровчий табір ""Петрос""","Готель / Гостиниця","Україна","",""
"Хатинка у Румуна","Готель / Гостиниця","Україна","",""
"Готель-курорт «Коруна»","Готель / Гостиниця","Україна","https://koruna.ua/","koruna.booking@gmail.com; hello@koruna.booking; hello@koruna.booking@gmail.com"
"ПАТ ""Прикарпаття обленерго""","Готель / Гостиниця","Україна","",""
"Grand Hotel Nariman","Готель / Гостиниця","Україна","",""
"Juniper House","Готель / Гостиниця","Гаспра","",""
"Bortnichi Village Family Hotel","Готель / Гостиниця","Україна","",""
"Любава","Готель / Гостиниця","Україна","",""
"Садиба ""Оріяна""","Готель / Гостиниця","Україна","",""
"Berloga","Готель / Гостиниця","Україна","",""
"Бутик-Отель Зеленый Театр","Готель / Гостиниця","Симферополь","",""
"Заріччя","Готель / Гостиниця","Україна","",""
"Орот","Готель / Гостиниця","Україна","",""
"«Дача на Малиновского»","Готель / Гостиниця","Україна","",""
"""Горького 34а""","Готель / Гостиниця","Україна","",""
"Приватний котедж ""Блакитні озера""","Готель / Гостиниця","Україна","","golubyeozera2020@gmail.com"
"Золота пiдкова","Готель / Гостиниця","Україна","",""
"Sava Dream","Готель / Гостиниця","Україна","",""
"Вилла Нобель","Готель / Гостиниця","Україна","",""
"Гостевой дом ""Чудная лаванда""","Готель / Гостиниця","Україна","",""
"Гніздечко Ластівки","Готель / Гостиниця","Україна","",""
"SargoRigo","Готель / Гостиниця","Україна","",""
"Влади","Готель / Гостиниця","Україна","",""
"Старий Тудорів","Готель / Гостиниця","Україна","",""
"Клен","Готель / Гостиниця","Україна","",""
"Нова Голландія","Готель / Гостиниця","Україна","",""
"Lambert","Готель / Гостиниця","Україна","",""
"Турул","Готель / Гостиниця","Україна","","hotelturul@ukr.net"
"Шеркерт","Готель / Гостиниця","Україна","",""
"Лінива Віра","Готель / Гостиниця","Україна","",""
"Садиба «Ніч в Карпатах»","Готель / Гостиниця","Україна","",""
"Csagari","Готель / Гостиниця","Україна","",""
"Gardenia","Готель / Гостиниця","Україна","",""
"Rodan","Готель / Гостиниця","Україна","",""
"ТК Зелена садиба","Готель / Гостиниця","Україна","https://zelenasadybakm.jimdofree.com/",""
"Готельно-ресторанний комплекс ""Шато""","Готель / Гостиниця","Україна","",""
"Закуток","Готель / Гостиниця","Україна","",""
"Lark hotel","Готель / Гостиниця","Україна","",""
"Баторі","Готель / Гостиниця","Україна","https://batorihotel.business.site/",""
"Хостел Байдары","Готель / Гостиниця","Павловка","",""
"Арта","Готель / Гостиниця","Україна","",""
"ДЗОВ ""Комунарець+""","Готель / Гостиниця","Україна","",""
"Чотири гори","Готель / Гостиниця","Україна","",""
"VVV","Готель / Гостиниця","Україна","",""
"11-я Миля","Готель / Гостиниця","Україна","",""
"Магнум","Готель / Гостиниця","Україна","https://magnum-hotel.com/",""
"Нон Стоп","Готель / Гостиниця","Україна","",""
"ГТК «Зелений гай» (головний корпус)","Готель / Гостиниця","Україна","","rosha.svyatogorsk@gmail.com"
"Потічок","Готель / Гостиниця","Україна","",""
"Грація","Готель / Гостиниця","Україна","",""
"Діл","Готель / Гостиниця","Україна","",""
"Котедж ""Кострича""","Готель / Гостиниця","Україна","",""
"Рибальський стан","Готель / Гостиниця","Україна","",""
"Чорна перлина","Готель / Гостиниця","Україна","",""
"Kostjukowski brand-new apart-hotel","Готель / Гостиниця","Україна","https://kostjukowski.com.ua/","apart@kostjukowski.com.ua"
"Садиба Мірада","Готель / Гостиниця","Україна","http://mirada.in.ua/",""
"Rest","Готель / Гостиниця","Україна","",""
"Квасничок","Готель / Гостиниця","Україна","",""
"Hostel+","Готель / Гостиниця","Україна","",""
"Садиба зеленого туризму Кіт Баюн та Кривенька Качечка","Готель / Гостиниця","Україна","",""
"Готельний комплекс ""Трапезна""","Готель / Гостиниця","Україна","",""
"Готель БІ","Готель / Гостиниця","Україна","",""
"Олеся","Готель / Гостиниця","Україна","",""
"улица Солнечная 27","Готель / Гостиниця","Україна","",""
"Розважальний центр Navy","Готель / Гостиниця","Україна","",""
"Amstel Ski","Готель / Гостиниця","Поляниця","","reception@amstelski.com"
"Beskyd Suites","Готель / Гостиниця","Поляниця","",""
"Гуцульська Гражда","Готель / Гостиниця","Виженка","",""
"Гірський Узвіз","Готель / Гостиниця","Україна","",""
"Оздоровчий центр ""Одиссей""","Готель / Гостиниця","Україна","",""
"Фердинанд","Готель / Гостиниця","Україна","",""
"Лісова далечінь","Готель / Гостиниця","Україна","",""
"Дубовий гай","Готель / Гостиниця","Україна","",""
"Georg Park","Готель / Гостиниця","Україна","",""
"Газовик,база відпочинку","Готель / Гостиниця","Україна","",""
"Готельно-ресторанний комплекс ""Дача""","Готель / Гостиниця","Україна","",""
"Терношорська Лада","Готель / Гостиниця","Україна","",""
"У Ірини","Готель / Гостиниця","Україна","",""
"P.O.S.T","Готель / Гостиниця","Україна","",""
"Вилла Гармония","Готель / Гостиниця","Україна","",""
"River House","Готель / Гостиниця","Україна","https://website--1191876735131025154233-hotel.business.site/#details",""
"Автопан","Готель / Гостиниця","Україна","",""
"Мамина Хата","Готель / Гостиниця","Україна","",""
"Готель-ресторан Каштан","Готель / Гостиниця","Україна","",""
"Заслав","Готель / Гостиниця","Україна","",""
"Ліс на Самарі","Готель / Гостиниця","Україна","",""
"KASKAD Hotel & Restaurant","Готель / Гостиниця","Україна","https://kaskad-hotel.com/","kaskad.hotel.kh@gmail.com"
"Ріверсайд","Готель / Гостиниця","Україна","",""
"Наша Оселя","Готель / Гостиниця","Україна","",""
"Берег Маклая","Готель / Гостиниця","Україна","",""
"Райский Дворик","Готель / Гостиниця","Україна","",""
"Добробут","Готель / Гостиниця","Україна","",""
"Туристичний комплекс Каріна","Готель / Гостиниця","Україна","",""
"Байк паб","Готель / Гостиниця","Україна","",""
"Field House","Готель / Гостиниця","Україна","",""
"ДАН","Готель / Гостиниця","Україна","",""
"MIGALI","Готель / Гостиниця","Україна","",""
"Яремина Хата","Готель / Гостиниця","Україна","",""
"Юліана","Готель / Гостиниця","Україна","https://yuliana-hotel.com/",""
"12 месяцев","Готель / Гостиниця","Україна","",""
"Еліт","Готель / Гостиниця","Україна","",""
"1Amigmen","Готель / Гостиниця","Україна","",""
"Чарівна","Готель / Гостиниця","Україна","",""
"Барський маєток","Готель / Гостиниця","Великі Лази","",""
"Атрий","Готель / Гостиниця","Україна","",""
"Георгій","Готель / Гостиниця","Україна","",""
"Ванда","Готель / Гостиниця","Україна","",""
"Parasol","Готель / Гостиниця","Україна","",""
"Готель паломників при Свято-Троїцькому жіночому монастирі","Готель / Гостиниця","Україна","",""
"Apartments Alexandrina","Готель / Гостиниця","Україна","",""
"Готель ""Удеч""","Готель / Гостиниця","Україна","",""
"Гостевой Дом ""Лесной""","Готель / Гостиниця","Україна","",""
"Вежа Петрівська","Готель / Гостиниця","Україна","",""
"Бакота Хаб","Готель / Гостиниця","Україна","",""
"Сімейний котедж","Готель / Гостиниця","Україна","",""
"Эфенди","Готель / Гостиниця","Україна","","mangup1@mail.ru"
"Stella","Готель / Гостиниця","Україна","",""
"White House","Готель / Гостиниця","Україна","",""
"Гостевой дом «Вилла Бланка»","Готель / Гостиниця","Широкое","",""
"Байдарское поместье","Готель / Гостиниця","Україна","",""
"Мотель ""Бункер""","Готель / Гостиниця","Україна","",""
"ДОТ ім. Володі Дубініна","Готель / Гостиниця","Україна","",""
"Гостьовій Дім ""Зупинись""","Готель / Гостиниця","Україна","","schigrin@meta.ua"
"Villa Mari","Готель / Гостиниця","Україна","",""
"Кузня","Готель / Гостиниця","Україна","",""
"Grand-Hotel","Готель / Гостиниця","Україна","https://grand-hotel.in.ua",""
"Царю Давиду","Готель / Гостиниця","Україна","",""
"FreeDom","Готель / Гостиниця","Україна","",""
"MeduZa","Готель / Гостиниця","Україна","",""
"Панамера","Готель / Гостиниця","Україна","",""
"Сандалай","Готель / Гостиниця","Україна","",""
"Запорізька Січ","Готель / Гостиниця","Поляниця","","zaporizkasich@ukr.net"
"Вілла Аль Маре","Готель / Гостиниця","Україна","",""
"Welcome to Paradise","Готель / Гостиниця","Україна","",""
"Лелека на даху","Готель / Гостиниця","Україна","",""
"Анжелика","Готель / Гостиниця","Україна","",""
"Іллара","Готель / Гостиниця","Україна","",""
"Зелена садиба ""Жива вода""","Готель / Гостиниця","Україна","",""
"Dream Forest","Готель / Гостиниця","Україна","",""
"Еко-садиба ""Каскад""","Готель / Гостиниця","Україна","",""
"Золота Нива санаторій","Готель / Гостиниця","Україна","https://zniva.com/ua",""
"Дім Федорових","Готель / Гостиниця","Україна","",""
"Пансіонат ""Чародійка""","Готель / Гостиниця","Україна","",""
"Пансіонат ""Калина""","Готель / Гостиниця","Україна","https://kalina-hotel.com.ua/",""
"Чотири стихії","Готель / Гостиниця","Україна","",""
"Садиба у Брусків","Готель / Гостиниця","Україна","",""
"Фріч","Готель / Гостиниця","Україна","",""
"BOBROvski","Готель / Гостиниця","Україна","",""
"Будинок рибалки","Готель / Гостиниця","Україна","",""
"Борисфен","Готель / Гостиниця","Україна","",""
"Apartel Shayan","Готель / Гостиниця","Шаян","https://apartel-resorts.com/shayan","apartel.shayan@gmail.com; eventshayan@gmail.com"
"Садиба у Марічки","Готель / Гостиниця","Україна","",""
"Гостьовий дім ""ТЕПЛИЦЯ""","Готель / Гостиниця","Україна","",""
"White Hills","Готель / Гостиниця","Україна","https://whitehills-hotel.com/","whitehills.hotelinfo@gmail.com; info@whitehills-hotel.com"
"Баймонт","Готель / Гостиниця","Україна","https://beaumont.com.ua/spa/","beaumontukraine@gmail.com"
"ZetPark","Готель / Гостиниця","Україна","",""
"Усадьба Эллада","Готель / Гостиниця","Україна","","vova2610ivanyk@gmail.com"
"Сокол","Готель / Гостиниця","Україна","",""
"Viking","Готель / Гостиниця","Україна","",""
"Донузлав","Готель / Гостиниця","Україна","https://donuzlav-hotel.com/","pai.elena@mail.ru"
"Легенда Крыма","Готель / Гостиниця","Україна","",""
"Фобос 1877","Готель / Гостиниця","Україна","",""
"Forrest Park","Готель / Гостиниця","Україна","",""
"Ксеня","Готель / Гостиниця","Україна","",""
"Паланок","Готель / Гостиниця","Україна","",""
"Веселая Роща","Готель / Гостиниця","Україна","",""
"Верона","Готель / Гостиниця","Симферополь","",""
"Вилла-бора","Готель / Гостиниця","Україна","","sashaforu@rambler.ru"
"Меланія","Готель / Гостиниця","Україна","",""
"Вежа","Готель / Гостиниця","Україна","",""
"Маринер","Готель / Гостиниця","Україна","",""
"VigVam","Готель / Гостиниця","Україна","http://hotelvigvam.com.ua/","hotelvigvam@gmail.com"
"Ribas Rooms Lutsk","Готель / Гостиниця","Україна","https://ribashotelsgroup.ua/projects/ribas-rooms-lutsk/","hello@ribashotels.com"
"Куб","Готель / Гостиниця","Україна","",""
"VitaPark Старий Дуб","Готель / Гостиниця","Україна","",""
"Сэр","Готель / Гостиниця","Україна","",""
"Готель Шевченківський Хутір","Готель / Гостиниця","Україна","",""
"Гостинний маєток","Готель / Гостиниця","Україна","",""
"Baza Smart Hotel","Готель / Гостиниця","Поляниця","https://bazahotel.com/","bazasmarthotel@gmail.com"
"Дубровка","Готель / Гостиниця","Україна","",""
"Loft","Готель / Гостиниця","Поляниця","https://lofthotel.ua/",""
"Шале Грааль","Готель / Гостиниця","Україна","",""
"Эко Дом Варна","Готель / Гостиниця","Резервное","","varna.valley@gmail.com"
"П'ятий Океан","Готель / Гостиниця","Україна","https://hotel-5ocean.com/",""
"Club pH","Готель / Гостиниця","Україна","","office@clubph.com"
"Raymond","Готель / Гостиниця","Україна","",""
"Юзя","Готель / Гостиниця","Україна","",""
"Вікторина","Готель / Гостиниця","Україна","https://restlib.com.ua/uk/shacki-ozera/prozhyvannya/s-svityaz/pryvatnyy-sektor/pryvatnyy-sektor-viktoryna",""
"Dubai elit house","Готель / Гостиниця","Україна","https://restlib.com.ua/uk/shacki-ozera/prozhyvannya/krymne/kotedzh/kotedzh-dubai-elit-house",""
"База о. Святе","Готель / Гостиниця","Україна","https://restlib.com.ua/uk/shacki-ozera/prozhyvannya/s-chevel/baza-vidpochynku/baza-vidpochynku-ozero-svyate",""
"Тиха пристань","Готель / Гостиниця","Україна","https://restlib.com.ua/uk/shacki-ozera/prozhyvannya/s-pulemec/kotedzh/kotedzh-tyha-prystan",""
"Ашрам","Готель / Гостиниця","Україна","",""
"TERRASA","Готель / Гостиниця","Україна","",""
"SzaboFFcsik","Готель / Гостиниця","Україна","",""
"Старий Люботин","Готель / Гостиниця","Україна","http://vitesse-auto.com/motel",""
"Хвоя","Готель / Гостиниця","Україна","",""
"Можжевеловый ГородОк","Готель / Гостиниця","Україна","",""
"Terrasa House","Готель / Гостиниця","Україна","",""
"Готель ""Центральний""","Готель / Гостиниця","Україна","",""
"Фіалка","Готель / Гостиниця","Україна","",""
"Mirotel Resort & Spa","Готель / Гостиниця","Україна","https://mirotel.ua/","info@mirotel.org"
"Вілла «Моцарт»","Готель / Гостиниця","Україна","",""
"Сані","Готель / Гостиниця","Україна","",""
"Saltzbork","Готель / Гостиниця","Україна","",""
"Drin-lux","Готель / Гостиниця","Україна","",""
"Лебенсхаус","Готель / Гостиниця","Україна","",""
"Ягуся","Готель / Гостиниця","Україна","",""
"Refael","Готель / Гостиниця","Україна","",""
"Voronins House","Готель / Гостиниця","Україна","",""
"Двір княжої корони","Готель / Гостиниця","Україна","https://dvirkk.com.ua",""
"Трускавець 365","Готель / Гостиниця","Україна","https://tur365.com.ua/hotels/sanatorno-turistichnij-kompleks-truskavets-365/","hotelridomar365@gmail.com; truskavets365@gmail.com; vorohta5@gmail.com; cherkasy365@gmail.com; hotelkiev365@gmail.com; zakarpattia365@gmail.com"
"Green Park Hotel & Spa","Готель / Гостиниця","Україна","https://www.greenparkhotelandspa.com.ua/","info@greenparkhotelandspa.com.ua"
"Вілла Embrace","Готель / Гостиниця","Україна","https://villaembrace.com.ua/",""
"Villa Kristina","Готель / Гостиниця","Україна","https://villa-kristina.com.ua/","kristina@mirotel.ua"
"Вілла Марта","Готель / Гостиниця","Україна","https://villamarta.com.ua/","agency_trk@ukr.net"
"Хеллі","Готель / Гостиниця","Україна","",""
"Вілла Надія","Готель / Гостиниця","Україна","",""
"Маріот Медікал Центр","Готель / Гостиниця","Україна","",""
"Mardan Palace SPA Resort","Готель / Гостиниця","Україна","https://book-380962754020.otelms.com/","pitiku1496@gmail.com"
"Marion SPA","Готель / Гостиниця","Україна","",""
"Amarena","Готель / Гостиниця","Україна","",""
"Gold Palace","Готель / Гостиниця","Україна","","gold.palace.bukovel@gmail.com"
"Mountain Krystal","Готель / Гостиниця","Україна","https://hotel-kristal.com.ua/","hotel.mountain.crystal@gmail.com"
"Alpin Hotel","Готель / Гостиниця","Україна","",""
"Садиба Предків","Готель / Гостиниця","Україна","http://predkom.com.ua",""
"Bebe Chalet","Готель / Гостиниця","Україна","",""
"Chalet Du Mont","Готель / Гостиниця","Україна","https://chaletdumont.com/",""
"La Krechunu","Готель / Гостиниця","Україна","",""
"HAY boutique hotel","Готель / Гостиниця","Україна","https://hayhotel.com.ua/","reservations@hayhotel.com.ua; sales@hayhotel.com.ua; spa@hayhotel.com.ua; seeyou@hayhotel.com.ua"
"Готель Хвоя","Готель / Гостиниця","Україна","",""
"Mountain residence. Блок B","Готель / Гостиниця","Україна","","reservations@mountain-residence.com"
"Mountain Residence. Блок A","Готель / Гостиниця","Україна","",""
"Срібні Терми","Готель / Гостиниця","Україна","",""
"Повелко","Готель / Гостиниця","Україна","",""
"Міні готель У Йосипа","Готель / Гостиниця","Україна","",""
"Аквамарин Hotel","Готель / Гостиниця","Україна","",""
"Богдан","Готель / Гостиниця","Україна","https://www.bogdanhotel.com/","morshynhotel@gmail.com"
"Святий Шарбель","Готель / Гостиниця","Україна","","info@st-charbel.com.ua"
"Форест","Готель / Гостиниця","Україна","","info@foresthotel.com.ua"
"Говардхан","Готель / Гостиниця","Україна","https://govardhanhotel.com/","108soloway@gmail.com"
"Сині потоки","Готель / Гостиниця","Неліпино","","info@synipotoky.in.ua"
"Рыбацкий причал","Готель / Гостиниця","Заозёрное","",""
"Шаяночка","Готель / Гостиниця","Шаян","",""
"Кривое озеро","Готель / Гостиниця","Україна","",""
"Рікка Хуст","Готель / Гостиниця","Україна","https://rikka.apartel.ua/spa",""
"Мелеганич","Готель / Гостиниця","Україна","",""
"Перлина Закарпаття","Готель / Гостиниця","Україна","",""
"Готель-Ресторан ""Карпатська Ружа""","Готель / Гостиниця","Україна","https://play-karpaty.com/hotels/hotel-karapatska-rusha/","karpaty.play@gmail.com"
"Мисливська Вежа","Готель / Гостиниця","Україна","",""
"Villa Al Marine","Готель / Гостиниця","Україна","https://villa-almarine.com/",""
"Сонячний Прованс","Готель / Гостиниця","Україна","",""
"Резиденція Горицвіт","Готель / Гостиниця","Україна","",""
"Toscana Hotel","Готель / Гостиниця","Україна","",""
"Лас-Вегас","Готель / Гостиниця","Україна","",""
"Хамелеон","Готель / Гостиниця","Україна","",""
"Бай-дере","Готель / Гостиниця","Подгорное","",""
"Gray Hotel","Готель / Гостиниця","Україна","",""
"Колиба Опришків","Готель / Гостиниця","Нижнє Селище","","scorpion-hotel@ukr.net"
"Шваґри","Готель / Гостиниця","Україна","",""
"База НВЦ «Гайдамацька Січ»","Готель / Гостиниця","Україна","",""
"Квінс","Готель / Гостиниця","Україна","","queensifua@gmail.com"
"Belcanto","Готель / Гостиниця","Україна","",""
"Mon Ami Hotel","Готель / Гостиниця","Україна","",""
"Westhills Cottage Town","Готель / Гостиниця","Україна","",""
"Yozefstal","Готель / Гостиниця","Мислівка","",""
"Копанські Джерела","Готель / Гостиниця","Україна","",""
"Шервуд Stream","Готель / Гостиниця","Україна","",""
"Готель Автотема","Готель / Гостиниця","Україна","",""
"Зелена садиба ""У Антоніни""","Готель / Гостиниця","Україна","",""
"Зелена садиба Еліси Тимофіївни","Готель / Гостиниця","Україна","",""
"Зелена садиба Бернадіна","Готель / Гостиниця","Україна","",""
"MONBLAN","Готель / Гостиниця","Україна","",""
"Зелена садиба ""Очеретяний кіт""","Готель / Гостиниця","Україна","",""
"Міні-готель ""Як-Дональдс & Co""","Готель / Гостиниця","Україна","",""
"Гостинна садиба «Подільська батьківщина»","Готель / Гостиниця","Україна","",""
"Chalet Carpat Dream","Готель / Гостиниця","Україна","",""
"Senator Apartments City Center","Готель / Гостиниця","Україна","",""
"Forest House Rakovetz","Готель / Гостиниця","Україна","https://www.forest-house-rakovetz.com.ua/",""
"Відпочинок у Карпатах, мінеральні ванни, банний Чан!","Готель / Гостиниця","Україна","",""
"Черсак","Готель / Гостиниця","Україна","",""
"Гуцул хаус","Готель / Гостиниця","Україна","",""
"Грабовець","Готель / Гостиниця","Україна","",""
"HAPPY HAUSE","Готель / Гостиниця","Україна","",""
"Золотий лимон","Готель / Гостиниця","Україна","",""
"Аметист","Готель / Гостиниця","Україна","",""
"7 Ветров","Готель / Гостиниця","Україна","",""
"Сонцедар","Готель / Гостиниця","Україна","",""
"Dogoda","Готель / Гостиниця","Україна","",""
"Парк Готель «Скіфія»","Готель / Гостиниця","Україна","https://skif.kr.ua/","hotelskifia@gmail.com"
"Парковий","Готель / Гостиниця","Україна","",""
"Cherot","Готель / Гостиниця","Україна","",""
"У Валентини","Готель / Гостиниця","Україна","",""
"Вілла «Лісова пісня»","Готель / Гостиниця","Україна","","forest-song@i.ua"
"DobreDe2","Готель / Гостиниця","Україна","",""
"DobreDe1","Готель / Гостиниця","Україна","",""
"У Хацюків","Готель / Гостиниця","Україна","",""
"SunCity Apartments","Готель / Гостиниця","Україна","",""
"Blue House","Готель / Гостиниця","Україна","",""
"Мотель ""Ланівці""","Готель / Гостиниця","Україна","",""
"У Батька","Готель / Гостиниця","Україна","","u-batka@mail.ru"
"Сенатор","Готель / Гостиниця","Україна","",""
"Хижина СПА","Готель / Гостиниця","Україна","https://www.higinaspa.com.ua/","mail@higinaspa.com.ua"
"Готель-Ресторан Шале","Готель / Гостиниця","Україна","",""
"Villa Lukash","Готель / Гостиниця","Україна","",""
"Вілла «У Зубрицьких»","Готель / Гостиниця","Україна","",""
"Маргарита","Готель / Гостиниця","Україна","",""
"Вілла «Ярина»","Готель / Гостиниця","Україна","",""
"Міні-готель Вишиванка","Готель / Гостиниця","Україна","https://chernihivregion.travel/places/mini-gotel-visivanka","tic.chernihivregion@gmail.com; dkult_post@cg.gov.ua; omc.cultyra@gmail.com"
"Еко-садиба На селі у Дідуся","Готель / Гостиниця","Україна","https://ecousadba.in.ua/lavka/",""
"Еко-садиба Лісова казка","Готель / Гостиниця","Україна","https://ua.igotoworld.com/ua/poi_object/415126_eko-usadba-lesnaja-skazka-oleshnja.htm#/google_vignette","ipa.develop.team@gmail.com; info@igotoworld.com"
"Гераклея","Готель / Гостиниця","Україна","",""
"Камелія","Готель / Гостиниця","Україна","","villa.kameliya@mail.ru"
"Дім мандрівника","Готель / Гостиниця","Україна","",""
"Вілла «Софія»","Готель / Гостиниця","Україна","",""
"Chevalier Panorama","Готель / Гостиниця","Україна","",""
"Гринстоун","Готель / Гостиниця","Україна","","info@greenstone.com.ua"
"База відпочинку ""Новоніколаївськ""","Готель / Гостиниця","Україна","",""
"Morva","Готель / Гостиниця","Україна","",""
"Voron Wood","Готель / Гостиниця","Україна","",""
"Wood Hotel Resort & Spa","Готель / Гостиниця","Україна","https://wood-hotel.com.ua/","reception@wood-hotel.com.ua"
"Християнська база відпочинку ""Територія змін""","Готель / Гостиниця","Скригалівка","",""
"Glacier Premium Apartments","Готель / Гостиниця","Україна","https://glacierhotel.com.ua/",""
"Mountain residence. Блок C","Готель / Гостиниця","Україна","",""
"Garden Hotel","Готель / Гостиниця","Україна","",""
"Готель Otelnov","Готель / Гостиниця","Україна","https://otelnov.com.ua/","novotel.poltava@gmail.com"
"Стольний","Готель / Гостиниця","Україна","",""
"West Fort","Готель / Гостиниця","Україна","",""
"Girski Delux","Готель / Гостиниця","Україна","",""
"Готельно-ресторанний комплекс Пікуй","Готель / Гостиниця","Україна","https://pikuy.com.ua/",""
"Пігорецький маєток","Готель / Гостиниця","Україна","","pidgoretskyyhotel@gmail.com"
"Сервісний центр","Готель / Гостиниця","Україна","",""
"Forward","Готель / Гостиниця","Україна","",""
"Старий Косів ресторан готель","Готель / Гостиниця","Україна","https://staruykosiv.in.ua/",""
"База відпочинку «Карпати»","Готель / Гостиниця","Україна","",""
"VK-Grand","Готель / Гостиниця","Україна","",""
"#70","Готель / Гостиниця","Україна","",""
"#29","Готель / Гостиниця","Україна","",""
"#28","Готель / Гостиниця","Україна","",""
"#27","Готель / Гостиниця","Україна","",""
"Готель-ресторан ""Млин""","Готель / Гостиниця","Україна","",""
"Rest houses FORUMS","Готель / Гостиниця","Україна","",""
"Висока Брама","Готель / Гостиниця","Україна","",""
"Найхолодніший номер","Готель / Гостиниця","Україна","",""
"Морская2","Готель / Гостиниця","Україна","","villa.olenevka@gmail.com"
"Туристичний комплекс Мрія","Готель / Гостиниця","Україна","",""
"Мочари","Готель / Гостиниця","Україна","",""
"Светлана, гостевой дом","Готель / Гостиниця","Курортное","",""
"Стоун Парк","Готель / Гостиниця","Україна","",""
"Турецький","Готель / Гостиниця","Україна","",""
"Зарянка","Готель / Гостиниця","Україна","",""
"Грифон","Готель / Гостиниця","Україна","",""
"Резиденция","Готель / Гостиниця","Лучистое","",""
"Guk","Готель / Гостиниця","Україна","",""
"Whiteberry Studio","Готель / Гостиниця","Поляниця","",""
"Шале Green Land","Готель / Гостиниця","Україна","",""
"Didukh eco-hotel and spa","Готель / Гостиниця","Україна","",""
"Lucy","Готель / Гостиниця","Україна","",""
"Конопка","Готель / Гостиниця","Україна","",""
"Хата біля річки","Готель / Гостиниця","Україна","",""
"Синя мальва","Готель / Гостиниця","Україна","",""
"Садиба Андромеда","Готель / Гостиниця","Україна","",""
"Купалінка, будинок відпочинку","Готель / Гостиниця","Україна","",""
"Парус, гостінний будинок","Готель / Гостиниця","Україна","",""
"18","Готель / Гостиниця","Україна","",""
"19","Готель / Гостиниця","Україна","",""
"У Олександри, міні база","Готель / Гостиниця","Україна","",""
"Manoir blanchе, будинок відпочинку","Готель / Гостиниця","Україна","",""
"Море Надії, гостьовий дім","Готель / Гостиниця","Україна","",""
"Kovcheg, готель","Готель / Гостиниця","Україна","http://kovcheg-leonidovo.com.ua/","gribovka.kovcheg@gmail.com"
"Жорж","Готель / Гостиниця","Україна","http://www.georgehotel.com.ua/index.htm",""
"Соната, готель","Готель / Гостиниця","Україна","http://xn--80aa1bdoj.in.ua/","sonata3084@gmail.com"